  0
SECTION
  2
HEADER
  9
$ACADVER
  1
AC1027
  9
$ACADMAINTVER
 70
105
  9
$DWGCODEPAGE
  3
ANSI_1252
  9
$LASTSAVEDBY
  1
majed
  9
$REQUIREDVERSIONS
160
0
  9
$INSBASE
 10
0.0
 20
0.0
 30
0.0
  9
$EXTMIN
 10
6731.140346500258
 20
1523.951293113089
 30
-4053.329060798265
  9
$EXTMAX
 10
7543.247028063726
 20
2334.500830502301
 30
-953.0608769062266
  9
$LIMMIN
 10
0.0
 20
0.0
  9
$LIMMAX
 10
12.0
 20
9.0
  9
$ORTHOMODE
 70
1
  9
$REGENMODE
 70
1
  9
$FILLMODE
 70
1
  9
$QTEXTMODE
 70
0
  9
$MIRRTEXT
 70
0
  9
$LTSCALE
 40
1.0
  9
$ATTMODE
 70
1
  9
$TEXTSIZE
 40
2.5
  9
$TRACEWID
 40
1.0
  9
$TEXTSTYLE
  7
Standard
  9
$CLAYER
  8
0
  9
$CELTYPE
  6
ByLayer
  9
$CECOLOR
 62
256
  9
$CELTSCALE
 40
1.0
  9
$DISPSILH
 70
0
  9
$DIMSCALE
 40
1.0
  9
$DIMASZ
 40
2.5
  9
$DIMEXO
 40
0.625
  9
$DIMDLI
 40
3.75
  9
$DIMRND
 40
0.0
  9
$DIMDLE
 40
0.0
  9
$DIMEXE
 40
1.25
  9
$DIMTP
 40
0.0
  9
$DIMTM
 40
0.0
  9
$DIMTXT
 40
2.5
  9
$DIMCEN
 40
2.5
  9
$DIMTSZ
 40
0.0
  9
$DIMTOL
 70
0
  9
$DIMLIM
 70
0
  9
$DIMTIH
 70
0
  9
$DIMTOH
 70
0
  9
$DIMSE1
 70
0
  9
$DIMSE2
 70
0
  9
$DIMTAD
 70
1
  9
$DIMZIN
 70
8
  9
$DIMBLK
  1

  9
$DIMASO
 70
1
  9
$DIMSHO
 70
1
  9
$DIMPOST
  1

  9
$DIMAPOST
  1

  9
$DIMALT
 70
0
  9
$DIMALTD
 70
3
  9
$DIMALTF
 40
0.03937007874016
  9
$DIMLFAC
 40
1.0
  9
$DIMTOFL
 70
1
  9
$DIMTVP
 40
0.0
  9
$DIMTIX
 70
0
  9
$DIMSOXD
 70
0
  9
$DIMSAH
 70
0
  9
$DIMBLK1
  1

  9
$DIMBLK2
  1

  9
$DIMSTYLE
  2
ISO-25
  9
$DIMCLRD
 70
0
  9
$DIMCLRE
 70
0
  9
$DIMCLRT
 70
0
  9
$DIMTFAC
 40
1.0
  9
$DIMGAP
 40
0.625
  9
$DIMJUST
 70
0
  9
$DIMSD1
 70
0
  9
$DIMSD2
 70
0
  9
$DIMTOLJ
 70
0
  9
$DIMTZIN
 70
8
  9
$DIMALTZ
 70
0
  9
$DIMALTTZ
 70
0
  9
$DIMUPT
 70
0
  9
$DIMDEC
 70
2
  9
$DIMTDEC
 70
2
  9
$DIMALTU
 70
2
  9
$DIMALTTD
 70
3
  9
$DIMTXSTY
  7
Standard
  9
$DIMAUNIT
 70
0
  9
$DIMADEC
 70
0
  9
$DIMALTRND
 40
0.0
  9
$DIMAZIN
 70
0
  9
$DIMDSEP
 70
44
  9
$DIMATFIT
 70
3
  9
$DIMFRAC
 70
0
  9
$DIMLDRBLK
  1

  9
$DIMLUNIT
 70
2
  9
$DIMLWD
 70
-2
  9
$DIMLWE
 70
-2
  9
$DIMTMOVE
 70
0
  9
$DIMFXL
 40
1.0
  9
$DIMFXLON
 70
0
  9
$DIMJOGANG
 40
0.7853981633974483
  9
$DIMTFILL
 70
0
  9
$DIMTFILLCLR
 70
0
  9
$DIMARCSYM
 70
0
  9
$DIMLTYPE
  6

  9
$DIMLTEX1
  6

  9
$DIMLTEX2
  6

  9
$DIMTXTDIRECTION
 70
0
  9
$LUNITS
 70
2
  9
$LUPREC
 70
4
  9
$SKETCHINC
 40
1.0
  9
$FILLETRAD
 40
0.0
  9
$AUNITS
 70
0
  9
$AUPREC
 70
0
  9
$MENU
  1
.
  9
$ELEVATION
 40
0.0
  9
$PELEVATION
 40
0.0
  9
$THICKNESS
 40
0.0
  9
$LIMCHECK
 70
0
  9
$CHAMFERA
 40
0.0
  9
$CHAMFERB
 40
0.0
  9
$CHAMFERC
 40
0.0
  9
$CHAMFERD
 40
0.0
  9
$SKPOLY
 70
0
  9
$TDCREATE
 40
2461321.71724537
  9
$TDUCREATE
 40
2460895.477777778
  9
$TDUPDATE
 40
2461321.71724537
  9
$TDUUPDATE
 40
2461321.684513889
  9
$TDINDWG
 40
1.8384606481
  9
$TDUSRTIMER
 40
1.8384606481
  9
$USRTIMER
 70
1
  9
$ANGBASE
 50
0.0
  9
$ANGDIR
 70
0
  9
$PDMODE
 70
0
  9
$PDSIZE
 40
0.0
  9
$PLINEWID
 40
0.0
  9
$SPLFRAME
 70
0
  9
$SPLINETYPE
 70
6
  9
$SPLINESEGS
 70
8
  9
$HANDSEED
  5
17A3
  9
$SURFTAB1
 70
6
  9
$SURFTAB2
 70
6
  9
$SURFTYPE
 70
6
  9
$SURFU
 70
6
  9
$SURFV
 70
6
  9
$UCSBASE
  2

  9
$UCSNAME
  2

  9
$UCSORG
 10
0.0
 20
0.0
 30
0.0
  9
$UCSXDIR
 10
1.0
 20
0.0
 30
0.0
  9
$UCSYDIR
 10
0.0
 20
0.0
 30
1.0
  9
$UCSORTHOREF
  2

  9
$UCSORTHOVIEW
 70
0
  9
$UCSORGTOP
 10
0.0
 20
0.0
 30
0.0
  9
$UCSORGBOTTOM
 10
0.0
 20
0.0
 30
0.0
  9
$UCSORGLEFT
 10
0.0
 20
0.0
 30
0.0
  9
$UCSORGRIGHT
 10
0.0
 20
0.0
 30
0.0
  9
$UCSORGFRONT
 10
0.0
 20
0.0
 30
0.0
  9
$UCSORGBACK
 10
0.0
 20
0.0
 30
0.0
  9
$PUCSBASE
  2

  9
$PUCSNAME
  2

  9
$PUCSORG
 10
0.0
 20
0.0
 30
0.0
  9
$PUCSXDIR
 10
1.0
 20
0.0
 30
0.0
  9
$PUCSYDIR
 10
0.0
 20
1.0
 30
0.0
  9
$PUCSORTHOREF
  2

  9
$PUCSORTHOVIEW
 70
0
  9
$PUCSORGTOP
 10
0.0
 20
0.0
 30
0.0
  9
$PUCSORGBOTTOM
 10
0.0
 20
0.0
 30
0.0
  9
$PUCSORGLEFT
 10
0.0
 20
0.0
 30
0.0
  9
$PUCSORGRIGHT
 10
0.0
 20
0.0
 30
0.0
  9
$PUCSORGFRONT
 10
0.0
 20
0.0
 30
0.0
  9
$PUCSORGBACK
 10
0.0
 20
0.0
 30
0.0
  9
$USERI1
 70
0
  9
$USERI2
 70
0
  9
$USERI3
 70
0
  9
$USERI4
 70
0
  9
$USERI5
 70
0
  9
$USERR1
 40
0.0
  9
$USERR2
 40
0.0
  9
$USERR3
 40
0.0
  9
$USERR4
 40
0.0
  9
$USERR5
 40
0.0
  9
$WORLDVIEW
 70
1
  9
$SHADEDGE
 70
3
  9
$SHADEDIF
 70
70
  9
$TILEMODE
 70
1
  9
$MAXACTVP
 70
64
  9
$PINSBASE
 10
0.0
 20
0.0
 30
0.0
  9
$PLIMCHECK
 70
0
  9
$PEXTMIN
 10
0.0
 20
0.0
 30
0.0
  9
$PEXTMAX
 10
0.0
 20
0.0
 30
0.0
  9
$PLIMMIN
 10
0.0
 20
0.0
  9
$PLIMMAX
 10
12.0
 20
9.0
  9
$UNITMODE
 70
0
  9
$VISRETAIN
 70
1
  9
$PLINEGEN
 70
0
  9
$PSLTSCALE
 70
1
  9
$TREEDEPTH
 70
3020
  9
$CMLSTYLE
  2
Standard
  9
$CMLJUST
 70
0
  9
$CMLSCALE
 40
20.0
  9
$PROXYGRAPHICS
 70
1
  9
$MEASUREMENT
 70
1
  9
$CELWEIGHT
370
-1
  9
$ENDCAPS
280
0
  9
$JOINSTYLE
280
0
  9
$LWDISPLAY
290
0
  9
$INSUNITS
 70
4
  9
$HYPERLINKBASE
  1

  9
$STYLESHEET
  1

  9
$XEDIT
290
1
  9
$CEPSNTYPE
380
0
  9
$PSTYLEMODE
290
1
  9
$FINGERPRINTGUID
  2
{503D184C-9912-9745-811A-AC16269936B6}
  9
$VERSIONGUID
  2
{240060DE-1863-4709-8D97-5AD69DC7DE4B}
  9
$EXTNAMES
290
1
  9
$PSVPSCALE
 40
0.0
  9
$OLESTARTUP
290
0
  9
$SORTENTS
280
127
  9
$INDEXCTL
280
0
  9
$HIDETEXT
280
1
  9
$XCLIPFRAME
280
2
  9
$HALOGAP
280
0
  9
$OBSCOLOR
 70
257
  9
$OBSLTYPE
280
0
  9
$INTERSECTIONDISPLAY
280
0
  9
$INTERSECTIONCOLOR
 70
257
  9
$DIMASSOC
280
2
  9
$PROJECTNAME
  1

  9
$CAMERADISPLAY
290
0
  9
$LENSLENGTH
 40
50.0
  9
$CAMERAHEIGHT
 40
0.0
  9
$STEPSPERSEC
 40
2.0
  9
$STEPSIZE
 40
6.0
  9
$3DDWFPREC
 40
2.0
  9
$PSOLWIDTH
 40
5.0
  9
$PSOLHEIGHT
 40
80.0
  9
$LOFTANG1
 40
1.570796326794896
  9
$LOFTANG2
 40
1.570796326794896
  9
$LOFTMAG1
 40
0.0
  9
$LOFTMAG2
 40
0.0
  9
$LOFTPARAM
 70
7
  9
$LOFTNORMALS
280
1
  9
$LATITUDE
 40
37.795
  9
$LONGITUDE
 40
-122.394
  9
$NORTHDIRECTION
 40
0.0
  9
$TIMEZONE
 70
-8000
  9
$LIGHTGLYPHDISPLAY
280
1
  9
$TILEMODELIGHTSYNCH
280
1
  9
$CMATERIAL
347
EC
  9
$SOLIDHIST
280
0
  9
$SHOWHIST
280
1
  9
$DWFFRAME
280
2
  9
$DGNFRAME
280
0
  9
$REALWORLDSCALE
290
1
  9
$INTERFERECOLOR
 62
1
  9
$INTERFEREOBJVS
345
F9
  9
$INTERFEREVPVS
346
F6
  9
$CSHADOW
280
0
  9
$SHADOWPLANELOCATION
 40
0.0
  0
ENDSEC
  0
SECTION
  2
CLASSES
  0
CLASS
  1
ACDBDICTIONARYWDFLT
  2
AcDbDictionaryWithDefault
  3
ObjectDBX Classes
 90
0
 91
1
280
0
281
0
  0
CLASS
  1
DICTIONARYVAR
  2
AcDbDictionaryVar
  3
ObjectDBX Classes
 90
0
 91
11
280
0
281
0
  0
CLASS
  1
TABLESTYLE
  2
AcDbTableStyle
  3
ObjectDBX Classes
 90
4095
 91
1
280
0
281
0
  0
CLASS
  1
MATERIAL
  2
AcDbMaterial
  3
ObjectDBX Classes
 90
1153
 91
3
280
0
281
0
  0
CLASS
  1
VISUALSTYLE
  2
AcDbVisualStyle
  3
ObjectDBX Classes
 90
4095
 91
24
280
0
281
0
  0
CLASS
  1
SCALE
  2
AcDbScale
  3
ObjectDBX Classes
 90
1153
 91
17
280
0
281
0
  0
CLASS
  1
MLEADERSTYLE
  2
AcDbMLeaderStyle
  3
ACDB_MLEADERSTYLE_CLASS
 90
4095
 91
2
280
0
281
0
  0
CLASS
  1
CELLSTYLEMAP
  2
AcDbCellStyleMap
  3
ObjectDBX Classes
 90
1152
 91
1
280
0
281
0
  0
CLASS
  1
EXACXREFPANELOBJECT
  2
ExAcXREFPanelObject
  3
EXAC_ESW
 90
1025
 91
0
280
0
281
0
  0
CLASS
  1
NPOCOLLECTION
  2
AcDbImpNonPersistentObjectsCollection
  3
ObjectDBX Classes
 90
1153
 91
1
280
0
281
0
  0
CLASS
  1
LAYER_INDEX
  2
AcDbLayerIndex
  3
ObjectDBX Classes
 90
0
 91
0
280
0
281
0
  0
CLASS
  1
SPATIAL_INDEX
  2
AcDbSpatialIndex
  3
ObjectDBX Classes
 90
0
 91
0
280
0
281
0
  0
CLASS
  1
IDBUFFER
  2
AcDbIdBuffer
  3
ObjectDBX Classes
 90
0
 91
0
280
0
281
0
  0
CLASS
  1
ACDBSECTIONVIEWSTYLE
  2
AcDbSectionViewStyle
  3
ObjectDBX Classes
 90
1025
 91
1
280
0
281
0
  0
CLASS
  1
ACDBDETAILVIEWSTYLE
  2
AcDbDetailViewStyle
  3
ObjectDBX Classes
 90
1025
 91
1
280
0
281
0
  0
CLASS
  1
SORTENTSTABLE
  2
AcDbSortentsTable
  3
ObjectDBX Classes
 90
0
 91
1
280
0
281
0
  0
CLASS
  1
ACDBASSOCACTION
  2
AcDbAssocAction
  3
ObjectDBX Classes
 90
1025
 91
82
280
0
281
0
  0
CLASS
  1
ACDBASSOCARRAYACTIONBODY
  2
AcDbAssocArrayActionBody
  3
ObjectDBX Classes
 90
1025
 91
82
280
0
281
0
  0
CLASS
  1
ACDBASSOCDEPENDENCY
  2
AcDbAssocDependency
  3
ObjectDBX Classes
 90
1025
 91
246
280
0
281
0
  0
CLASS
  1
ACDBASSOCVERTEXACTIONPARAM
  2
AcDbAssocVertexActionParam
  3
ObjectDBX Classes
 90
1025
 91
246
280
0
281
0
  0
CLASS
  1
ACDBASSOCARRAYPOLARPARAMETERS
  2
AcDbAssocArrayPolarParameters
  3
ObjectDBX Classes
 90
1025
 91
0
280
0
281
0
  0
CLASS
  1
ACDBASSOCNETWORK
  2
AcDbAssocNetwork
  3
ObjectDBX Classes
 90
1025
 91
8
280
0
281
0
  0
CLASS
  1
ACDB_DYNAMICBLOCKPURGEPREVENTER_VERSION
  2
AcDbDynamicBlockPurgePreventer
  3
ObjectDBX Classes
 90
1153
 91
5
280
0
281
0
  0
CLASS
  1
ACARRAYJIGENTITY
  2
AcArrayJigEntity
  3
ACAD_ARRAY
 90
129
 91
0
280
0
281
1
  0
CLASS
  1
ACDBASSOCARRAYRECTANGULARPARAMETERS
  2
AcDbAssocArrayRectangularParameters
  3
ObjectDBX Classes
 90
1025
 91
0
280
0
281
0
  0
CLASS
  1
SOLID_BACKGROUND
  2
AcDbSolidBackground
  3
SCENEOE
 90
4095
 91
1
280
0
281
0
  0
CLASS
  1
DIMASSOC
  2
AcDbDimAssoc
  3
"AcDbDimAssoc|Product Desc:     AcDim ARX App For Dimension|Company:          Autodesk, Inc.|WEB Address:      www.autodesk.com"
 90
0
 91
0
280
0
281
0
  0
CLASS
  1
ACAD_EVALUATION_GRAPH
  2
AcDbEvalGraph
  3
ObjectDBX Classes
 90
1153
 91
2
280
0
281
0
  0
CLASS
  1
ACAECUSTOBJ
  2
AcAeEditorObj
  3
AcAeEditorObj
 90
1024
 91
1
280
0
281
0
  0
CLASS
  1
ACDB_DYNAMICBLOCKPROXYNODE
  2
AcDbDynamicBlockProxyNode
  3
ObjectDBX Classes
 90
1153
 91
1
280
0
281
0
  0
CLASS
  1
SUN
  2
AcDbSun
  3
SCENEOE
 90
1153
 91
0
280
0
281
0
  0
CLASS
  1
MENTALRAYRENDERSETTINGS
  2
AcDbMentalRayRenderSettings
  3
SCENEOE
 90
1024
 91
0
280
0
281
0
  0
CLASS
  1
RASTERVARIABLES
  2
AcDbRasterVariables
  3
ISM
 90
0
 91
0
280
0
281
0
  0
CLASS
  1
LAYOUT
  2
AcDbLayout
  3
ObjectDBX Classes
 90
0
 91
0
280
0
281
0
  0
CLASS
  1
ACDBPLACEHOLDER
  2
AcDbPlaceHolder
  3
ObjectDBX Classes
 90
0
 91
0
280
0
281
0
  0
ENDSEC
  0
SECTION
  2
TABLES
  0
TABLE
  2
VPORT
  5
8
330
0
100
AcDbSymbolTable
 70
1
  0
VPORT
  5
EA
330
8
100
AcDbSymbolTableRecord
100
AcDbViewportTableRecord
  2
*Active
 70
0
 10
0.0
 20
0.0
 11
1.0
 21
1.0
 12
-130.8024138396704
 22
430.1478146639301
 13
0.0
 23
0.0
 14
10.0
 24
10.0
 15
10.0
 25
10.0
 16
-4527.126096269612
 26
-5266.807365243191
 36
2966.292647420159
 17
7325.15582638889
 27
1532.550844370799
 37
-1630.91845220488
 40
2346.810915793996
 41
2.555259653794939
 42
50.0
 43
0.0
 44
0.0
 50
0.0
 51
3.3e-15
 71
0
 72
1000
 73
1
 74
3
 75
0
 76
1
 77
0
 78
0
281
0
 65
1
110
0.0
120
0.0
130
0.0
111
1.0
121
0.0
131
0.0
112
0.0
122
0.0
132
1.0
 79
0
146
0.0
 60
3
 61
5
348
F5
292
1
282
1
141
0.0
142
0.0
 63
250
421
3355443
1001
ACAD_NAV_VCDISPLAY
1070
3
  0
ENDTAB
  0
TABLE
  2
LTYPE
  5
5
330
0
100
AcDbSymbolTable
 70
3
  0
LTYPE
  5
14
330
5
100
AcDbSymbolTableRecord
100
AcDbLinetypeTableRecord
  2
ByBlock
 70
0
  3

 72
65
 73
0
 40
0.0
  0
LTYPE
  5
15
330
5
100
AcDbSymbolTableRecord
100
AcDbLinetypeTableRecord
  2
ByLayer
 70
0
  3

 72
65
 73
0
 40
0.0
  0
LTYPE
  5
16
330
5
100
AcDbSymbolTableRecord
100
AcDbLinetypeTableRecord
  2
Continuous
 70
0
  3
Solid line
 72
65
 73
0
 40
0.0
  0
ENDTAB
  0
TABLE
  2
LAYER
  5
2
102
{ACAD_XDICTIONARY
360
1FF
102
}
330
0
100
AcDbSymbolTable
 70
2
  0
LAYER
  5
10
102
{ACAD_XDICTIONARY
360
13C
102
}
330
2
100
AcDbSymbolTableRecord
100
AcDbLayerTableRecord
  2
0
 70
0
 62
7
  6
Continuous
370
-3
390
F
347
EE
348
0
  0
LAYER
  5
4E2
330
2
100
AcDbSymbolTableRecord
100
AcDbLayerTableRecord
  2
Defpoints
 70
0
 62
7
  6
Continuous
290
0
370
-3
390
F
347
EE
348
0
  0
ENDTAB
  0
TABLE
  2
STYLE
  5
3
330
0
100
AcDbSymbolTable
 70
2
  0
STYLE
  5
11
330
3
100
AcDbSymbolTableRecord
100
AcDbTextStyleTableRecord
  2
Standard
 70
0
 40
0.0
 41
1.0
 50
0.0
 71
0
 42
2.5
  3
arial.ttf
  4

1001
ACAD
1000
Arial
1071
34
  0
STYLE
  5
132
330
3
100
AcDbSymbolTableRecord
100
AcDbTextStyleTableRecord
  2
Annotative
 70
0
 40
0.0
 41
1.0
 50
0.0
 71
0
 42
2.5
  3
arial.ttf
  4

1001
AcadAnnotative
1000
AnnotativeData
1002
{
1070
1
1070
1
1002
}
1001
ACAD
1000
Arial
1071
34
  0
ENDTAB
  0
TABLE
  2
VIEW
  5
6
330
0
100
AcDbSymbolTable
 70
0
  0
ENDTAB
  0
TABLE
  2
UCS
  5
7
330
0
100
AcDbSymbolTable
 70
0
  0
ENDTAB
  0
TABLE
  2
APPID
  5
9
330
0
100
AcDbSymbolTable
 70
18
  0
APPID
  5
12
330
9
100
AcDbSymbolTableRecord
100
AcDbRegAppTableRecord
  2
ACAD
 70
0
  0
APPID
  5
9E
330
9
100
AcDbSymbolTableRecord
100
AcDbRegAppTableRecord
  2
ACAD_PSEXT
 70
0
  0
APPID
  5
133
330
9
100
AcDbSymbolTableRecord
100
AcDbRegAppTableRecord
  2
AcadAnnoPO
 70
0
  0
APPID
  5
134
330
9
100
AcDbSymbolTableRecord
100
AcDbRegAppTableRecord
  2
AcadAnnotative
 70
0
  0
APPID
  5
135
330
9
100
AcDbSymbolTableRecord
100
AcDbRegAppTableRecord
  2
ACAD_DSTYLE_DIMJAG
 70
0
  0
APPID
  5
136
330
9
100
AcDbSymbolTableRecord
100
AcDbRegAppTableRecord
  2
ACAD_DSTYLE_DIMTALN
 70
0
  0
APPID
  5
165
330
9
100
AcDbSymbolTableRecord
100
AcDbRegAppTableRecord
  2
ACAD_MLEADERVER
 70
0
  0
APPID
  5
217
330
9
100
AcDbSymbolTableRecord
100
AcDbRegAppTableRecord
  2
ACAD_NAV_VCDISPLAY
 70
0
  0
APPID
  5
33E
330
9
100
AcDbSymbolTableRecord
100
AcDbRegAppTableRecord
  2
AcDbDynamicBlockGUID
 70
0
  0
APPID
  5
3AA
330
9
100
AcDbSymbolTableRecord
100
AcDbRegAppTableRecord
  2
ACAD_EXEMPT_FROM_CAD_STANDARDS
 70
0
  0
APPID
  5
3FD
330
9
100
AcDbSymbolTableRecord
100
AcDbRegAppTableRecord
  2
AcDbDynamicBlockTrueName2
 70
0
  0
APPID
  5
481
330
9
100
AcDbSymbolTableRecord
100
AcDbRegAppTableRecord
  2
Acad_TC
 70
0
  0
APPID
  5
547
330
9
100
AcDbSymbolTableRecord
100
AcDbRegAppTableRecord
  2
ACAUTHENVIRON
 70
0
  0
APPID
  5
5A6
330
9
100
AcDbSymbolTableRecord
100
AcDbRegAppTableRecord
  2
AcDbDynamicBlockTrueName
 70
0
  0
APPID
  5
71D
330
9
100
AcDbSymbolTableRecord
100
AcDbRegAppTableRecord
  2
GradientColor1ACI
 70
0
  0
APPID
  5
71E
330
9
100
AcDbSymbolTableRecord
100
AcDbRegAppTableRecord
  2
GradientColor2ACI
 70
0
  0
APPID
  5
179F
330
9
100
AcDbSymbolTableRecord
100
AcDbRegAppTableRecord
  2
HATCHBACKGROUNDCOLOR
 70
0
  0
APPID
  5
17A0
330
9
100
AcDbSymbolTableRecord
100
AcDbRegAppTableRecord
  2
EZDXF
 70
0
  0
ENDTAB
  0
TABLE
  2
DIMSTYLE
  5
A
330
0
100
AcDbSymbolTable
 70
3
100
AcDbDimStyleTable
  0
DIMSTYLE
105
1B0
330
A
100
AcDbSymbolTableRecord
100
AcDbDimStyleTableRecord
  2
Standard
 70
0
 40
1.0
 41
2.5
 42
0.625
 43
3.75
 44
1.25
 45
0.0
 46
0.0
 47
0.0
 48
0.0
 49
2.5
140
2.5
141
2.5
142
0.0
143
0.03937007874
144
1.0
145
0.0
146
1.0
147
0.625
148
0.0
 69
0
 70
0
 71
0
 72
0
 73
0
 74
0
 75
0
 76
0
 77
1
 78
8
 79
3
170
0
171
3
172
1
173
0
174
0
175
0
176
0
177
0
178
0
179
2
271
2
272
2
273
2
274
3
275
0
276
0
277
2
278
44
279
0
280
0
281
0
282
0
283
0
284
8
285
0
286
0
288
0
289
3
290
0
340
11
371
-2
372
-2
  0
DIMSTYLE
105
137
330
A
100
AcDbSymbolTableRecord
100
AcDbDimStyleTableRecord
  2
Annotative
 70
0
 40
0.0
 41
2.5
 42
0.625
 43
3.75
 44
1.25
 45
0.0
 46
0.0
 47
0.0
 48
0.0
 49
2.5
140
2.5
141
2.5
142
0.0
143
0.03937007874016
144
1.0
145
0.0
146
1.0
147
0.625
148
0.0
 69
0
 70
0
 71
0
 72
0
 73
0
 74
0
 75
0
 76
0
 77
1
 78
8
 79
3
170
0
171
3
172
1
173
0
174
0
175
0
176
0
177
0
178
0
179
2
271
2
272
2
273
2
274
3
275
0
276
0
277
2
278
44
279
0
280
0
281
0
282
0
283
0
284
8
285
0
286
0
288
0
289
3
290
0
340
11
371
-2
372
-2
1001
AcadAnnotative
1000
AnnotativeData
1002
{
1070
1
1070
1
1002
}
1001
ACAD_DSTYLE_DIMJAG
1070
388
1040
1.5
1001
ACAD_DSTYLE_DIMTALN
1070
392
1070
0
  0
DIMSTYLE
105
27
330
A
100
AcDbSymbolTableRecord
100
AcDbDimStyleTableRecord
  2
ISO-25
 70
0
 40
1.0
 41
2.5
 42
0.625
 43
3.75
 44
1.25
 45
0.0
 46
0.0
 47
0.0
 48
0.0
 49
2.5
140
2.5
141
2.5
142
0.0
143
0.03937007874016
144
1.0
145
0.0
146
1.0
147
0.625
148
0.0
 69
0
 70
0
 71
0
 72
0
 73
0
 74
0
 75
0
 76
0
 77
1
 78
8
 79
3
170
0
171
3
172
1
173
0
174
0
175
0
176
0
177
0
178
0
179
2
271
2
272
2
273
2
274
3
275
0
276
0
277
2
278
44
279
0
280
0
281
0
282
0
283
0
284
8
285
0
286
0
288
0
289
3
290
0
340
11
371
-2
372
-2
  0
ENDTAB
  0
TABLE
  2
BLOCK_RECORD
  5
1
330
0
100
AcDbSymbolTable
 70
9
  0
BLOCK_RECORD
  5
1F
102
{ACAD_XDICTIONARY
360
1CE
102
}
330
1
100
AcDbSymbolTableRecord
100
AcDbBlockTableRecord
  2
*Model_Space
340
22
 70
0
280
1
281
0
  0
BLOCK_RECORD
  5
D2
330
1
100
AcDbSymbolTableRecord
100
AcDbBlockTableRecord
  2
*Paper_Space
340
D3
 70
0
280
1
281
0
  0
BLOCK_RECORD
  5
D6
330
1
100
AcDbSymbolTableRecord
100
AcDbBlockTableRecord
  2
*Paper_Space0
340
D7
 70
0
280
1
281
0
  0
BLOCK_RECORD
  5
2A1
330
1
100
AcDbSymbolTableRecord
100
AcDbBlockTableRecord
  2
2020-22
340
0
 70
4
280
1
281
0
  0
BLOCK_RECORD
  5
2DE
102
{ACAD_XDICTIONARY
360
2DF
102
}
330
1
100
AcDbSymbolTableRecord
100
AcDbBlockTableRecord
  2
610-3
340
0
 70
4
280
1
281
0
1001
AcDbDynamicBlockGUID
1000
{FD683139-B668-5945-A992-90FE46A8DF2E}
  0
BLOCK_RECORD
  5
2F5
102
{ACAD_XDICTIONARY
360
2F6
102
}
330
1
100
AcDbSymbolTableRecord
100
AcDbBlockTableRecord
  2
546
340
0
 70
4
280
1
281
0
1001
AcDbDynamicBlockGUID
1000
{D16B5D9F-76D0-7A46-A618-7E9DF0FCF861}
  0
BLOCK_RECORD
  5
30A
102
{ACAD_XDICTIONARY
360
5A0
102
}
330
1
100
AcDbSymbolTableRecord
100
AcDbBlockTableRecord
  2
611+2020
340
0
 70
4
280
1
281
0
1001
AcDbDynamicBlockGUID
1000
{6441554F-C455-B546-8A42-F363EF2AF80C}
  0
BLOCK_RECORD
  5
170D
330
1
100
AcDbSymbolTableRecord
100
AcDbBlockTableRecord
  2
BOITE
340
0
 70
0
280
1
281
0
  0
BLOCK_RECORD
  5
173A
330
1
100
AcDbSymbolTableRecord
100
AcDbBlockTableRecord
  2
P1200-800
340
0
 70
0
280
1
281
0
  0
ENDTAB
  0
ENDSEC
  0
SECTION
  2
BLOCKS
  0
BLOCK
  5
20
330
1F
100
AcDbEntity
  8
0
100
AcDbBlockBegin
  2
*Model_Space
 70
0
 10
0.0
 20
0.0
 30
0.0
  3
*Model_Space
  1

  0
ENDBLK
  5
21
330
1F
100
AcDbEntity
  8
0
100
AcDbBlockEnd
  0
BLOCK
  5
D4
330
D2
100
AcDbEntity
 67
1
  8
0
100
AcDbBlockBegin
  2
*Paper_Space
 70
0
 10
0.0
 20
0.0
 30
0.0
  3
*Paper_Space
  1

  0
ENDBLK
  5
D5
330
D2
100
AcDbEntity
 67
1
  8
0
100
AcDbBlockEnd
  0
BLOCK
  5
D8
330
D6
100
AcDbEntity
 67
1
  8
0
100
AcDbBlockBegin
  2
*Paper_Space0
 70
0
 10
0.0
 20
0.0
 30
0.0
  3
*Paper_Space0
  1

  0
ENDBLK
  5
D9
330
D6
100
AcDbEntity
 67
1
  8
0
100
AcDbBlockEnd
  0
BLOCK
  5
2A2
330
2A1
100
AcDbEntity
  8
0
100
AcDbBlockBegin
  2
2020-22
 70
0
 10
0.0
 20
0.0
 30
0.0
  3
2020-22
  1

  0
LWPOLYLINE
  5
2A3
330
2A1
100
AcDbEntity
  8
0
370
0
100
AcDbPolyline
 90
4
 70
1
 38
6.521428571393001
 10
-10.99999999994
 20
-10.99999999994
 10
10.99999999994
 20
-10.99999999994
 10
10.99999999994
 20
10.99999999994
 10
-10.99999999994
 20
10.99999999994
  0
LWPOLYLINE
  5
2A4
330
2A1
100
AcDbEntity
  8
0
370
0
100
AcDbPolyline
 90
4
 70
1
 38
4.557142857118001
 10
-10.99999999994
 20
-10.99999999994
 10
10.99999999994
 20
-10.99999999994
 10
10.99999999994
 20
10.99999999994
 10
-10.99999999994
 20
10.99999999994
  0
LINE
  5
2A5
330
2A1
100
AcDbEntity
  8
0
370
0
100
AcDbLine
 10
-10.99999999994
 20
10.99999999994
 30
4.557142857118001
 11
-10.99999999994
 21
10.99999999994
 31
6.521428571393001
210
-1.0
220
0.0
230
0.0
  0
LINE
  5
2A6
330
2A1
100
AcDbEntity
  8
0
370
0
100
AcDbLine
 10
10.99999999994
 20
10.99999999994
 30
6.521428571393001
 11
10.99999999994
 21
10.99999999994
 31
4.557142857118001
210
-1.0
220
0.0
230
0.0
  0
LINE
  5
2A7
330
2A1
100
AcDbEntity
  8
0
370
0
100
AcDbLine
 10
10.99999999994
 20
-10.99999999994
 30
6.521428571393001
 11
10.99999999994
 21
-10.99999999994
 31
4.557142857118001
210
-1.0
220
0.0
230
0.0
  0
LINE
  5
2A8
330
2A1
100
AcDbEntity
  8
0
370
0
100
AcDbLine
 10
-10.99999999994
 20
-10.99999999994
 30
4.557142857118001
 11
-10.99999999994
 21
-10.99999999994
 31
6.521428571393001
210
-1.0
220
0.0
230
0.0
  0
LINE
  5
2A9
330
2A1
100
AcDbEntity
  8
0
370
0
100
AcDbLine
 10
-0.044845278605635
 20
8.6428571428099
 30
3.580612244878395
 11
-0.044845278605635
 21
8.6428571428099
 31
7.497959183632604
  0
LINE
  5
2AA
330
2A1
100
AcDbEntity
  8
0
370
0
100
AcDbLine
 10
-0.2770397266954774
 20
8.607764384265948
 30
3.566073816338749
 11
-0.2770397266954774
 21
8.607764384265948
 31
7.51249761217225
  0
LINE
  5
2AB
330
2A1
100
AcDbEntity
  8
0
370
0
100
AcDbLine
 10
-0.4884929362708875
 20
8.505620840239715
 30
3.523757205242162
 11
-0.4884929362708875
 21
8.505620840239715
 31
7.554814223268836
  0
LINE
  5
2AC
330
2A1
100
AcDbEntity
  8
0
370
0
100
AcDbLine
 10
-0.6603164218809923
 20
8.345550689309903
 30
3.457442428428395
 11
-0.6603164218809923
 21
8.345550689309903
 31
7.621129000082603
  0
LINE
  5
2AD
330
2A1
100
AcDbEntity
  8
0
370
0
100
AcDbLine
 10
-0.7771617032900338
 20
8.141852521330037
 30
3.373053187408158
 11
-0.7771617032900338
 21
8.141852521330037
 31
7.70551824110284
  0
LINE
  5
2AE
330
2A1
100
AcDbEntity
  8
0
370
0
100
AcDbLine
 10
-0.8285913395045837
 20
7.912722086981403
 30
3.278127721749428
 11
-0.8285913395045837
 21
7.912722086981403
 31
7.800443706761569
  0
LINE
  5
2AF
330
2A1
100
AcDbEntity
  8
0
370
0
100
AcDbLine
 10
-0.8100112742913267
 20
7.678626925556329
 30
3.181145440587619
 11
-0.8100112742913267
 21
7.678626925556329
 31
7.897425987923378
  0
LINE
  5
2B0
330
2A1
100
AcDbEntity
  8
0
370
0
100
AcDbLine
 10
-0.7230812095404531
 20
7.460478060630777
 30
3.090769482261317
 11
-0.7230812095404531
 21
7.460478060630777
 31
7.987801946249682
  0
LINE
  5
2B1
330
2A1
100
AcDbEntity
  8
0
370
0
100
AcDbLine
 10
-0.5755663490357393
 20
7.277762080606379
 30
3.015072861965502
 11
-0.5755663490357393
 21
7.277762080606379
 31
8.063498566545494
  0
LINE
  5
2B2
330
2A1
100
AcDbEntity
  8
0
370
0
100
AcDbLine
 10
-0.3806437559302935
 20
7.146800459804694
 30
2.96081733334765
 11
-0.3806437559302935
 21
7.146800459804694
 31
8.117754095163347
  0
LINE
  5
2B3
330
2A1
100
AcDbEntity
  8
0
370
0
100
AcDbLine
 10
-0.1557252849378301
 20
7.079291609775253
 30
2.9328493811926
 11
-0.1557252849378301
 21
7.079291609775253
 31
8.145722047318399
  0
LINE
  5
2B4
330
2A1
100
AcDbEntity
  8
0
370
0
100
AcDbLine
 10
0.0605491464583281
 20
7.081265895032913
 30
2.933667299370773
 11
0.0605491464583281
 21
7.081265895032913
 31
8.144904129140224
  0
LINE
  5
2B5
330
2A1
100
AcDbEntity
  8
0
370
0
100
AcDbLine
 10
0.3028493554098475
 20
7.152546958555518
 30
2.96319802568728
 11
0.3028493554098475
 21
7.152546958555518
 31
8.115373402823717
  0
LINE
  5
2B6
330
2A1
100
AcDbEntity
  8
0
370
0
100
AcDbLine
 10
0.4955424178932049
 20
7.286767475231499
 30
3.018803668310191
 11
0.4955424178932049
 21
7.286767475231499
 31
8.059767760200806
  0
LINE
  5
2B7
330
2A1
100
AcDbEntity
  8
0
370
0
100
AcDbLine
 10
0.6399642568585762
 20
7.47193792604861
 30
3.095517140791568
 11
0.6399642568585762
 21
7.47193792604861
 31
7.98305428771943
  0
LINE
  5
2B8
330
2A1
100
AcDbEntity
  8
0
370
0
100
AcDbLine
 10
0.7232140995556052
 20
7.691517586119488
 30
3.186485857106649
 11
0.7232140995556052
 21
7.691517586119488
 31
7.892085571404349
  0
LINE
  5
2B9
330
2A1
100
AcDbEntity
  8
0
370
0
100
AcDbLine
 10
0.7378554854754498
 20
7.925892058373392
 30
3.283583852754694
 11
0.7378554854754498
 21
7.925892058373392
 31
7.794987575756305
  0
LINE
  5
2BA
330
2A1
100
AcDbEntity
  8
0
370
0
100
AcDbLine
 10
0.6825805432194443
 20
8.154125369229943
 30
3.378137652966685
 11
0.6825805432194443
 21
8.154125369229943
 31
7.700433775544315
  0
LINE
  5
2BB
330
2A1
100
AcDbEntity
  8
0
370
0
100
AcDbLine
 10
0.5623268187565316
 20
8.355830116766413
 30
3.461701048374655
 11
0.5623268187565316
 21
8.355830116766413
 31
7.616870380136343
  0
LINE
  5
2BC
330
2A1
100
AcDbEntity
  8
0
370
0
100
AcDbLine
 10
0.3878362191473172
 20
8.512988616612802
 30
3.5268095697396
 11
0.3878362191473172
 21
8.512988616612802
 31
7.5517618587714
  0
CIRCLE
  5
2BD
330
2A1
100
AcDbEntity
  8
0
370
0
100
AcDbCircle
 10
0.0462606454402703
 20
-4.265918929942914
 30
10.23602307721504
 40
0.7872883985116236
210
0.0
220
0.3829573018608869
230
0.9237660444893119
  0
LINE
  5
2BE
330
2A1
100
AcDbEntity
  8
0
370
0
100
AcDbLine
 10
-10.99999999994
 20
10.99999999994
 30
6.521428571393001
 11
0.0
 21
0.0
 31
11.078571428511
  0
LINE
  5
2BF
330
2A1
100
AcDbEntity
  8
0
370
0
100
AcDbLine
 10
10.99999999994
 20
10.99999999994
 30
6.521428571393001
 11
0.0
 21
0.0
 31
11.078571428511
  0
LINE
  5
2C0
330
2A1
100
AcDbEntity
  8
0
370
0
100
AcDbLine
 10
-0.0633938989393528
 20
-8.64285714280993
 30
3.580612244878395
 11
-0.0633938989393528
 21
-8.64285714280993
 31
7.497959183632604
  0
LINE
  5
2C1
330
2A1
100
AcDbEntity
  8
0
370
0
100
AcDbLine
 10
-0.2955883470292235
 20
-8.607764384265948
 30
3.566073816338749
 11
-0.2955883470292235
 21
-8.607764384265948
 31
7.51249761217225
  0
LINE
  5
2C2
330
2A1
100
AcDbEntity
  8
0
370
0
100
AcDbLine
 10
-0.5070415566046336
 20
-8.505620840239715
 30
3.523757205242162
 11
-0.5070415566046336
 21
-8.505620840239715
 31
7.554814223268836
  0
LINE
  5
2C3
330
2A1
100
AcDbEntity
  8
0
370
0
100
AcDbLine
 10
-0.6788650422147385
 20
-8.345550689309931
 30
3.457442428428395
 11
-0.6788650422147385
 21
-8.345550689309931
 31
7.621129000082603
  0
LINE
  5
2C4
330
2A1
100
AcDbEntity
  8
0
370
0
100
AcDbLine
 10
-0.79571032362378
 20
-8.141852521330037
 30
3.373053187408158
 11
-0.79571032362378
 21
-8.141852521330037
 31
7.70551824110284
  0
LINE
  5
2C5
330
2A1
100
AcDbEntity
  8
0
370
0
100
AcDbLine
 10
-0.84713995983833
 20
-7.912722086981403
 30
3.278127721749428
 11
-0.84713995983833
 21
-7.912722086981403
 31
7.800443706761569
  0
LINE
  5
2C6
330
2A1
100
AcDbEntity
  8
0
370
0
100
AcDbLine
 10
-0.8285598946250728
 20
-7.678626925556329
 30
3.181145440587619
 11
-0.8285598946250728
 21
-7.678626925556329
 31
7.897425987923378
  0
LINE
  5
2C7
330
2A1
100
AcDbEntity
  8
0
370
0
100
AcDbLine
 10
-0.7416298298741708
 20
-7.460478060630777
 30
3.090769482261317
 11
-0.7416298298741708
 21
-7.460478060630777
 31
7.987801946249682
  0
LINE
  5
2C8
330
2A1
100
AcDbEntity
  8
0
370
0
100
AcDbLine
 10
-0.5941149693694854
 20
-7.277762080606379
 30
3.015072861965502
 11
-0.5941149693694854
 21
-7.277762080606379
 31
8.063498566545494
  0
LINE
  5
2C9
330
2A1
100
AcDbEntity
  8
0
370
0
100
AcDbLine
 10
-0.3991923762640397
 20
-7.146800459804694
 30
2.96081733334765
 11
-0.3991923762640397
 21
-7.146800459804694
 31
8.117754095163347
  0
LINE
  5
2CA
330
2A1
100
AcDbEntity
  8
0
370
0
100
AcDbLine
 10
-0.1742739052715763
 20
-7.079291609775253
 30
2.9328493811926
 11
-0.1742739052715763
 21
-7.079291609775253
 31
8.145722047318399
  0
LINE
  5
2CB
330
2A1
100
AcDbEntity
  8
0
370
0
100
AcDbLine
 10
0.0605491464583281
 20
-7.081265895032913
 30
2.933667299370773
 11
0.0605491464583281
 21
-7.081265895032913
 31
8.144904129140224
  0
LINE
  5
2CC
330
2A1
100
AcDbEntity
  8
0
370
0
100
AcDbLine
 10
0.2843007350761013
 20
-7.152546958555518
 30
2.96319802568728
 11
0.2843007350761013
 21
-7.152546958555518
 31
8.115373402823717
  0
LINE
  5
2CD
330
2A1
100
AcDbEntity
  8
0
370
0
100
AcDbLine
 10
0.4769937975594872
 20
-7.286767475231499
 30
3.018803668310191
 11
0.4769937975594872
 21
-7.286767475231499
 31
8.059767760200806
  0
LINE
  5
2CE
330
2A1
100
AcDbEntity
  8
0
370
0
100
AcDbLine
 10
0.62141563652483
 20
-7.47193792604861
 30
3.095517140791568
 11
0.62141563652483
 21
-7.47193792604861
 31
7.98305428771943
  0
LINE
  5
2CF
330
2A1
100
AcDbEntity
  8
0
370
0
100
AcDbLine
 10
0.704665479221859
 20
-7.691517586119516
 30
3.186485857106649
 11
0.704665479221859
 21
-7.691517586119516
 31
7.892085571404349
  0
LINE
  5
2D0
330
2A1
100
AcDbEntity
  8
0
370
0
100
AcDbLine
 10
0.7193068651417036
 20
-7.92589205837342
 30
3.283583852754694
 11
0.7193068651417036
 21
-7.92589205837342
 31
7.794987575756305
  0
LINE
  5
2D1
330
2A1
100
AcDbEntity
  8
0
370
0
100
AcDbLine
 10
0.6640319228857267
 20
-8.154125369229943
 30
3.378137652966685
 11
0.6640319228857267
 21
-8.154125369229943
 31
7.700433775544315
  0
LINE
  5
2D2
330
2A1
100
AcDbEntity
  8
0
370
0
100
AcDbLine
 10
0.5437781984227854
 20
-8.355830116766413
 30
3.461701048374655
 11
0.5437781984227854
 21
-8.355830116766413
 31
7.616870380136343
  0
LINE
  5
2D3
330
2A1
100
AcDbEntity
  8
0
370
0
100
AcDbLine
 10
0.3692875988135711
 20
-8.51298861661283
 30
3.5268095697396
 11
0.3692875988135711
 21
-8.51298861661283
 31
7.5517618587714
  0
CIRCLE
  5
2D4
330
2A1
100
AcDbEntity
  8
0
370
0
100
AcDbCircle
 10
-0.0648092657739881
 20
-4.265918929942905
 30
10.23602307721506
 40
0.7872883985116236
210
0.0
220
-0.3829573018608869
230
0.9237660444893119
  0
LINE
  5
2D5
330
2A1
100
AcDbEntity
  8
0
370
0
100
AcDbLine
 10
-10.99999999994
 20
-10.99999999994
 30
6.521428571393001
 11
0.0
 21
0.0
 31
11.078571428511
  0
LINE
  5
2D6
330
2A1
100
AcDbEntity
  8
0
370
0
100
AcDbLine
 10
10.99999999994
 20
-10.99999999994
 30
6.521428571393001
 11
0.0
 21
0.0
 31
11.078571428511
  0
CIRCLE
  5
2D7
330
2A1
100
AcDbEntity
  8
0
370
0
100
AcDbCircle
 10
0.0462606454402703
 20
8.508538752678598
 30
0.0020149701071301
 40
0.7872883985116236
210
0.0
220
0.3829573018608869
230
-0.9237660444893119
  0
CIRCLE
  5
2D8
330
2A1
100
AcDbEntity
  8
0
370
0
100
AcDbCircle
 10
-0.0648092657739881
 20
8.508538752678598
 30
0.0020149701071301
 40
0.7872883985116236
210
0.0
220
-0.3829573018608869
230
-0.9237660444893119
  0
LINE
  5
2D9
330
2A1
100
AcDbEntity
  8
0
370
0
100
AcDbLine
 10
-10.99999999994
 20
10.99999999994
 30
4.557142857118001
 11
0.0
 21
0.0
 31
0.0
210
0.0
220
0.0
230
-1.0
  0
LINE
  5
2DA
330
2A1
100
AcDbEntity
  8
0
370
0
100
AcDbLine
 10
10.99999999994
 20
10.99999999994
 30
4.557142857118001
 11
0.0
 21
0.0
 31
0.0
210
0.0
220
0.0
230
-1.0
  0
LINE
  5
2DB
330
2A1
100
AcDbEntity
  8
0
370
0
100
AcDbLine
 10
-10.99999999994
 20
-10.99999999994
 30
4.557142857118001
 11
0.0
 21
0.0
 31
0.0
210
0.0
220
0.0
230
-1.0
  0
LINE
  5
2DC
330
2A1
100
AcDbEntity
  8
0
370
0
100
AcDbLine
 10
10.99999999994
 20
-10.99999999994
 30
4.557142857118001
 11
0.0
 21
0.0
 31
0.0
210
0.0
220
0.0
230
-1.0
  0
ENDBLK
  5
2DD
330
2A1
100
AcDbEntity
  8
0
100
AcDbBlockEnd
  0
BLOCK
  5
2E0
330
2DE
100
AcDbEntity
  8
0
100
AcDbBlockBegin
  2
610-3
 70
0
 10
0.0
 20
0.0
 30
0.0
  3
610-3
  1

  0
LINE
  5
2E1
330
2DE
100
AcDbEntity
  8
0
370
0
100
AcDbLine
 10
-10.99999999994088
 20
37.74999999999909
 30
-9.428571428519717
 11
10.99999999993906
 21
37.74999999999909
 31
-9.428571428519717
210
0.0
220
0.0
230
-1.0
  0
LINE
  5
2E2
330
2DE
100
AcDbEntity
  8
0
370
0
100
AcDbLine
 10
10.99999999993906
 20
37.74999999999909
 30
-9.428571428519717
 11
10.99999999993861
 21
-37.75000000000091
 31
-9.428571428519717
210
0.0
220
0.0
230
-1.0
  0
LINE
  5
2E3
330
2DE
100
AcDbEntity
  8
0
370
0
100
AcDbLine
 10
-10.99999999994088
 20
-37.75000000000091
 30
-9.428571428519717
 11
-10.99999999994088
 21
37.74999999999909
 31
-9.428571428519717
210
0.0
220
0.0
230
-1.0
  0
LINE
  5
2E4
330
2DE
100
AcDbEntity
  8
0
370
0
100
AcDbLine
 10
10.99999999993906
 20
37.74999999999909
 30
-7.071428571390242
 11
0.0
 21
26.75000000006003
 31
0.0
210
0.0
220
0.0
230
-1.0
  0
LINE
  5
2E5
330
2DE
100
AcDbEntity
  8
0
370
0
100
AcDbLine
 10
0.0
 20
26.75000000006003
 30
0.0
 11
0.0
 21
-26.75000000006003
 31
0.0
210
0.0
220
0.0
230
-1.0
  0
LINE
  5
2E6
330
2DE
100
AcDbEntity
  8
0
370
0
100
AcDbLine
 10
-10.99999999994088
 20
37.74999999999909
 30
-7.071428571390242
 11
10.99999999993906
 21
37.74999999999909
 31
-7.071428571390242
210
0.0
220
0.0
230
-1.0
  0
LINE
  5
2E7
330
2DE
100
AcDbEntity
  8
0
370
0
100
AcDbLine
 10
10.99999999993906
 20
37.74999999999909
 30
-7.071428571390242
 11
10.99999999993861
 21
-37.75000000000091
 31
-7.071428571390242
210
0.0
220
0.0
230
-1.0
  0
LINE
  5
2E8
330
2DE
100
AcDbEntity
  8
0
370
0
100
AcDbLine
 10
-10.99999999994088
 20
-37.75000000000091
 30
-7.071428571390242
 11
-10.99999999994088
 21
37.74999999999909
 31
-7.071428571390242
210
0.0
220
0.0
230
-1.0
  0
LINE
  5
2E9
330
2DE
100
AcDbEntity
  8
0
370
0
100
AcDbLine
 10
-10.99999999994088
 20
37.74999999999909
 30
-9.428571428519717
 11
-10.99999999994088
 21
37.74999999999909
 31
-7.071428571390242
210
1.0
220
0.0
230
0.0
  0
LINE
  5
2EA
330
2DE
100
AcDbEntity
  8
0
370
0
100
AcDbLine
 10
10.99999999993906
 20
37.74999999999909
 30
-9.428571428519717
 11
10.99999999993906
 21
37.74999999999909
 31
-7.071428571390242
210
1.0
220
0.0
230
0.0
  0
LINE
  5
2EB
330
2DE
100
AcDbEntity
  8
0
370
0
100
AcDbLine
 10
0.0
 20
26.75000000006003
 30
0.0
 11
-10.99999999994088
 21
37.74999999999909
 31
-7.071428571390242
210
1.0
220
0.0
230
0.0
  0
LINE
  5
2EC
330
2DE
100
AcDbEntity
  8
0
370
0
100
AcDbLine
 10
-10.99999999994088
 20
-37.75000000000091
 30
-9.428571428519717
 11
10.99999999993906
 21
-37.75000000000091
 31
-9.428571428519717
210
0.0
220
0.0
230
-1.0
  0
LINE
  5
2ED
330
2DE
100
AcDbEntity
  8
0
370
0
100
AcDbLine
 10
10.99999999993906
 20
-37.75000000000091
 30
-7.071428571390242
 11
0.0
 21
-26.75000000006185
 31
0.0
210
0.0
220
0.0
230
-1.0
  0
LINE
  5
2EE
330
2DE
100
AcDbEntity
  8
0
370
0
100
AcDbLine
 10
-10.99999999994088
 20
-37.75000000000091
 30
-7.071428571390242
 11
10.99999999993906
 21
-37.75000000000091
 31
-7.071428571390242
210
0.0
220
0.0
230
-1.0
  0
LINE
  5
2EF
330
2DE
100
AcDbEntity
  8
0
370
0
100
AcDbLine
 10
-10.99999999994088
 20
-37.75000000000091
 30
-9.428571428519717
 11
-10.99999999994088
 21
-37.75000000000091
 31
-7.071428571390242
210
1.0
220
0.0
230
0.0
  0
LINE
  5
2F0
330
2DE
100
AcDbEntity
  8
0
370
0
100
AcDbLine
 10
10.99999999993906
 20
-37.75000000000091
 30
-9.428571428519717
 11
10.99999999993906
 21
-37.75000000000091
 31
-7.071428571390242
210
1.0
220
0.0
230
0.0
  0
LINE
  5
2F1
330
2DE
100
AcDbEntity
  8
0
370
0
100
AcDbLine
 10
0.0
 20
-26.75000000006185
 30
0.0
 11
-10.99999999994088
 21
-37.75000000000091
 31
-7.071428571390242
210
1.0
220
0.0
230
0.0
  0
CIRCLE
  5
2F2
330
2DE
100
AcDbEntity
  8
0
370
0
100
AcDbCircle
 10
9.095e-13
 20
34.59543476591534
 30
9.428571428519717
 40
1.178571428565
210
0.0
220
0.0
230
-1.0
  0
ELLIPSE
  5
2F3
330
2DE
100
AcDbEntity
  8
0
370
0
100
AcDbEllipse
 10
-5.01473878103e-05
 20
34.58330412516716
 30
-4.959038465577123
 11
0.0
 21
-1.173143552277021
 31
0.7541637121402908
210
0.0
220
-0.5407575912943232
230
-0.8411784753888804
 40
0.845070422535211
 41
-1.570796326794896
 42
4.712388980384689
  0
ENDBLK
  5
2F4
330
2DE
100
AcDbEntity
  8
0
100
AcDbBlockEnd
  0
BLOCK
  5
2F7
330
2F5
100
AcDbEntity
  8
0
100
AcDbBlockBegin
  2
546
 70
0
 10
0.0
 20
0.0
 30
0.0
  3
546
  1

  0
LWPOLYLINE
  5
2F8
330
2F5
100
AcDbEntity
  8
0
 62
252
420
9672088
100
AcDbPolyline
 90
6
 70
1
 10
-1.219999999999799
 20
-5.786898014765938
 10
-2.440000000000054
 20
-7.899999999999863
 10
-1.219999999999799
 20
-10.01310198523379
 10
1.219999999999799
 20
-10.01310198523379
 10
2.440000000000054
 20
-7.899999999999863
 10
1.219999999999799
 20
-5.786898014765938
  0
LINE
  5
2F9
330
2F5
100
AcDbEntity
  8
0
 62
252
420
9672088
100
AcDbLine
 10
-0.5
 20
0.0
 30
0.0
 11
0.5
 21
0.0
 31
0.0
  0
LINE
  5
2FA
330
2F5
100
AcDbEntity
  8
0
 62
252
420
9672088
100
AcDbLine
 10
0.5
 20
0.0
 30
0.0
 11
2.440000000000054
 21
-2.186898014766029
 31
0.0
  0
LINE
  5
2FB
330
2F5
100
AcDbEntity
  8
0
 62
252
420
9672088
100
AcDbLine
 10
2.440000000000054
 20
-2.186898014766029
 30
0.0
 11
1.219999999999799
 21
-5.786898014765938
 31
0.0
  0
LINE
  5
2FC
330
2F5
100
AcDbEntity
  8
0
 62
252
420
9672088
100
AcDbLine
 10
-0.5
 20
0.0
 30
0.0
 11
-2.440000000000054
 21
-2.186898014766029
 31
0.0
  0
LINE
  5
2FD
330
2F5
100
AcDbEntity
  8
0
 62
252
420
9672088
100
AcDbLine
 10
-2.440000000000054
 20
-2.186898014766029
 30
0.0
 11
-1.219999999999799
 21
-5.786898014765938
 31
0.0
  0
LINE
  5
2FE
330
2F5
100
AcDbEntity
  8
0
 62
252
420
9672088
100
AcDbLine
 10
-1.617133420507343
 20
-1.356683674421674
 30
0.0
 11
-0.8454999952045908
 21
-5.565483706750455
 31
0.0
  0
LINE
  5
2FF
330
2F5
100
AcDbEntity
  8
0
 62
252
420
9672088
100
AcDbLine
 10
0.0
 20
-0.5000000000002274
 30
0.0
 11
0.0
 21
-5.382107283488949
 31
0.0
  0
LINE
  5
300
330
2F5
100
AcDbEntity
  8
0
 62
252
420
9672088
100
AcDbLine
 10
1.617133420507343
 20
-1.356683674421674
 30
0.0
 11
0.8454999952045908
 21
-5.565483706750228
 31
0.0
  0
LINE
  5
301
330
2F5
100
AcDbEntity
  8
0
 62
252
420
9672088
100
AcDbLine
 10
-0.5
 20
-15.79999999999972
 30
0.0
 11
0.5
 21
-15.79999999999972
 31
0.0
  0
LINE
  5
302
330
2F5
100
AcDbEntity
  8
0
 62
252
420
9672088
100
AcDbLine
 10
0.5
 20
-15.79999999999972
 30
0.0
 11
2.440000000000054
 21
-13.61310198523369
 31
0.0
  0
LINE
  5
303
330
2F5
100
AcDbEntity
  8
0
 62
252
420
9672088
100
AcDbLine
 10
2.440000000000054
 20
-13.61310198523369
 30
0.0
 11
1.219999999999799
 21
-10.01310198523379
 31
0.0
  0
LINE
  5
304
330
2F5
100
AcDbEntity
  8
0
 62
252
420
9672088
100
AcDbLine
 10
-0.5
 20
-15.79999999999972
 30
0.0
 11
-2.440000000000054
 21
-13.61310198523369
 31
0.0
  0
LINE
  5
305
330
2F5
100
AcDbEntity
  8
0
 62
252
420
9672088
100
AcDbLine
 10
-2.440000000000054
 20
-13.61310198523369
 30
0.0
 11
-1.219999999999799
 21
-10.01310198523379
 31
0.0
  0
LINE
  5
306
330
2F5
100
AcDbEntity
  8
0
 62
252
420
9672088
100
AcDbLine
 10
-1.617133420507343
 20
-14.44331632557805
 30
0.0
 11
-0.8454999952045908
 21
-10.23451629324927
 31
0.0
  0
LINE
  5
307
330
2F5
100
AcDbEntity
  8
0
 62
252
420
9672088
100
AcDbLine
 10
0.0
 20
-15.2999999999995
 30
0.0
 11
0.0
 21
-10.41789271651078
 31
0.0
  0
LINE
  5
308
330
2F5
100
AcDbEntity
  8
0
 62
252
420
9672088
100
AcDbLine
 10
1.617133420507343
 20
-14.44331632557805
 30
0.0
 11
0.8454999952045908
 21
-10.2345162932495
 31
0.0
  0
ENDBLK
  5
309
330
2F5
100
AcDbEntity
  8
0
100
AcDbBlockEnd
  0
BLOCK
  5
30B
330
30A
100
AcDbEntity
  8
0
100
AcDbBlockBegin
  2
611+2020
 70
0
 10
0.0
 20
0.0
 30
0.0
  3
611+2020
  1

  0
INSERT
  5
59C
330
30A
100
AcDbEntity
  8
0
 62
2
100
AcDbBlockReference
  2
610-3
 10
1.819e-12
 20
-49.3570687669062
 30
5.351187386876518
  0
INSERT
  5
59D
330
30A
100
AcDbEntity
  8
0
100
AcDbBlockReference
  2
546
 10
9.095e-13
 20
-14.99999859999974
 30
0.0
 41
-0.9493669999999998
 42
0.9493669999999998
 43
0.9493669999999998
 50
180.0
  0
INSERT
  5
5A4
330
30A
100
AcDbEntity
  8
0
 62
2
100
AcDbBlockReference
  2
610-3
 10
1.819e-12
 20
-133.0790607982644
 30
5.351187386876518
  0
INSERT
  5
5A5
330
30A
100
AcDbEntity
  8
0
100
AcDbBlockReference
  2
546
 10
9.095e-13
 20
-98.72199063135798
 30
0.0
 41
-0.9493669999999998
 42
0.9493669999999998
 43
0.9493669999999998
 50
180.0
  0
ENDBLK
  5
310
330
30A
100
AcDbEntity
  8
0
100
AcDbBlockEnd
  0
BLOCK
  5
170E
330
170D
100
AcDbEntity
  8
0
100
AcDbBlockBegin
  2
BOITE
 70
0
 10
0.0
 20
0.0
 30
0.0
  3
BOITE
  1

  0
INSERT
  5
1710
330
170D
100
AcDbEntity
  8
0
 62
2
100
AcDbBlockReference
  2
611+2020
 10
-9.094947017729282e-13
 20
-62.5
 30
26.50074791389534
210
0.0
220
-1.0
230
0.0
  0
INSERT
  5
1712
330
170D
100
AcDbEntity
  8
0
 62
2
100
AcDbBlockReference
  2
611+2020
 10
3.090860900556436e-13
 20
-62.5
 30
26.500747913893324
 43
0.9999999999999998
210
0.7818314824680295
220
-0.6234898018587343
230
0.0
  0
INSERT
  5
1714
330
170D
100
AcDbEntity
  8
0
 62
2
100
AcDbBlockReference
  2
611+2020
 10
-4.884981308350689e-14
 20
-62.5
 30
26.50074791389394
 41
0.9999999999999998
 42
0.9999999999999998
 43
0.9999999999999998
210
0.9749279121818238
220
0.22252093395631348
230
0.0
  0
INSERT
  5
1716
330
170D
100
AcDbEntity
  8
0
 62
2
100
AcDbBlockReference
  2
611+2020
 10
-1.63069557856943e-12
 20
-62.5
 30
26.500747913894422
 41
0.9999999999999999
 42
0.9999999999999997
 43
0.9999999999999996
210
0.4338837391175599
220
0.9009688679024185
230
0.0
  0
INSERT
  5
1718
330
170D
100
AcDbEntity
  8
0
 62
2
100
AcDbBlockReference
  2
611+2020
 10
1.566746732351021e-12
 20
-62.5
 30
26.50074791389687
 41
0.9999999999999998
 42
0.9999999999999997
 43
0.9999999999999998
210
-0.43388373911755623
220
0.90096886790242
230
0.0
  0
INSERT
  5
171A
330
170D
100
AcDbEntity
  8
0
 62
2
100
AcDbBlockReference
  2
611+2020
 10
-6.918909889463976e-13
 20
-62.5
 30
26.5007479138969
 43
0.9999999999999998
210
-0.9749279121818242
220
0.22252093395631287
230
0.0
  0
INSERT
  5
171C
330
170D
100
AcDbEntity
  8
0
 62
2
100
AcDbBlockReference
  2
611+2020
 10
-5.346834086594754e-13
 20
-62.5
 30
26.500747913896593
210
-0.7818314824680306
220
-0.6234898018587326
230
0.0
  0
LINE
  5
171E
330
170D
100
AcDbEntity
  8
0
100
AcDbLine
 10
24.99999999999909
 20
2.2737367544323206e-13
 30
0.0
 11
24.99999999999909
 21
2.2737367544323206e-13
 31
-65.0
210
0.0
220
-1.0
230
0.0
  0
LINE
  5
171F
330
170D
100
AcDbEntity
  8
0
100
AcDbLine
 10
24.14814565722645
 20
6.470476127562279
 30
0.0
 11
24.14814565722645
 21
6.470476127562279
 31
-65.0
210
0.2588190451025198
220
-0.9659258262890685
230
0.0
  0
LINE
  5
1720
330
170D
100
AcDbEntity
  8
0
100
AcDbLine
 10
21.650635094610152
 20
12.500000000000227
 30
0.0
 11
21.650635094610152
 21
12.500000000000227
 31
-65.0
210
0.49999999999999833
220
-0.8660254037844396
230
0.0
  0
LINE
  5
1721
330
170D
100
AcDbEntity
  8
0
100
AcDbLine
 10
17.677669529662126
 20
17.677669529663262
 30
0.0
 11
17.677669529662126
 21
17.677669529663262
 31
-65.0
210
0.7071067811865459
220
-0.7071067811865491
230
0.0
  0
LINE
  5
1722
330
170D
100
AcDbEntity
  8
0
100
AcDbLine
 10
12.49999999999909
 20
21.65063509461129
 30
0.0
 11
12.49999999999909
 21
21.65063509461129
 31
-65.0
210
0.8660254037844373
220
-0.5000000000000024
230
0.0
  0
LINE
  5
1723
330
170D
100
AcDbEntity
  8
0
100
AcDbLine
 10
6.470476127562506
 20
24.148145657226223
 30
0.0
 11
6.470476127562506
 21
24.148145657226223
 31
-65.0
210
0.9659258262890673
220
-0.2588190451025244
230
0.0
  0
LINE
  5
1724
330
170D
100
AcDbEntity
  8
0
100
AcDbLine
 10
-9.094947017729282e-13
 20
25.000000000000227
 30
0.0
 11
-9.094947017729282e-13
 21
25.000000000000227
 31
-65.0
210
1.0
220
-4.724169043383025e-15
230
0.0
  0
LINE
  5
1725
330
170D
100
AcDbEntity
  8
0
100
AcDbLine
 10
-6.4704761275634155
 20
24.148145657226223
 30
0.0
 11
-6.4704761275634155
 21
24.148145657226223
 31
-65.0
210
0.9659258262890696
220
0.2588190451025157
230
0.0
  0
LINE
  5
1726
330
170D
100
AcDbEntity
  8
0
100
AcDbLine
 10
-12.50000000000091
 20
21.65063509461129
 30
0.0
 11
-12.50000000000091
 21
21.65063509461129
 31
-65.0
210
0.8660254037844412
220
0.49999999999999556
230
0.0
  0
LINE
  5
1727
330
170D
100
AcDbEntity
  8
0
100
AcDbLine
 10
-17.677669529663945
 20
17.677669529663262
 30
0.0
 11
-17.677669529663945
 21
17.677669529663262
 31
-65.0
210
0.7071067811865513
220
0.7071067811865437
230
0.0
  0
LINE
  5
1728
330
170D
100
AcDbEntity
  8
0
100
AcDbLine
 10
-21.65063509461197
 20
12.500000000000227
 30
0.0
 11
-21.65063509461197
 21
12.500000000000227
 31
-65.0
210
0.5000000000000042
220
0.8660254037844363
230
0.0
  0
LINE
  5
1729
330
170D
100
AcDbEntity
  8
0
100
AcDbLine
 10
-24.14814565722827
 20
6.470476127562279
 30
0.0
 11
-24.14814565722827
 21
6.470476127562279
 31
-65.0
210
0.25881904510252746
220
0.9659258262890665
230
0.0
  0
LINE
  5
172A
330
170D
100
AcDbEntity
  8
0
100
AcDbLine
 10
-25.00000000000091
 20
2.2737367544323206e-13
 30
0.0
 11
-25.00000000000091
 21
2.2737367544323206e-13
 31
-65.0
210
1.2246467991473532e-16
220
1.0
230
0.0
  0
LINE
  5
172B
330
170D
100
AcDbEntity
  8
0
100
AcDbLine
 10
-24.14814565722827
 20
-6.470476127562733
 30
0.0
 11
-24.14814565722827
 21
-6.470476127562733
 31
-65.0
210
-0.258819045102512
220
0.9659258262890706
230
0.0
  0
LINE
  5
172C
330
170D
100
AcDbEntity
  8
0
100
AcDbLine
 10
-21.65063509461197
 20
-12.499999999999773
 30
0.0
 11
-21.65063509461197
 21
-12.499999999999773
 31
-65.0
210
-0.49999999999999345
220
0.8660254037844425
230
0.0
  0
LINE
  5
172D
330
170D
100
AcDbEntity
  8
0
100
AcDbLine
 10
-17.677669529663945
 20
-17.677669529663717
 30
0.0
 11
-17.677669529663945
 21
-17.677669529663717
 31
-65.0
210
-0.7071067811865426
220
0.7071067811865525
230
0.0
  0
LINE
  5
172E
330
170D
100
AcDbEntity
  8
0
100
AcDbLine
 10
-12.50000000000091
 20
-21.650635094610834
 30
0.0
 11
-12.50000000000091
 21
-21.650635094610834
 31
-65.0
210
-0.8660254037844338
220
0.5000000000000082
230
0.0
  0
LINE
  5
172F
330
170D
100
AcDbEntity
  8
0
100
AcDbLine
 10
-6.4704761275634155
 20
-24.148145657226905
 30
0.0
 11
-6.4704761275634155
 21
-24.148145657226905
 31
-65.0
210
-0.965925826289066
220
0.2588190451025292
230
0.0
  0
LINE
  5
1730
330
170D
100
AcDbEntity
  8
0
100
AcDbLine
 10
-9.094947017729282e-13
 20
-24.999999999999773
 30
0.0
 11
-9.094947017729282e-13
 21
-24.999999999999773
 31
-65.0
210
-1.0
220
9.042596461968916e-15
230
0.0
  0
LINE
  5
1731
330
170D
100
AcDbEntity
  8
0
100
AcDbLine
 10
6.470476127562506
 20
-24.148145657226905
 30
0.0
 11
6.470476127562506
 21
-24.148145657226905
 31
-65.0
210
-0.9659258262890708
220
-0.25881904510251175
230
0.0
  0
LINE
  5
1732
330
170D
100
AcDbEntity
  8
0
100
AcDbLine
 10
12.49999999999909
 20
-21.650635094610834
 30
0.0
 11
12.49999999999909
 21
-21.650635094610834
 31
-65.0
210
-0.8660254037844439
220
-0.4999999999999909
230
0.0
  0
LINE
  5
1733
330
170D
100
AcDbEntity
  8
0
100
AcDbLine
 10
17.677669529662126
 20
-17.677669529663717
 30
0.0
 11
17.677669529662126
 21
-17.677669529663717
 31
-65.0
210
-0.7071067811865553
220
-0.7071067811865397
230
0.0
  0
LINE
  5
1734
330
170D
100
AcDbEntity
  8
0
100
AcDbLine
 10
21.650635094610152
 20
-12.499999999999773
 30
0.0
 11
21.650635094610152
 21
-12.499999999999773
 31
-65.0
210
-0.5000000000000097
220
-0.866025403784433
230
0.0
  0
LINE
  5
1735
330
170D
100
AcDbEntity
  8
0
100
AcDbLine
 10
24.14814565722645
 20
-6.470476127562733
 30
0.0
 11
24.14814565722645
 21
-6.470476127562733
 31
-65.0
210
-0.258819045102531
220
-0.9659258262890655
230
0.0
  0
CIRCLE
  5
1736
330
170D
100
AcDbEntity
  8
0
100
AcDbCircle
 10
0.0
 20
0.0
 30
0.0
 40
25.0
  0
CIRCLE
  5
1737
330
170D
100
AcDbEntity
  8
0
100
AcDbCircle
 10
0.0
 20
0.0
 30
-65.0
 40
25.0
  0
ENDBLK
  5
170F
330
170D
100
AcDbEntity
  8
0
100
AcDbBlockEnd
  0
BLOCK
  5
173B
330
173A
100
AcDbEntity
  8
0
100
AcDbBlockBegin
  2
P1200-800
 70
0
 10
0.0
 20
0.0
 30
0.0
  3
P1200-800
  1

  0
LWPOLYLINE
  5
173D
330
173A
100
AcDbEntity
  8
0
100
AcDbPolyline
 90
4
 70
1
 10
0.0
 20
0.0
 10
1200.0
 20
0.0
 10
1200.0
 20
800.0
 10
0.0
 20
800.0
  0
LWPOLYLINE
  5
173E
330
173A
100
AcDbEntity
  8
0
100
AcDbPolyline
 90
4
 70
1
 38
30.0
 10
0.0
 20
0.0
 10
1200.0
 20
0.0
 10
1200.0
 20
800.0
 10
0.0
 20
800.0
  0
LINE
  5
173F
330
173A
100
AcDbEntity
  8
0
100
AcDbLine
 10
0.0
 20
0.0
 30
0.0
 11
0.0
 21
0.0
 31
30.0
  0
LINE
  5
1740
330
173A
100
AcDbEntity
  8
0
100
AcDbLine
 10
1200.0
 20
0.0
 30
0.0
 11
1200.0
 21
0.0
 31
30.0
  0
LINE
  5
1741
330
173A
100
AcDbEntity
  8
0
100
AcDbLine
 10
1200.0
 20
800.0
 30
0.0
 11
1200.0
 21
800.0
 31
30.0
  0
LINE
  5
1742
330
173A
100
AcDbEntity
  8
0
100
AcDbLine
 10
0.0
 20
800.0
 30
0.0
 11
0.0
 21
800.0
 31
30.0
  0
ENDBLK
  5
173C
330
173A
100
AcDbEntity
  8
0
100
AcDbBlockEnd
  0
ENDSEC
  0
SECTION
  2
ENTITIES
  0
INSERT
  5
1743
330
1F
100
AcDbEntity
  8
0
100
AcDbBlockReference
  2
P1200-800
 10
0.0
 20
0.0
 30
-30.0
  0
LINE
  5
1745
330
1F
100
AcDbEntity
  8
0
100
AcDbLine
 10
60.0
 20
60.0
 30
-30.0
 11
60.0
 21
60.0
 31
-450.0
  0
INSERT
  5
1746
330
1F
100
AcDbEntity
  8
0
100
AcDbBlockReference
  2
BOITE
 10
60.0
 20
60.0
 30
-450.0
  0
LINE
  5
1748
330
1F
100
AcDbEntity
  8
0
100
AcDbLine
 10
1140.0
 20
740.0
 30
-30.0
 11
1140.0
 21
740.0
 31
-450.0
  0
INSERT
  5
1749
330
1F
100
AcDbEntity
  8
0
100
AcDbBlockReference
  2
BOITE
 10
1140.0
 20
740.0
 30
-450.0
  0
LINE
  5
174B
330
1F
100
AcDbEntity
  8
0
100
AcDbLine
 10
60.0
 20
230.0
 30
-30.0
 11
60.0
 21
230.0
 31
-780.0
  0
INSERT
  5
174C
330
1F
100
AcDbEntity
  8
0
100
AcDbBlockReference
  2
BOITE
 10
60.0
 20
230.0
 30
-780.0
  0
LINE
  5
174E
330
1F
100
AcDbEntity
  8
0
100
AcDbLine
 10
1140.0
 20
570.0
 30
-30.0
 11
1140.0
 21
570.0
 31
-780.0
  0
INSERT
  5
174F
330
1F
100
AcDbEntity
  8
0
100
AcDbBlockReference
  2
BOITE
 10
1140.0
 20
570.0
 30
-780.0
  0
LINE
  5
1751
330
1F
100
AcDbEntity
  8
0
100
AcDbLine
 10
60.0
 20
400.0
 30
-30.0
 11
60.0
 21
400.0
 31
-1080.0
  0
INSERT
  5
1752
330
1F
100
AcDbEntity
  8
0
100
AcDbBlockReference
  2
BOITE
 10
60.0
 20
400.0
 30
-1080.0
  0
LINE
  5
1754
330
1F
100
AcDbEntity
  8
0
100
AcDbLine
 10
1140.0
 20
400.0
 30
-30.0
 11
1140.0
 21
400.0
 31
-1080.0
  0
INSERT
  5
1755
330
1F
100
AcDbEntity
  8
0
100
AcDbBlockReference
  2
BOITE
 10
1140.0
 20
400.0
 30
-1080.0
  0
LINE
  5
1757
330
1F
100
AcDbEntity
  8
0
100
AcDbLine
 10
60.0
 20
570.0
 30
-30.0
 11
60.0
 21
570.0
 31
-1360.0
  0
INSERT
  5
1758
330
1F
100
AcDbEntity
  8
0
100
AcDbBlockReference
  2
BOITE
 10
60.0
 20
570.0
 30
-1360.0
  0
LINE
  5
175A
330
1F
100
AcDbEntity
  8
0
100
AcDbLine
 10
1140.0
 20
230.0
 30
-30.0
 11
1140.0
 21
230.0
 31
-1360.0
  0
INSERT
  5
175B
330
1F
100
AcDbEntity
  8
0
100
AcDbBlockReference
  2
BOITE
 10
1140.0
 20
230.0
 30
-1360.0
  0
LINE
  5
175D
330
1F
100
AcDbEntity
  8
0
100
AcDbLine
 10
60.0
 20
740.0
 30
-30.0
 11
60.0
 21
740.0
 31
-1615.0
  0
INSERT
  5
175E
330
1F
100
AcDbEntity
  8
0
100
AcDbBlockReference
  2
BOITE
 10
60.0
 20
740.0
 30
-1615.0
  0
LINE
  5
1760
330
1F
100
AcDbEntity
  8
0
100
AcDbLine
 10
1140.0
 20
60.0
 30
-30.0
 11
1140.0
 21
60.0
 31
-1615.0
  0
INSERT
  5
1761
330
1F
100
AcDbEntity
  8
0
100
AcDbBlockReference
  2
BOITE
 10
1140.0
 20
60.0
 30
-1615.0
  0
LINE
  5
1763
330
1F
100
AcDbEntity
  8
0
100
AcDbLine
 10
276.0
 20
740.0
 30
-30.0
 11
276.0
 21
740.0
 31
-1850.0
  0
INSERT
  5
1764
330
1F
100
AcDbEntity
  8
0
100
AcDbBlockReference
  2
BOITE
 10
276.0
 20
740.0
 30
-1850.0
  0
LINE
  5
1766
330
1F
100
AcDbEntity
  8
0
100
AcDbLine
 10
924.0
 20
60.0
 30
-30.0
 11
924.0
 21
60.0
 31
-1850.0
  0
INSERT
  5
1767
330
1F
100
AcDbEntity
  8
0
100
AcDbBlockReference
  2
BOITE
 10
924.0
 20
60.0
 30
-1850.0
  0
LINE
  5
1769
330
1F
100
AcDbEntity
  8
0
100
AcDbLine
 10
492.0
 20
740.0
 30
-30.0
 11
492.0
 21
740.0
 31
-2065.0
  0
INSERT
  5
176A
330
1F
100
AcDbEntity
  8
0
100
AcDbBlockReference
  2
BOITE
 10
492.0
 20
740.0
 30
-2065.0
  0
LINE
  5
176C
330
1F
100
AcDbEntity
  8
0
100
AcDbLine
 10
708.0
 20
60.0
 30
-30.0
 11
708.0
 21
60.0
 31
-2065.0
  0
INSERT
  5
176D
330
1F
100
AcDbEntity
  8
0
100
AcDbBlockReference
  2
BOITE
 10
708.0
 20
60.0
 30
-2065.0
  0
LINE
  5
176F
330
1F
100
AcDbEntity
  8
0
100
AcDbLine
 10
708.0
 20
740.0
 30
-30.0
 11
708.0
 21
740.0
 31
-2265.0
  0
INSERT
  5
1770
330
1F
100
AcDbEntity
  8
0
100
AcDbBlockReference
  2
BOITE
 10
708.0
 20
740.0
 30
-2265.0
  0
LINE
  5
1772
330
1F
100
AcDbEntity
  8
0
100
AcDbLine
 10
492.0
 20
60.0
 30
-30.0
 11
492.0
 21
60.0
 31
-2265.0
  0
INSERT
  5
1773
330
1F
100
AcDbEntity
  8
0
100
AcDbBlockReference
  2
BOITE
 10
492.0
 20
60.0
 30
-2265.0
  0
LINE
  5
1775
330
1F
100
AcDbEntity
  8
0
100
AcDbLine
 10
924.0
 20
740.0
 30
-30.0
 11
924.0
 21
740.0
 31
-2445.0
  0
INSERT
  5
1776
330
1F
100
AcDbEntity
  8
0
100
AcDbBlockReference
  2
BOITE
 10
924.0
 20
740.0
 30
-2445.0
  0
LINE
  5
1778
330
1F
100
AcDbEntity
  8
0
100
AcDbLine
 10
276.0
 20
60.0
 30
-30.0
 11
276.0
 21
60.0
 31
-2445.0
  0
INSERT
  5
1779
330
1F
100
AcDbEntity
  8
0
100
AcDbBlockReference
  2
BOITE
 10
276.0
 20
60.0
 30
-2445.0
  0
LINE
  5
177B
330
1F
100
AcDbEntity
  8
0
100
AcDbLine
 10
276.0
 20
230.0
 30
-30.0
 11
276.0
 21
230.0
 31
-2615.0
  0
INSERT
  5
177C
330
1F
100
AcDbEntity
  8
0
100
AcDbBlockReference
  2
BOITE
 10
276.0
 20
230.0
 30
-2615.0
  0
LINE
  5
177E
330
1F
100
AcDbEntity
  8
0
100
AcDbLine
 10
924.0
 20
570.0
 30
-30.0
 11
924.0
 21
570.0
 31
-2615.0
  0
INSERT
  5
177F
330
1F
100
AcDbEntity
  8
0
100
AcDbBlockReference
  2
BOITE
 10
924.0
 20
570.0
 30
-2615.0
  0
LINE
  5
1781
330
1F
100
AcDbEntity
  8
0
100
AcDbLine
 10
276.0
 20
400.0
 30
-30.0
 11
276.0
 21
400.0
 31
-2765.0
  0
INSERT
  5
1782
330
1F
100
AcDbEntity
  8
0
100
AcDbBlockReference
  2
BOITE
 10
276.0
 20
400.0
 30
-2765.0
  0
LINE
  5
1784
330
1F
100
AcDbEntity
  8
0
100
AcDbLine
 10
924.0
 20
400.0
 30
-30.0
 11
924.0
 21
400.0
 31
-2765.0
  0
INSERT
  5
1785
330
1F
100
AcDbEntity
  8
0
100
AcDbBlockReference
  2
BOITE
 10
924.0
 20
400.0
 30
-2765.0
  0
LINE
  5
1787
330
1F
100
AcDbEntity
  8
0
100
AcDbLine
 10
276.0
 20
570.0
 30
-30.0
 11
276.0
 21
570.0
 31
-2910.0
  0
INSERT
  5
1788
330
1F
100
AcDbEntity
  8
0
100
AcDbBlockReference
  2
BOITE
 10
276.0
 20
570.0
 30
-2910.0
  0
LINE
  5
178A
330
1F
100
AcDbEntity
  8
0
100
AcDbLine
 10
924.0
 20
230.0
 30
-30.0
 11
924.0
 21
230.0
 31
-2910.0
  0
INSERT
  5
178B
330
1F
100
AcDbEntity
  8
0
100
AcDbBlockReference
  2
BOITE
 10
924.0
 20
230.0
 30
-2910.0
  0
LINE
  5
178D
330
1F
100
AcDbEntity
  8
0
100
AcDbLine
 10
492.0
 20
570.0
 30
-30.0
 11
492.0
 21
570.0
 31
-3040.0
  0
INSERT
  5
178E
330
1F
100
AcDbEntity
  8
0
100
AcDbBlockReference
  2
BOITE
 10
492.0
 20
570.0
 30
-3040.0
  0
LINE
  5
1790
330
1F
100
AcDbEntity
  8
0
100
AcDbLine
 10
708.0
 20
230.0
 30
-30.0
 11
708.0
 21
230.0
 31
-3040.0
  0
INSERT
  5
1791
330
1F
100
AcDbEntity
  8
0
100
AcDbBlockReference
  2
BOITE
 10
708.0
 20
230.0
 30
-3040.0
  0
LINE
  5
1793
330
1F
100
AcDbEntity
  8
0
100
AcDbLine
 10
708.0
 20
570.0
 30
-30.0
 11
708.0
 21
570.0
 31
-3155.0
  0
INSERT
  5
1794
330
1F
100
AcDbEntity
  8
0
100
AcDbBlockReference
  2
BOITE
 10
708.0
 20
570.0
 30
-3155.0
  0
LINE
  5
1796
330
1F
100
AcDbEntity
  8
0
100
AcDbLine
 10
492.0
 20
230.0
 30
-30.0
 11
492.0
 21
230.0
 31
-3155.0
  0
INSERT
  5
1797
330
1F
100
AcDbEntity
  8
0
100
AcDbBlockReference
  2
BOITE
 10
492.0
 20
230.0
 30
-3155.0
  0
LINE
  5
1799
330
1F
100
AcDbEntity
  8
0
100
AcDbLine
 10
492.0
 20
400.0
 30
-30.0
 11
492.0
 21
400.0
 31
-3266.6709392017347
  0
INSERT
  5
179A
330
1F
100
AcDbEntity
  8
0
100
AcDbBlockReference
  2
BOITE
 10
492.0
 20
400.0
 30
-3266.6709392017347
  0
LINE
  5
179C
330
1F
100
AcDbEntity
  8
0
100
AcDbLine
 10
708.0
 20
400.0
 30
-30.0
 11
708.0
 21
400.0
 31
-3266.6709392017347
  0
INSERT
  5
179D
330
1F
100
AcDbEntity
  8
0
100
AcDbBlockReference
  2
BOITE
 10
708.0
 20
400.0
 30
-3266.6709392017347
  0
ENDSEC
  0
SECTION
  2
OBJECTS
  0
DICTIONARY
  5
C
330
0
100
AcDbDictionary
281
1
  3
ACAD_ASSOCNETWORK
350
35D
  3
ACAD_BACKGROUND
350
47F
  3
ACAD_CIP_PREVIOUS_PRODUCT_INFO
350
216
  3
ACAD_COLOR
350
6B
  3
ACAD_DETAILVIEWSTYLE
350
21B
  3
ACAD_GROUP
350
D
  3
ACAD_LAST_SAVED_VERSION_INFO
350
11A2
  3
ACAD_LAYOUT
350
1A
  3
ACAD_MATERIAL
350
6A
  3
ACAD_MLEADERSTYLE
350
12D
  3
ACAD_MLINESTYLE
350
17
  3
ACAD_PLOTSETTINGS
350
19
  3
ACAD_PLOTSTYLENAME
350
E
  3
ACAD_SCALELIST
350
10C
  3
ACAD_SECTIONVIEWSTYLE
350
219
  3
ACAD_TABLESTYLE
350
7E
  3
ACAD_VISUALSTYLE
350
EF
  3
ACDB_RECOMPOSE_DATA
350
11A4
  3
AcDbVariableDictionary
350
5E
  3
AcDsDecomposeData
350
11AA
  3
EZDXF_META
350
17A1
  0
DICTIONARY
  5
1FF
330
2
100
AcDbDictionary
280
1
281
1
  3
ACAD_LAYERSTATES
360
200
  0
DICTIONARY
  5
13C
330
10
100
AcDbDictionary
280
1
281
1
  0
DICTIONARY
  5
1CE
330
1F
100
AcDbDictionary
280
1
281
1
  3
ACAD_ASSOCNETWORK
360
7C3
  3
ACAD_SORTENTS
360
47A
  0
DICTIONARY
  5
2DF
330
2DE
100
AcDbDictionary
280
1
281
1
  0
DICTIONARY
  5
2F6
330
2F5
100
AcDbDictionary
280
1
281
1
  0
DICTIONARY
  5
5A0
330
30A
100
AcDbDictionary
280
1
281
1
  0
DICTIONARY
  5
35D
102
{ACAD_REACTORS
330
C
102
}
330
C
100
AcDbDictionary
281
1
  3
ACAD_ASSOCNETWORK
350
35E
  0
DICTIONARY
  5
47F
102
{ACAD_REACTORS
330
C
102
}
330
C
100
AcDbDictionary
281
1
  0
XRECORD
  5
216
102
{ACAD_REACTORS
330
C
102
}
330
C
100
AcDbXrecord
280
1
300
ACD
300
2027
300

  0
DICTIONARY
  5
6B
102
{ACAD_REACTORS
330
C
102
}
330
C
100
AcDbDictionary
281
1
  0
DICTIONARY
  5
21B
102
{ACAD_REACTORS
330
C
102
}
330
C
100
AcDbDictionary
281
1
  3
Metric50
350
21C
  0
DICTIONARY
  5
D
102
{ACAD_REACTORS
330
C
102
}
330
C
100
AcDbDictionary
281
1
  0
XRECORD
  5
11A2
102
{ACAD_REACTORS
330
C
102
}
330
C
100
AcDbXrecord
280
1
300
{2BCA1B41-7B3F-8A46-A15E-A9AA07089796}
301
{8ED086E2-DF8A-8C4B-82DD-71CA1C8B5212}
302
{2BCA1B41-7B3F-8A46-A15E-A9AA07089796}
303
D:\cristalux\3d ajoutes\725-25+36-sspyramides3D.dxf
  0
DICTIONARY
  5
1A
102
{ACAD_REACTORS
330
C
102
}
330
C
100
AcDbDictionary
281
1
  3
Layout1
350
D3
  3
Layout2
350
D7
  3
Model
350
22
  0
DICTIONARY
  5
6A
102
{ACAD_REACTORS
330
C
102
}
330
C
100
AcDbDictionary
281
1
  3
ByBlock
350
ED
  3
ByLayer
350
EC
  3
Global
350
EE
  0
DICTIONARY
  5
12D
102
{ACAD_REACTORS
330
C
102
}
330
C
100
AcDbDictionary
281
1
  3
Annotative
350
13B
  3
Standard
350
12E
  0
DICTIONARY
  5
17
102
{ACAD_REACTORS
330
C
102
}
330
C
100
AcDbDictionary
281
1
  3
Standard
350
18
  0
DICTIONARY
  5
19
102
{ACAD_REACTORS
330
C
102
}
330
C
100
AcDbDictionary
281
1
  0
ACDBDICTIONARYWDFLT
  5
E
102
{ACAD_REACTORS
330
C
102
}
330
C
100
AcDbDictionary
281
1
  3
Normal
350
F
100
AcDbDictionaryWithDefault
340
F
  0
DICTIONARY
  5
10C
102
{ACAD_REACTORS
330
C
102
}
330
C
100
AcDbDictionary
281
1
  3
A0
350
10D
  3
A1
350
1BE
  3
A2
350
1BF
  3
A3
350
1C0
  3
A4
350
1C1
  3
A5
350
1C2
  3
A6
350
1C3
  3
A7
350
1C4
  3
A8
350
1C5
  3
A9
350
1C6
  3
B0
350
1C7
  3
B1
350
1C8
  3
B2
350
1C9
  3
B3
350
1CA
  3
B4
350
1CB
  3
B5
350
1CC
  3
B6
350
1CD
  0
DICTIONARY
  5
219
102
{ACAD_REACTORS
330
C
102
}
330
C
100
AcDbDictionary
281
1
  3
Metric50
350
21A
  0
DICTIONARY
  5
7E
102
{ACAD_REACTORS
330
C
102
}
330
C
100
AcDbDictionary
281
1
  3
Standard
350
7F
  0
DICTIONARY
  5
EF
102
{ACAD_REACTORS
330
C
102
}
330
C
100
AcDbDictionary
281
1
  3
2dWireframe
350
F5
  3
Basic
350
F4
  3
Brighten
350
FB
  3
ColorChange
350
FF
  3
Conceptual
350
F8
  3
Dim
350
FA
  3
EdgeColorOff
350
1E6
  3
Facepattern
350
FE
  3
Flat
350
F0
  3
FlatWithEdges
350
F1
  3
Gouraud
350
F2
  3
GouraudWithEdges
350
F3
  3
Hidden
350
F7
  3
JitterOff
350
1E4
  3
Linepattern
350
FD
  3
OverhangOff
350
1E5
  3
Realistic
350
F9
  3
Shaded
350
1F3
  3
Shaded with edges
350
1F2
  3
Shades of Gray
350
1EF
  3
Sketchy
350
1F0
  3
Thicken
350
FC
  3
Wireframe
350
F6
  3
X-Ray
350
1F1
  0
XRECORD
  5
11A4
102
{ACAD_REACTORS
330
C
102
}
330
C
100
AcDbXrecord
280
1
 90
1
330
7F
  0
DICTIONARY
  5
5E
102
{ACAD_REACTORS
330
C
102
}
330
C
100
AcDbDictionary
281
1
  3
CANNOSCALE
350
146
  3
CENTEREXE
350
259
  3
CENTERLTYPEFILE
350
25A
  3
CMLEADERSTYLE
350
145
  3
CTABLESTYLE
350
84
  3
CVIEWDETAILSTYLE
350
227
  3
CVIEWSECTIONSTYLE
350
228
  3
DIMASSOC
350
5F
  3
HIDETEXT
350
63
  3
LAYEREVAL
350
1AE
  3
LAYERNOTIFY
350
1AF
  0
DICTIONARY
  5
11AA
102
{ACAD_REACTORS
330
C
102
}
330
C
100
AcDbDictionary
281
1
  3
AcDsRecords
350
11AC
  3
AcDsSchemas
350
11AB
1001
ACAD
1070
2
  0
DICTIONARY
  5
200
102
{ACAD_REACTORS
330
1FF
102
}
330
1FF
100
AcDbDictionary
281
1
  0
DICTIONARY
  5
7C3
102
{ACAD_REACTORS
330
1CE
102
}
330
1CE
100
AcDbDictionary
281
1
  3
ACAD_ASSOCNETWORK
350
7C4
  0
SORTENTSTABLE
  5
47A
102
{ACAD_REACTORS
330
1CE
102
}
330
1CE
100
AcDbSortentsTable
330
1F
331
72A
  5
1116
331
77F
  5
781
331
780
  5
782
331
781
  5
783
331
782
  5
7C7
331
783
  5
7C8
331
7C7
  5
7C9
331
7C8
  5
7CA
331
7C9
  5
7CB
331
7CA
  5
80D
331
7CB
  5
80E
331
80D
  5
80F
331
80E
  5
810
331
80F
  5
811
331
810
  5
853
331
811
  5
854
331
853
  5
855
331
854
  5
856
331
855
  5
857
331
856
  5
899
331
857
  5
89A
331
899
  5
89B
331
89A
  5
89C
331
89B
  5
89D
331
89C
  5
8DF
331
89D
  5
8E0
331
8DF
  5
8E1
331
8E0
  5
8E2
331
8E1
  5
8E3
331
8E2
  5
925
331
8E3
  5
926
331
925
  5
927
331
926
  5
928
331
927
  5
929
331
928
  5
96B
331
929
  5
96C
331
96B
  5
96D
331
96C
  5
96E
331
96D
  5
96F
331
96E
  5
9B1
331
96F
  5
9B2
331
9B1
  5
9B3
331
9B2
  5
9B4
331
9B3
  5
9B5
331
9B4
  5
9F7
331
9B5
  5
9F8
331
9F7
  5
9F9
331
9F8
  5
9FA
331
9F9
  5
9FB
331
9FA
  5
A3D
331
9FB
  5
A3E
331
A3D
  5
A3F
331
A3E
  5
A40
331
A3F
  5
A41
331
A40
  5
A83
331
A41
  5
A84
331
A83
  5
A85
331
A84
  5
A86
331
A85
  5
A87
331
A86
  5
AC9
331
A87
  5
ACA
331
AC9
  5
ACB
331
ACA
  5
ACC
331
ACB
  5
ACD
331
ACC
  5
B0F
331
ACD
  5
B10
331
B0F
  5
B11
331
B10
  5
B12
331
B11
  5
B13
331
B12
  5
B55
331
B13
  5
B56
331
B55
  5
B57
331
B56
  5
B58
331
B57
  5
B59
331
B58
  5
B9B
331
B59
  5
B9C
331
B9B
  5
B9D
331
B9C
  5
B9E
331
B9D
  5
B9F
331
B9E
  5
BE1
331
B9F
  5
BE2
331
BE1
  5
BE3
331
BE2
  5
BE4
331
BE3
  5
BE5
331
BE4
  5
C27
331
BE5
  5
C28
331
C27
  5
C29
331
C28
  5
C2A
331
C29
  5
C2B
331
C2A
  5
C6D
331
C2B
  5
C6E
331
C6D
  5
C6F
331
C6E
  5
C70
331
C6F
  5
C71
331
C70
  5
CB3
331
C71
  5
CB4
331
CB3
  5
CB5
331
CB4
  5
CB6
331
CB5
  5
CB7
331
CB6
  5
CF9
331
CB7
  5
CFA
331
CF9
  5
CFB
331
CFA
  5
CFC
331
CFB
  5
CFD
331
CFC
  5
D3F
331
CFD
  5
D40
331
D3F
  5
D41
331
D40
  5
D42
331
D41
  5
D43
331
D42
  5
D85
331
D43
  5
D86
331
D85
  5
D87
331
D86
  5
D88
331
D87
  5
D89
331
D88
  5
DCB
331
D89
  5
DCC
331
DCB
  5
DCD
331
DCC
  5
DCE
331
DCD
  5
DCF
331
DCE
  5
E11
331
DCF
  5
E12
331
E11
  5
E13
331
E12
  5
E14
331
E13
  5
E15
331
E14
  5
E57
331
E15
  5
E58
331
E57
  5
E59
331
E58
  5
E5A
331
E59
  5
E5B
331
E5A
  5
E9D
331
E5B
  5
E9E
331
E9D
  5
E9F
331
E9E
  5
EA0
331
E9F
  5
EA1
331
EA0
  5
EE3
331
EA1
  5
EE4
331
EE3
  5
EE5
331
EE4
  5
EE6
331
EE5
  5
EE7
331
EE6
  5
F29
331
EE7
  5
F2A
331
F29
  5
F2B
331
F2A
  5
F2C
331
F2B
  5
F2D
331
F2C
  5
F6F
331
F2D
  5
F70
331
F6F
  5
F71
331
F70
  5
F72
331
F71
  5
F73
331
F72
  5
FB5
331
F73
  5
FB6
331
FB5
  5
FB7
331
FB6
  5
FB8
331
FB7
  5
FB9
331
FB8
  5
FFB
331
FB9
  5
FFC
331
FFB
  5
FFD
331
FFC
  5
FFE
331
FFD
  5
FFF
331
FFE
  5
1041
331
FFF
  5
1042
331
1041
  5
1043
331
1042
  5
1044
331
1043
  5
1045
331
1044
  5
1087
331
1045
  5
1088
331
1087
  5
108A
331
1088
  5
108B
331
1089
  5
10CD
331
108A
  5
10CE
331
108B
  5
10CF
331
10CD
  5
4E0
331
10CE
  5
72A
331
10CF
  5
77E
331
10D0
  5
77F
331
10D1
  5
780
331
1113
  5
10D0
331
1114
  5
10D1
331
1115
  5
1113
331
1116
  5
1114
331
1117
  5
1115
  0
ACDBASSOCNETWORK
  5
35E
102
{ACAD_REACTORS
330
35D
102
}
330
35D
100
AcDbAssocAction
 90
2
 90
0
330
0
360
0
 90
0
 90
0
 90
0
 90
0
 90
0
 90
0
 90
0
100
AcDbAssocNetwork
 90
0
 90
16
 90
5
330
659
330
698
330
637
330
777
330
7C4
 90
0
  0
ACDBDETAILVIEWSTYLE
  5
21C
102
{ACAD_XDICTIONARY
360
11AF
102
}
102
{ACAD_REACTORS
330
21B
102
}
330
21B
100
AcDbModelDocViewStyle
 70
0
  3
Metric50
290
0
100
AcDbDetailViewStyle
 70
0
 71
0
 90
3
 71
1
340
11
 62
256
 40
5.0
340
0
 62
256
 40
5.0
300

 40
0.0
280
1
 71
2
340
16
 90
25
 62
256
 71
3
340
11
 62
256
 40
5.0
 90
0
 40
15.0
 90
1
300
%<\AcVar ViewDetailId>% (%<\AcVar ViewScale \f "%sn">%)
 71
4
340
16
 90
25
 62
256
340
16
 90
25
 62
256
280
0
  0
LAYOUT
  5
D3
102
{ACAD_REACTORS
330
1A
102
}
330
1A
100
AcDbPlotSettings
  1

  2
C:\Documents and Settings\basas\Application Data\Autodesk\AutoCAD 2005\R16.1\enu\plotters\Default Windows System Printer.pc3
  4

  6

 40
0.0
 41
0.0
 42
0.0
 43
0.0
 44
0.0
 45
0.0
 46
0.0
 47
0.0
 48
0.0
 49
0.0
140
0.0
141
0.0
142
1.0
143
1.0
 70
688
 72
0
 73
0
 74
5
  7

 75
16
 76
0
 77
2
 78
300
147
1.0
148
0.0
149
0.0
100
AcDbLayout
  1
Layout1
 70
1
 71
1
 10
0.0
 20
0.0
 11
12.0
 21
9.0
 12
0.0
 22
0.0
 32
0.0
 14
0.0
 24
0.0
 34
0.0
 15
0.0
 25
0.0
 35
0.0
146
0.0
 13
0.0
 23
0.0
 33
0.0
 16
1.0
 26
0.0
 36
0.0
 17
0.0
 27
1.0
 37
0.0
 76
0
330
D2
  0
LAYOUT
  5
D7
102
{ACAD_REACTORS
330
1A
102
}
330
1A
100
AcDbPlotSettings
  1

  2
C:\Documents and Settings\basas\Application Data\Autodesk\AutoCAD 2005\R16.1\enu\plotters\Default Windows System Printer.pc3
  4

  6

 40
0.0
 41
0.0
 42
0.0
 43
0.0
 44
0.0
 45
0.0
 46
0.0
 47
0.0
 48
0.0
 49
0.0
140
0.0
141
0.0
142
1.0
143
1.0
 70
688
 72
0
 73
0
 74
5
  7

 75
16
 76
0
 77
2
 78
300
147
1.0
148
0.0
149
0.0
100
AcDbLayout
  1
Layout2
 70
1
 71
2
 10
0.0
 20
0.0
 11
12.0
 21
9.0
 12
0.0
 22
0.0
 32
0.0
 14
0.0
 24
0.0
 34
0.0
 15
0.0
 25
0.0
 35
0.0
146
0.0
 13
0.0
 23
0.0
 33
0.0
 16
1.0
 26
0.0
 36
0.0
 17
0.0
 27
1.0
 37
0.0
 76
0
330
D6
  0
LAYOUT
  5
22
102
{ACAD_XDICTIONARY
360
205
102
}
102
{ACAD_REACTORS
330
1A
102
}
330
1A
100
AcDbPlotSettings
  1

  2
none_device
  4
ISO_A4_(210.00_x_297.00_MM)
  6

 40
7.5
 41
20.0
 42
7.5
 43
20.0
 44
210.0
 45
297.0
 46
11.54999923706054
 47
-13.65000009536743
 48
0.0
 49
0.0
140
0.0
141
0.0
142
1.0
143
8.704084754739808
 70
11952
 72
1
 73
0
 74
0
  7

 75
0
 76
0
 77
2
 78
300
147
0.1148885871608098
148
0.0
149
0.0
100
AcDbLayout
  1
Model
 70
1
 71
0
 10
0.0
 20
0.0
 11
12.0
 21
9.0
 12
0.0
 22
0.0
 32
0.0
 14
0.0
 24
0.0
 34
0.0
 15
0.0
 25
0.0
 35
0.0
146
0.0
 13
0.0
 23
0.0
 33
0.0
 16
1.0
 26
0.0
 36
0.0
 17
0.0
 27
1.0
 37
0.0
 76
0
330
1F
331
EA
1001
ACAD_PSEXT
1000
None
1000
None
1000
Not applicable
1000
The layout will not be plotted unless a new plotter configuration name is selected.
1070
0
  0
MATERIAL
  5
ED
102
{ACAD_XDICTIONARY
360
1F9
102
}
102
{ACAD_REACTORS
330
6A
102
}
330
6A
100
AcDbMaterial
  1
ByBlock
  2

 70
0
 40
1.0
 71
0
 41
1.0
 91
-1023410177
 42
1.0
 72
1
  3

 73
1
 74
1
 75
1
 44
0.5
 73
0
 45
1.0
 46
1.0
 77
1
  4

 78
1
 79
1
170
1
 48
1.0
171
1
  6

172
1
173
1
174
1
140
1.0
141
1.0
175
1
  7

176
1
177
1
178
1
143
1.0
179
1
  8

270
1
271
1
272
1
145
1.0
146
1.0
273
1
  9

274
1
275
1
276
1
 42
1.0
 72
1
  3

 73
1
 74
1
 75
1
 94
63
  0
MATERIAL
  5
EC
102
{ACAD_XDICTIONARY
360
1F7
102
}
102
{ACAD_REACTORS
330
6A
102
}
330
6A
100
AcDbMaterial
  1
ByLayer
  2

 70
0
 40
1.0
 71
0
 41
1.0
 91
-1023410177
 42
1.0
 72
1
  3

 73
1
 74
1
 75
1
 44
0.5
 73
0
 45
1.0
 46
1.0
 77
1
  4

 78
1
 79
1
170
1
 48
1.0
171
1
  6

172
1
173
1
174
1
140
1.0
141
1.0
175
1
  7

176
1
177
1
178
1
143
1.0
179
1
  8

270
1
271
1
272
1
145
1.0
146
1.0
273
1
  9

274
1
275
1
276
1
 42
1.0
 72
1
  3

 73
1
 74
1
 75
1
 94
63
  0
MATERIAL
  5
EE
102
{ACAD_XDICTIONARY
360
173
102
}
102
{ACAD_REACTORS
330
6A
102
}
330
6A
100
AcDbMaterial
  1
Global
  2

 70
0
 40
1.0
 71
0
 41
1.0
 91
-1023410177
 42
1.0
 72
1
  3

 73
1
 74
1
 75
1
 43
0.0007999999797903
 43
0.0
 43
0.0
 43
0.0
 43
0.0
 43
0.0007999999797903
 43
0.0
 43
0.0
 43
0.0
 43
0.0
 43
1.0
 43
0.0
 43
0.0
 43
0.0
 43
0.0
 43
1.0
 44
0.5
 73
0
 45
1.0
 46
1.0
 77
1
  4

 78
1
 79
1
170
1
 48
1.0
171
1
  6

172
1
173
1
174
1
 49
0.0007999999797903
 49
0.0
 49
0.0
 49
0.0
 49
0.0
 49
0.0007999999797903
 49
0.0
 49
0.0
 49
0.0
 49
0.0
 49
1.0
 49
0.0
 49
0.0
 49
0.0
 49
0.0
 49
1.0
140
1.0
141
1.0
175
1
  7

176
1
177
1
178
1
142
0.0007999999797903
142
0.0
142
0.0
142
0.0
142
0.0
142
0.0007999999797903
142
0.0
142
0.0
142
0.0
142
0.0
142
1.0
142
0.0
142
0.0
142
0.0
142
0.0
142
1.0
143
1.0
179
1
  8

270
1
271
1
272
1
144
0.0007999999797903
144
0.0
144
0.0
144
0.0
144
0.0
144
0.0007999999797903
144
0.0
144
0.0
144
0.0
144
0.0
144
1.0
144
0.0
144
0.0
144
0.0
144
0.0
144
1.0
145
1.0
146
1.0
273
1
  9

274
1
275
1
276
1
 42
1.0
 72
1
  3

 73
1
 74
1
 75
1
 94
63
1001
ACAD
1070
-1
1070
3
1070
0
1000

1071
0
1070
0
  0
MLEADERSTYLE
  5
13B
102
{ACAD_REACTORS
330
12D
102
}
330
12D
100
AcDbMLeaderStyle
179
2
170
2
171
1
172
0
 90
2
 40
0.0
 41
0.0
173
1
 91
-1056964608
340
14
 92
-2
290
1
 42
2.0
291
1
 43
8.0
  3
Standard
 44
4.0
300

342
11
174
1
175
1
176
0
178
1
 93
-1056964608
 45
4.0
292
0
297
0
 46
4.0
293
1
 94
-1056964608
 47
1.0
 49
1.0
140
1.0
294
1
141
0.0
177
0
142
1.0
295
0
296
1
143
3.75
271
0
272
9
273
9
298
0
  0
MLEADERSTYLE
  5
12E
102
{ACAD_REACTORS
330
12D
102
}
330
12D
100
AcDbMLeaderStyle
179
2
170
2
171
1
172
0
 90
2
 40
0.0
 41
0.0
173
1
 91
-1056964608
340
14
 92
-2
290
1
 42
2.0
291
1
 43
8.0
  3
Standard
 44
4.0
300

342
11
174
1
175
1
176
0
178
1
 93
-1056964608
 45
4.0
292
0
297
0
 46
4.0
293
1
 94
-1056964608
 47
1.0
 49
1.0
140
1.0
294
1
141
0.0
177
0
142
1.0
295
0
296
0
143
3.75
271
0
272
9
273
9
298
0
  0
MLINESTYLE
  5
18
102
{ACAD_REACTORS
330
17
102
}
330
17
100
AcDbMlineStyle
  2
STANDARD
 70
0
  3

 62
256
 51
90.0
 52
90.0
 71
2
 49
0.5
 62
256
  6
BYLAYER
 49
-0.5
 62
256
  6
BYLAYER
  0
ACDBPLACEHOLDER
  5
F
102
{ACAD_REACTORS
330
E
102
}
330
E
  0
SCALE
  5
10D
102
{ACAD_REACTORS
330
10C
102
}
330
10C
100
AcDbScale
 70
0
300
1:1
140
1.0
141
1.0
290
1
  0
SCALE
  5
1BE
102
{ACAD_REACTORS
330
10C
102
}
330
10C
100
AcDbScale
 70
0
300
1:2
140
1.0
141
2.0
290
0
  0
SCALE
  5
1BF
102
{ACAD_REACTORS
330
10C
102
}
330
10C
100
AcDbScale
 70
0
300
1:4
140
1.0
141
4.0
290
0
  0
SCALE
  5
1C0
102
{ACAD_REACTORS
330
10C
102
}
330
10C
100
AcDbScale
 70
0
300
1:5
140
1.0
141
5.0
290
0
  0
SCALE
  5
1C1
102
{ACAD_REACTORS
330
10C
102
}
330
10C
100
AcDbScale
 70
0
300
1:8
140
1.0
141
8.0
290
0
  0
SCALE
  5
1C2
102
{ACAD_REACTORS
330
10C
102
}
330
10C
100
AcDbScale
 70
0
300
1:10
140
1.0
141
10.0
290
0
  0
SCALE
  5
1C3
102
{ACAD_REACTORS
330
10C
102
}
330
10C
100
AcDbScale
 70
0
300
1:16
140
1.0
141
16.0
290
0
  0
SCALE
  5
1C4
102
{ACAD_REACTORS
330
10C
102
}
330
10C
100
AcDbScale
 70
0
300
1:20
140
1.0
141
20.0
290
0
  0
SCALE
  5
1C5
102
{ACAD_REACTORS
330
10C
102
}
330
10C
100
AcDbScale
 70
0
300
1:30
140
1.0
141
30.0
290
0
  0
SCALE
  5
1C6
102
{ACAD_REACTORS
330
10C
102
}
330
10C
100
AcDbScale
 70
0
300
1:40
140
1.0
141
40.0
290
0
  0
SCALE
  5
1C7
102
{ACAD_REACTORS
330
10C
102
}
330
10C
100
AcDbScale
 70
0
300
1:50
140
1.0
141
50.0
290
0
  0
SCALE
  5
1C8
102
{ACAD_REACTORS
330
10C
102
}
330
10C
100
AcDbScale
 70
0
300
1:100
140
1.0
141
100.0
290
0
  0
SCALE
  5
1C9
102
{ACAD_REACTORS
330
10C
102
}
330
10C
100
AcDbScale
 70
0
300
2:1
140
2.0
141
1.0
290
0
  0
SCALE
  5
1CA
102
{ACAD_REACTORS
330
10C
102
}
330
10C
100
AcDbScale
 70
0
300
4:1
140
4.0
141
1.0
290
0
  0
SCALE
  5
1CB
102
{ACAD_REACTORS
330
10C
102
}
330
10C
100
AcDbScale
 70
0
300
8:1
140
8.0
141
1.0
290
0
  0
SCALE
  5
1CC
102
{ACAD_REACTORS
330
10C
102
}
330
10C
100
AcDbScale
 70
0
300
10:1
140
10.0
141
1.0
290
0
  0
SCALE
  5
1CD
102
{ACAD_REACTORS
330
10C
102
}
330
10C
100
AcDbScale
 70
0
300
100:1
140
100.0
141
1.0
290
0
  0
ACDBSECTIONVIEWSTYLE
  5
21A
102
{ACAD_XDICTIONARY
360
11AD
102
}
102
{ACAD_REACTORS
330
219
102
}
330
219
100
AcDbModelDocViewStyle
 70
0
  3
Metric50
290
0
100
AcDbSectionViewStyle
 70
0
 71
0
 90
102
 71
1
340
11
 62
256
 40
5.0
340
0
340
0
 62
256
 40
5.0
300
I, O, Q, S, X, Z
 40
10.0
 90
0
 40
2.5
 90
0
 71
2
340
16
 90
25
 62
256
340
16
 90
50
 62
256
 40
5.0
 40
2.5
 40
5.0
 71
3
340
11
 62
256
 40
5.0
 90
0
 40
15.0
 90
1
300
%<\AcVar ViewSectionStartId>%-%<\AcVar ViewSectionEndId>% (%<\AcVar ViewScale \f "%sn">%)
 71
4
 62
256
 62
257
300
ANSI31
 40
1.0
 90
0
290
0
290
0
 90
6
 40
0.0
 40
1.570796326794896
 40
0.2617993877991494
 40
1.308996938995747
 40
-0.2617993877991494
 40
1.832595714594046
  0
TABLESTYLE
  5
7F
102
{ACAD_XDICTIONARY
360
162
102
}
102
{ACAD_REACTORS
330
7E
102
}
330
7E
100
AcDbTableStyle
280
0
  3
Standard
 70
0
 71
0
 40
1.5
 41
1.5
280
0
281
0
  7
Standard
140
4.5
170
2
 62
0
 63
7
283
0
 90
512
 91
0
  1

274
-2
284
1
 64
0
275
-2
285
1
 65
0
276
-2
286
1
 66
0
277
-2
287
1
 67
0
278
-2
288
1
 68
0
279
-2
289
1
 69
0
  7
Standard
140
6.0
170
5
 62
0
 63
7
283
0
 90
512
 91
0
  1

274
-2
284
1
 64
0
275
-2
285
1
 65
0
276
-2
286
1
 66
0
277
-2
287
1
 67
0
278
-2
288
1
 68
0
279
-2
289
1
 69
0
  7
Standard
140
4.5
170
5
 62
0
 63
7
283
0
 90
512
 91
0
  1

274
-2
284
1
 64
0
275
-2
285
1
 65
0
276
-2
286
1
 66
0
277
-2
287
1
 67
0
278
-2
288
1
 68
0
279
-2
289
1
 69
0
  0
VISUALSTYLE
  5
F5
102
{ACAD_REACTORS
330
EF
102
}
330
EF
100
AcDbVisualStyle
  2
2dWireframe
 70
4
177
3
291
0
 70
58
 90
0
176
1
 90
2
176
1
 90
1
176
1
 90
0
176
1
 40
0.6
176
1
 40
30.0
176
1
 62
7
420
16777215
176
1
 90
1
176
1
 90
4
176
1
 62
7
176
1
 62
257
176
1
 90
1
176
1
 90
1
176
1
 40
1.0
176
1
 90
0
176
1
 62
257
176
1
 40
1.0
176
1
 90
1
176
1
 90
6
176
1
 90
2
176
1
 62
7
176
1
 90
5
176
1
 90
0
176
1
 90
0
176
1
290
0
176
1
 90
1
176
1
 40
0.0
176
1
 90
0
176
1
290
1
176
1
290
1
176
1
290
0
176
1
290
0
176
1
290
0
176
1
290
0
176
1
290
0
176
1
290
0
176
1
290
0
176
1
 90
50
176
1
 40
0.0
176
1
 40
1.0
176
1
 90
0
176
1
 62
18
420
0
176
1
 90
50
176
1
 90
3
176
1
 62
5
420
255
176
1
290
0
176
1
 90
50
176
1
 90
50
176
1
 90
50
176
1
290
0
176
1
 90
50
176
1
 62
256
176
0
 40
1.0
176
0
 90
2
176
1
  1
strokes_ogs.tif
176
1
290
0
176
1
 40
1.0
176
1
 40
1.0
176
1
1001
ACAD
1000
AcDbSavedByObjectVersion
1070
0
  0
VISUALSTYLE
  5
F4
102
{ACAD_REACTORS
330
EF
102
}
330
EF
100
AcDbVisualStyle
  2
Basic
 70
7
177
3
291
1
 70
58
 90
1
176
1
 90
0
176
1
 90
1
176
1
 90
0
176
1
 40
0.6
176
1
 40
30.0
176
1
 62
7
420
16777215
176
1
 90
0
176
1
 90
4
176
1
 62
7
176
1
 62
257
176
1
 90
1
176
1
 90
1
176
1
 40
1.0
176
1
 90
8
176
1
 62
7
176
1
 40
1.0
176
1
 90
1
176
1
 90
6
176
1
 90
2
176
1
 62
7
176
1
 90
5
176
1
 90
0
176
1
 90
0
176
1
290
0
176
1
 90
1
176
1
 40
0.0
176
1
 90
0
176
1
290
0
176
1
290
1
176
1
290
1
176
1
290
0
176
1
290
0
176
1
290
0
176
1
290
0
176
1
290
0
176
1
290
0
176
1
 90
50
176
1
 40
0.0
176
1
 40
1.0
176
1
 90
0
176
1
 62
18
420
0
176
1
 90
50
176
1
 90
3
176
1
 62
5
420
255
176
1
290
0
176
1
 90
50
176
1
 90
50
176
1
 90
50
176
1
290
0
176
1
 90
50
176
1
 62
256
176
0
 40
1.0
176
0
 90
2
176
1
  1
strokes_ogs.tif
176
1
290
0
176
1
 40
1.0
176
1
 40
1.0
176
1
1001
ACAD
1000
AcDbSavedByObjectVersion
1070
0
  0
VISUALSTYLE
  5
FB
102
{ACAD_REACTORS
330
EF
102
}
330
EF
100
AcDbVisualStyle
  2
Brighten
 70
12
177
3
291
1
 70
58
 90
2
176
1
 90
2
176
1
 90
1
176
1
 90
0
176
1
 40
0.6
176
1
 40
30.0
176
1
 62
7
420
16777215
176
1
 90
1
176
1
 90
4
176
1
 62
7
176
1
 62
257
176
1
 90
1
176
1
 90
1
176
1
 40
1.0
176
1
 90
8
176
1
 62
7
176
1
 40
1.0
176
1
 90
1
176
1
 90
6
176
1
 90
2
176
1
 62
7
176
1
 90
5
176
1
 90
0
176
1
 90
0
176
1
290
0
176
1
 90
1
176
1
 40
50.0
176
1
 90
0
176
1
290
0
176
1
290
1
176
1
290
1
176
1
290
0
176
1
290
0
176
1
290
0
176
1
290
0
176
1
290
0
176
1
290
0
176
1
 90
50
176
1
 40
0.0
176
1
 40
1.0
176
1
 90
0
176
1
 62
18
420
0
176
1
 90
50
176
1
 90
3
176
1
 62
5
420
255
176
1
290
0
176
1
 90
50
176
1
 90
50
176
1
 90
50
176
1
290
0
176
1
 90
50
176
1
 62
256
176
0
 40
1.0
176
0
 90
2
176
1
  1
strokes_ogs.tif
176
1
290
0
176
1
 40
1.0
176
1
 40
1.0
176
1
1001
ACAD
1000
AcDbSavedByObjectVersion
1070
0
  0
VISUALSTYLE
  5
FF
102
{ACAD_REACTORS
330
EF
102
}
330
EF
100
AcDbVisualStyle
  2
ColorChange
 70
16
177
3
291
1
 70
58
 90
2
176
1
 90
2
176
1
 90
3
176
1
 90
0
176
1
 40
0.6
176
1
 40
30.0
176
1
 62
8
420
8421504
176
1
 90
1
176
1
 90
4
176
1
 62
7
176
1
 62
257
176
1
 90
1
176
1
 90
1
176
1
 40
1.0
176
1
 90
8
176
1
 62
8
420
8421504
176
1
 40
1.0
176
1
 90
1
176
1
 90
6
176
1
 90
2
176
1
 62
7
176
1
 90
5
176
1
 90
0
176
1
 90
0
176
1
290
0
176
1
 90
1
176
1
 40
0.0
176
1
 90
0
176
1
290
0
176
1
290
1
176
1
290
1
176
1
290
0
176
1
290
0
176
1
290
0
176
1
290
0
176
1
290
0
176
1
290
0
176
1
 90
50
176
1
 40
0.0
176
1
 40
1.0
176
1
 90
0
176
1
 62
18
420
0
176
1
 90
50
176
1
 90
3
176
1
 62
5
420
255
176
1
290
0
176
1
 90
50
176
1
 90
50
176
1
 90
50
176
1
290
0
176
1
 90
50
176
1
 62
256
176
0
 40
1.0
176
0
 90
2
176
1
  1
strokes_ogs.tif
176
1
290
0
176
1
 40
1.0
176
1
 40
1.0
176
1
1001
ACAD
1000
AcDbSavedByObjectVersion
1070
0
  0
VISUALSTYLE
  5
F8
102
{ACAD_REACTORS
330
EF
102
}
330
EF
100
AcDbVisualStyle
  2
Conceptual
 70
9
177
3
291
0
 70
58
 90
3
176
1
 90
2
176
1
 90
1
176
1
 90
0
176
1
 40
0.6
176
1
 40
30.0
176
1
 62
7
420
16777215
176
1
 90
2
176
1
 90
2
176
1
 62
7
176
1
 62
257
176
1
 90
1
176
1
 90
1
176
1
 40
40.0
176
1
 90
8
176
1
 62
7
176
1
 40
1.0
176
1
 90
1
176
1
 90
6
176
1
 90
2
176
1
 62
7
176
1
 90
3
176
1
 90
0
176
1
 90
0
176
1
290
0
176
1
 90
1
176
1
 40
0.0
176
1
 90
0
176
1
290
0
176
1
290
1
176
1
290
1
176
1
290
0
176
1
290
0
176
1
290
0
176
1
290
0
176
1
290
0
176
1
290
0
176
1
 90
50
176
1
 40
0.0
176
1
 40
1.0
176
1
 90
0
176
1
 62
18
420
0
176
1
 90
50
176
1
 90
3
176
1
 62
5
420
255
176
1
290
0
176
1
 90
50
176
1
 90
50
176
1
 90
50
176
1
290
0
176
1
 90
50
176
1
 62
256
176
0
 40
1.0
176
0
 90
2
176
1
  1
strokes_ogs.tif
176
1
290
0
176
1
 40
1.0
176
1
 40
1.0
176
1
1001
ACAD
1000
AcDbSavedByObjectVersion
1070
0
  0
VISUALSTYLE
  5
FA
102
{ACAD_REACTORS
330
EF
102
}
330
EF
100
AcDbVisualStyle
  2
Dim
 70
11
177
3
291
1
 70
58
 90
2
176
1
 90
2
176
1
 90
1
176
1
 90
0
176
1
 40
0.6
176
1
 40
30.0
176
1
 62
7
420
16777215
176
1
 90
1
176
1
 90
4
176
1
 62
7
176
1
 62
257
176
1
 90
1
176
1
 90
1
176
1
 40
1.0
176
1
 90
8
176
1
 62
7
176
1
 40
1.0
176
1
 90
1
176
1
 90
6
176
1
 90
2
176
1
 62
7
176
1
 90
5
176
1
 90
0
176
1
 90
0
176
1
290
0
176
1
 90
1
176
1
 40
-50.0
176
1
 90
0
176
1
290
0
176
1
290
1
176
1
290
1
176
1
290
0
176
1
290
0
176
1
290
0
176
1
290
0
176
1
290
0
176
1
290
0
176
1
 90
50
176
1
 40
0.0
176
1
 40
1.0
176
1
 90
0
176
1
 62
18
420
0
176
1
 90
50
176
1
 90
3
176
1
 62
5
420
255
176
1
290
0
176
1
 90
50
176
1
 90
50
176
1
 90
50
176
1
290
0
176
1
 90
50
176
1
 62
256
176
0
 40
1.0
176
0
 90
2
176
1
  1
strokes_ogs.tif
176
1
290
0
176
1
 40
1.0
176
1
 40
1.0
176
1
1001
ACAD
1000
AcDbSavedByObjectVersion
1070
0
  0
VISUALSTYLE
  5
1E6
102
{ACAD_REACTORS
330
EF
102
}
330
EF
100
AcDbVisualStyle
  2
EdgeColorOff
 70
22
177
3
291
1
 70
58
 90
2
176
0
 90
2
176
0
 90
0
176
0
 90
0
176
0
 40
0.6
176
0
 40
30.0
176
0
 62
7
420
16777215
176
0
 90
1
176
0
 90
4
176
0
 62
7
176
0
 62
257
176
0
 90
1
176
0
 90
1
176
0
 40
1.0
176
0
 90
8
176
2
 62
7
176
0
 40
1.0
176
0
 90
1
176
0
 90
6
176
0
 90
2
176
0
 62
7
176
0
 90
5
176
0
 90
0
176
0
 90
0
176
0
290
0
176
0
 90
1
176
0
 40
0.0
176
0
 90
0
176
0
290
0
176
1
290
1
176
1
290
1
176
1
290
0
176
1
290
0
176
1
290
0
176
1
290
0
176
1
290
0
176
1
290
0
176
1
 90
50
176
1
 40
0.0
176
1
 40
1.0
176
1
 90
0
176
1
 62
18
420
0
176
1
 90
50
176
1
 90
3
176
1
 62
5
420
255
176
1
290
0
176
1
 90
50
176
1
 90
50
176
1
 90
50
176
1
290
0
176
1
 90
50
176
1
 62
256
176
0
 40
1.0
176
0
 90
2
176
1
  1
strokes_ogs.tif
176
1
290
0
176
1
 40
1.0
176
1
 40
1.0
176
1
1001
ACAD
1000
AcDbSavedByObjectVersion
1070
0
  0
VISUALSTYLE
  5
FE
102
{ACAD_REACTORS
330
EF
102
}
330
EF
100
AcDbVisualStyle
  2
Facepattern
 70
15
177
3
291
1
 70
58
 90
2
176
1
 90
2
176
1
 90
1
176
1
 90
0
176
1
 40
0.6
176
1
 40
30.0
176
1
 62
7
420
16777215
176
1
 90
1
176
1
 90
4
176
1
 62
7
176
1
 62
257
176
1
 90
1
176
1
 90
1
176
1
 40
1.0
176
1
 90
8
176
1
 62
7
176
1
 40
1.0
176
1
 90
1
176
1
 90
6
176
1
 90
2
176
1
 62
7
176
1
 90
5
176
1
 90
0
176
1
 90
0
176
1
290
0
176
1
 90
1
176
1
 40
0.0
176
1
 90
0
176
1
290
0
176
1
290
1
176
1
290
1
176
1
290
0
176
1
290
0
176
1
290
0
176
1
290
0
176
1
290
0
176
1
290
0
176
1
 90
50
176
1
 40
0.0
176
1
 40
1.0
176
1
 90
0
176
1
 62
18
420
0
176
1
 90
50
176
1
 90
3
176
1
 62
5
420
255
176
1
290
0
176
1
 90
50
176
1
 90
50
176
1
 90
50
176
1
290
0
176
1
 90
50
176
1
 62
256
176
0
 40
1.0
176
0
 90
2
176
1
  1
strokes_ogs.tif
176
1
290
0
176
1
 40
1.0
176
1
 40
1.0
176
1
1001
ACAD
1000
AcDbSavedByObjectVersion
1070
0
  0
VISUALSTYLE
  5
F0
102
{ACAD_REACTORS
330
EF
102
}
330
EF
100
AcDbVisualStyle
  2
Flat
 70
0
177
3
291
1
 70
58
 90
2
176
1
 90
1
176
1
 90
1
176
1
 90
2
176
1
 40
0.6
176
1
 40
30.0
176
1
 62
7
420
16777215
176
1
 90
0
176
1
 90
0
176
1
 62
7
176
1
 62
257
176
1
 90
1
176
1
 90
1
176
1
 40
1.0
176
1
 90
8
176
1
 62
7
176
1
 40
1.0
176
1
 90
1
176
1
 90
6
176
1
 90
2
176
1
 62
7
176
1
 90
5
176
1
 90
0
176
1
 90
0
176
1
290
0
176
1
 90
13
176
1
 40
0.0
176
1
 90
0
176
1
290
0
176
1
290
1
176
1
290
1
176
1
290
0
176
1
290
0
176
1
290
0
176
1
290
0
176
1
290
0
176
1
290
0
176
1
 90
50
176
1
 40
0.0
176
1
 40
1.0
176
1
 90
0
176
1
 62
18
420
0
176
1
 90
50
176
1
 90
3
176
1
 62
5
420
255
176
1
290
0
176
1
 90
50
176
1
 90
50
176
1
 90
50
176
1
290
0
176
1
 90
50
176
1
 62
256
176
0
 40
1.0
176
0
 90
2
176
1
  1
strokes_ogs.tif
176
1
290
0
176
1
 40
1.0
176
1
 40
1.0
176
1
1001
ACAD
1000
AcDbSavedByObjectVersion
1070
0
  0
VISUALSTYLE
  5
F1
102
{ACAD_REACTORS
330
EF
102
}
330
EF
100
AcDbVisualStyle
  2
FlatWithEdges
 70
1
177
3
291
1
 70
58
 90
2
176
1
 90
1
176
1
 90
1
176
1
 90
2
176
1
 40
0.6
176
1
 40
30.0
176
1
 62
7
420
16777215
176
1
 90
1
176
1
 90
0
176
1
 62
7
176
1
 62
257
176
1
 90
1
176
1
 90
1
176
1
 40
1.0
176
1
 90
0
176
1
 62
257
176
1
 40
1.0
176
1
 90
1
176
1
 90
6
176
1
 90
2
176
1
 62
7
176
1
 90
5
176
1
 90
0
176
1
 90
0
176
1
290
0
176
1
 90
13
176
1
 40
0.0
176
1
 90
0
176
1
290
0
176
1
290
1
176
1
290
1
176
1
290
0
176
1
290
0
176
1
290
0
176
1
290
0
176
1
290
0
176
1
290
0
176
1
 90
50
176
1
 40
0.0
176
1
 40
1.0
176
1
 90
0
176
1
 62
18
420
0
176
1
 90
50
176
1
 90
3
176
1
 62
5
420
255
176
1
290
0
176
1
 90
50
176
1
 90
50
176
1
 90
50
176
1
290
0
176
1
 90
50
176
1
 62
256
176
0
 40
1.0
176
0
 90
2
176
1
  1
strokes_ogs.tif
176
1
290
0
176
1
 40
1.0
176
1
 40
1.0
176
1
1001
ACAD
1000
AcDbSavedByObjectVersion
1070
0
  0
VISUALSTYLE
  5
F2
102
{ACAD_REACTORS
330
EF
102
}
330
EF
100
AcDbVisualStyle
  2
Gouraud
 70
2
177
3
291
1
 70
58
 90
2
176
1
 90
2
176
1
 90
1
176
1
 90
2
176
1
 40
0.6
176
1
 40
30.0
176
1
 62
7
420
16777215
176
1
 90
0
176
1
 90
0
176
1
 62
7
176
1
 62
257
176
1
 90
1
176
1
 90
1
176
1
 40
1.0
176
1
 90
0
176
1
 62
7
176
1
 40
1.0
176
1
 90
1
176
1
 90
6
176
1
 90
2
176
1
 62
7
176
1
 90
5
176
1
 90
0
176
1
 90
0
176
1
290
0
176
1
 90
13
176
1
 40
0.0
176
1
 90
0
176
1
290
0
176
1
290
1
176
1
290
1
176
1
290
0
176
1
290
0
176
1
290
0
176
1
290
0
176
1
290
0
176
1
290
0
176
1
 90
50
176
1
 40
0.0
176
1
 40
1.0
176
1
 90
0
176
1
 62
18
420
0
176
1
 90
50
176
1
 90
3
176
1
 62
5
420
255
176
1
290
0
176
1
 90
50
176
1
 90
50
176
1
 90
50
176
1
290
0
176
1
 90
50
176
1
 62
256
176
0
 40
1.0
176
0
 90
2
176
1
  1
strokes_ogs.tif
176
1
290
0
176
1
 40
1.0
176
1
 40
1.0
176
1
1001
ACAD
1000
AcDbSavedByObjectVersion
1070
0
  0
VISUALSTYLE
  5
F3
102
{ACAD_REACTORS
330
EF
102
}
330
EF
100
AcDbVisualStyle
  2
GouraudWithEdges
 70
3
177
3
291
1
 70
58
 90
2
176
1
 90
2
176
1
 90
1
176
1
 90
2
176
1
 40
0.6
176
1
 40
30.0
176
1
 62
7
420
16777215
176
1
 90
1
176
1
 90
0
176
1
 62
7
176
1
 62
257
176
1
 90
1
176
1
 90
1
176
1
 40
1.0
176
1
 90
0
176
1
 62
257
176
1
 40
1.0
176
1
 90
1
176
1
 90
6
176
1
 90
2
176
1
 62
7
176
1
 90
5
176
1
 90
0
176
1
 90
0
176
1
290
0
176
1
 90
13
176
1
 40
0.0
176
1
 90
0
176
1
290
0
176
1
290
1
176
1
290
1
176
1
290
0
176
1
290
0
176
1
290
0
176
1
290
0
176
1
290
0
176
1
290
0
176
1
 90
50
176
1
 40
0.0
176
1
 40
1.0
176
1
 90
0
176
1
 62
18
420
0
176
1
 90
50
176
1
 90
3
176
1
 62
5
420
255
176
1
290
0
176
1
 90
50
176
1
 90
50
176
1
 90
50
176
1
290
0
176
1
 90
50
176
1
 62
256
176
0
 40
1.0
176
0
 90
2
176
1
  1
strokes_ogs.tif
176
1
290
0
176
1
 40
1.0
176
1
 40
1.0
176
1
1001
ACAD
1000
AcDbSavedByObjectVersion
1070
0
  0
VISUALSTYLE
  5
F7
102
{ACAD_REACTORS
330
EF
102
}
330
EF
100
AcDbVisualStyle
  2
Hidden
 70
6
177
3
291
0
 70
58
 90
1
176
1
 90
2
176
1
 90
2
176
1
 90
0
176
1
 40
0.6
176
1
 40
30.0
176
1
 62
7
420
16777215
176
1
 90
2
176
1
 90
2
176
1
 62
7
176
1
 62
257
176
1
 90
2
176
1
 90
1
176
1
 40
40.0
176
1
 90
0
176
1
 62
257
176
1
 40
1.0
176
1
 90
1
176
1
 90
6
176
1
 90
2
176
1
 62
7
176
1
 90
3
176
1
 90
0
176
1
 90
0
176
1
290
0
176
1
 90
1
176
1
 40
0.0
176
1
 90
0
176
1
290
0
176
1
290
1
176
1
290
1
176
1
290
0
176
1
290
0
176
1
290
0
176
1
290
0
176
1
290
0
176
1
290
0
176
1
 90
50
176
1
 40
0.0
176
1
 40
1.0
176
1
 90
0
176
1
 62
18
420
0
176
1
 90
50
176
1
 90
3
176
1
 62
5
420
255
176
1
290
0
176
1
 90
50
176
1
 90
50
176
1
 90
50
176
1
290
0
176
1
 90
50
176
1
 62
256
176
0
 40
1.0
176
0
 90
2
176
1
  1
strokes_ogs.tif
176
1
290
0
176
1
 40
1.0
176
1
 40
1.0
176
1
1001
ACAD
1000
AcDbSavedByObjectVersion
1070
0
  0
VISUALSTYLE
  5
1E4
102
{ACAD_REACTORS
330
EF
102
}
330
EF
100
AcDbVisualStyle
  2
JitterOff
 70
20
177
3
291
1
 70
58
 90
2
176
0
 90
2
176
0
 90
0
176
0
 90
0
176
0
 40
0.6
176
0
 40
30.0
176
0
 62
7
420
16777215
176
0
 90
1
176
0
 90
4
176
0
 62
7
176
0
 62
257
176
0
 90
1
176
0
 90
1
176
0
 40
1.0
176
0
 90
10
176
2
 62
7
176
0
 40
1.0
176
0
 90
1
176
0
 90
6
176
0
 90
2
176
0
 62
7
176
0
 90
5
176
0
 90
0
176
0
 90
0
176
0
290
0
176
0
 90
1
176
0
 40
0.0
176
0
 90
0
176
0
290
0
176
1
290
1
176
1
290
1
176
1
290
0
176
1
290
0
176
1
290
0
176
1
290
0
176
1
290
0
176
1
290
0
176
1
 90
50
176
1
 40
0.0
176
1
 40
1.0
176
1
 90
0
176
1
 62
18
420
0
176
1
 90
50
176
1
 90
3
176
1
 62
5
420
255
176
1
290
0
176
1
 90
50
176
1
 90
50
176
1
 90
50
176
1
290
0
176
1
 90
50
176
1
 62
256
176
0
 40
1.0
176
0
 90
2
176
1
  1
strokes_ogs.tif
176
1
290
0
176
1
 40
1.0
176
1
 40
1.0
176
1
1001
ACAD
1000
AcDbSavedByObjectVersion
1070
0
  0
VISUALSTYLE
  5
FD
102
{ACAD_REACTORS
330
EF
102
}
330
EF
100
AcDbVisualStyle
  2
Linepattern
 70
14
177
3
291
1
 70
58
 90
2
176
1
 90
2
176
1
 90
1
176
1
 90
0
176
1
 40
0.6
176
1
 40
30.0
176
1
 62
7
420
16777215
176
1
 90
1
176
1
 90
4
176
1
 62
7
176
1
 62
257
176
1
 90
7
176
1
 90
7
176
1
 40
1.0
176
1
 90
8
176
1
 62
7
176
1
 40
1.0
176
1
 90
1
176
1
 90
6
176
1
 90
2
176
1
 62
7
176
1
 90
5
176
1
 90
0
176
1
 90
0
176
1
290
0
176
1
 90
1
176
1
 40
0.0
176
1
 90
0
176
1
290
0
176
1
290
1
176
1
290
1
176
1
290
0
176
1
290
0
176
1
290
0
176
1
290
0
176
1
290
0
176
1
290
0
176
1
 90
50
176
1
 40
0.0
176
1
 40
1.0
176
1
 90
0
176
1
 62
18
420
0
176
1
 90
50
176
1
 90
3
176
1
 62
5
420
255
176
1
290
0
176
1
 90
50
176
1
 90
50
176
1
 90
50
176
1
290
0
176
1
 90
50
176
1
 62
256
176
0
 40
1.0
176
0
 90
2
176
1
  1
strokes_ogs.tif
176
1
290
0
176
1
 40
1.0
176
1
 40
1.0
176
1
1001
ACAD
1000
AcDbSavedByObjectVersion
1070
0
  0
VISUALSTYLE
  5
1E5
102
{ACAD_REACTORS
330
EF
102
}
330
EF
100
AcDbVisualStyle
  2
OverhangOff
 70
21
177
3
291
1
 70
58
 90
2
176
0
 90
2
176
0
 90
0
176
0
 90
0
176
0
 40
0.6
176
0
 40
30.0
176
0
 62
7
420
16777215
176
0
 90
1
176
0
 90
4
176
0
 62
7
176
0
 62
257
176
0
 90
1
176
0
 90
1
176
0
 40
1.0
176
0
 90
9
176
2
 62
7
176
0
 40
1.0
176
0
 90
1
176
0
 90
6
176
0
 90
2
176
0
 62
7
176
0
 90
5
176
0
 90
0
176
0
 90
0
176
0
290
0
176
0
 90
1
176
0
 40
0.0
176
0
 90
0
176
0
290
0
176
1
290
1
176
1
290
1
176
1
290
0
176
1
290
0
176
1
290
0
176
1
290
0
176
1
290
0
176
1
290
0
176
1
 90
50
176
1
 40
0.0
176
1
 40
1.0
176
1
 90
0
176
1
 62
18
420
0
176
1
 90
50
176
1
 90
3
176
1
 62
5
420
255
176
1
290
0
176
1
 90
50
176
1
 90
50
176
1
 90
50
176
1
290
0
176
1
 90
50
176
1
 62
256
176
0
 40
1.0
176
0
 90
2
176
1
  1
strokes_ogs.tif
176
1
290
0
176
1
 40
1.0
176
1
 40
1.0
176
1
1001
ACAD
1000
AcDbSavedByObjectVersion
1070
0
  0
VISUALSTYLE
  5
F9
102
{ACAD_REACTORS
330
EF
102
}
330
EF
100
AcDbVisualStyle
  2
Realistic
 70
8
177
3
291
0
 70
58
 90
2
176
1
 90
3
176
1
 90
0
176
1
 90
2
176
1
 40
0.6
176
1
 40
30.0
176
1
 62
7
420
16777215
176
1
 90
0
176
1
 90
0
176
1
 62
7
176
1
 62
257
176
1
 90
1
176
1
 90
1
176
1
 40
1.0
176
1
 90
8
176
1
 62
257
176
1
 40
1.0
176
1
 90
1
176
1
 90
6
176
1
 90
2
176
1
 62
7
176
1
 90
3
176
1
 90
0
176
1
 90
0
176
1
290
0
176
1
 90
13
176
1
 40
0.0
176
1
 90
0
176
1
290
0
176
1
290
1
176
1
290
1
176
1
290
0
176
1
290
0
176
1
290
0
176
1
290
0
176
1
290
0
176
1
290
0
176
1
 90
50
176
1
 40
0.0
176
1
 40
1.0
176
1
 90
0
176
1
 62
18
420
0
176
1
 90
50
176
1
 90
3
176
1
 62
5
420
255
176
1
290
0
176
1
 90
50
176
1
 90
50
176
1
 90
50
176
1
290
0
176
1
 90
50
176
1
 62
256
176
0
 40
1.0
176
0
 90
2
176
1
  1
strokes_ogs.tif
176
1
290
0
176
1
 40
1.0
176
1
 40
1.0
176
1
1001
ACAD
1000
AcDbSavedByObjectVersion
1070
0
  0
VISUALSTYLE
  5
1F3
102
{ACAD_REACTORS
330
EF
102
}
330
EF
100
AcDbVisualStyle
  2
Shaded
 70
27
177
3
291
0
 70
58
 90
2
176
1
 90
2
176
1
 90
1
176
1
 90
2
176
1
 40
0.6
176
1
 40
30.0
176
1
 62
7
420
16777215
176
1
 90
0
176
1
 90
4
176
1
 62
7
176
1
 62
257
176
1
 90
1
176
1
 90
1
176
1
 40
1.0
176
1
 90
8
176
1
 62
257
176
1
 40
1.0
176
1
 90
1
176
1
 90
6
176
1
 90
2
176
1
 62
8
420
7895160
176
1
 90
3
176
1
 90
0
176
1
 90
0
176
1
290
0
176
1
 90
5
176
1
 40
0.0
176
1
 90
0
176
1
290
0
176
1
290
1
176
1
290
1
176
1
290
0
176
1
290
0
176
1
290
0
176
1
290
0
176
1
290
0
176
1
290
0
176
1
 90
50
176
1
 40
0.0
176
1
 40
1.0
176
1
 90
0
176
1
 62
18
420
0
176
1
 90
50
176
1
 90
3
176
1
 62
5
420
255
176
1
290
0
176
1
 90
50
176
1
 90
50
176
1
 90
50
176
1
290
0
176
1
 90
50
176
1
 62
256
176
0
 40
1.0
176
0
 90
2
176
1
  1
strokes_ogs.tif
176
1
290
0
176
1
 40
1.0
176
1
 40
1.0
176
1
1001
ACAD
1000
AcDbSavedByObjectVersion
1070
0
  0
VISUALSTYLE
  5
1F2
102
{ACAD_REACTORS
330
EF
102
}
330
EF
100
AcDbVisualStyle
  2
Shaded with edges
 70
26
177
3
291
0
 70
58
 90
2
176
1
 90
2
176
1
 90
1
176
1
 90
2
176
1
 40
0.6
176
1
 40
30.0
176
1
 62
7
420
16777215
176
1
 90
1
176
1
 90
2
176
1
 62
7
176
1
 62
257
176
1
 90
2
176
1
 90
1
176
1
 40
1.0
176
1
 90
8
176
1
 62
257
176
1
 40
1.0
176
1
 90
1
176
1
 90
6
176
1
 90
2
176
1
 62
7
176
1
 90
3
176
1
 90
0
176
1
 90
0
176
1
290
0
176
1
 90
5
176
1
 40
0.0
176
1
 90
0
176
1
290
0
176
1
290
1
176
1
290
1
176
1
290
0
176
1
290
0
176
1
290
0
176
1
290
0
176
1
290
0
176
1
290
0
176
1
 90
50
176
1
 40
0.0
176
1
 40
1.0
176
1
 90
0
176
1
 62
18
420
0
176
1
 90
50
176
1
 90
3
176
1
 62
5
420
255
176
1
290
0
176
1
 90
50
176
1
 90
50
176
1
 90
50
176
1
290
0
176
1
 90
50
176
1
 62
256
176
0
 40
1.0
176
0
 90
2
176
1
  1
strokes_ogs.tif
176
1
290
0
176
1
 40
1.0
176
1
 40
1.0
176
1
1001
ACAD
1000
AcDbSavedByObjectVersion
1070
0
  0
VISUALSTYLE
  5
1EF
102
{ACAD_REACTORS
330
EF
102
}
330
EF
100
AcDbVisualStyle
  2
Shades of Gray
 70
23
177
3
291
0
 70
58
 90
2
176
1
 90
2
176
1
 90
3
176
1
 90
0
176
1
 40
0.6
176
1
 40
30.0
176
1
 62
7
420
16777215
176
1
 90
2
176
1
 90
2
176
1
 62
7
176
1
 62
7
176
1
 90
1
176
1
 90
1
176
1
 40
40.0
176
1
 90
8
176
1
 62
7
176
1
 40
1.0
176
1
 90
1
176
1
 90
6
176
1
 90
2
176
1
 62
7
176
1
 90
3
176
1
 90
0
176
1
 90
0
176
1
290
0
176
1
 90
1
176
1
 40
0.0
176
1
 90
0
176
1
290
0
176
1
290
1
176
1
290
1
176
1
290
0
176
1
290
0
176
1
290
0
176
1
290
0
176
1
290
0
176
1
290
0
176
1
 90
50
176
1
 40
0.0
176
1
 40
1.0
176
1
 90
0
176
1
 62
18
420
0
176
1
 90
50
176
1
 90
3
176
1
 62
5
420
255
176
1
290
0
176
1
 90
50
176
1
 90
50
176
1
 90
50
176
1
290
0
176
1
 90
50
176
1
 62
256
176
0
 40
1.0
176
0
 90
2
176
1
  1
strokes_ogs.tif
176
1
290
0
176
1
 40
1.0
176
1
 40
1.0
176
1
1001
ACAD
1000
AcDbSavedByObjectVersion
1070
0
  0
VISUALSTYLE
  5
1F0
102
{ACAD_REACTORS
330
EF
102
}
330
EF
100
AcDbVisualStyle
  2
Sketchy
 70
24
177
3
291
0
 70
58
 90
1
176
1
 90
2
176
1
 90
2
176
1
 90
0
176
1
 40
0.6
176
1
 40
30.0
176
1
 62
7
420
16777215
176
1
 90
2
176
1
 90
2
176
1
 62
7
176
1
 62
7
176
1
 90
1
176
1
 90
1
176
1
 40
40.0
176
1
 90
11
176
1
 62
7
176
1
 40
1.0
176
1
 90
1
176
1
 90
6
176
1
 90
2
176
1
 62
7
176
1
 90
6
176
1
 90
0
176
1
 90
0
176
1
290
0
176
1
 90
1
176
1
 40
0.0
176
1
 90
0
176
1
290
0
176
1
290
1
176
1
290
1
176
1
290
0
176
1
290
0
176
1
290
0
176
1
290
0
176
1
290
0
176
1
290
0
176
1
 90
50
176
1
 40
0.0
176
1
 40
1.0
176
1
 90
0
176
1
 62
18
420
0
176
1
 90
50
176
1
 90
3
176
1
 62
5
420
255
176
1
290
0
176
1
 90
50
176
1
 90
50
176
1
 90
50
176
1
290
0
176
1
 90
50
176
1
 62
256
176
0
 40
1.0
176
0
 90
2
176
1
  1
strokes_ogs.tif
176
1
290
0
176
1
 40
1.0
176
1
 40
1.0
176
1
1001
ACAD
1000
AcDbSavedByObjectVersion
1070
0
  0
VISUALSTYLE
  5
FC
102
{ACAD_REACTORS
330
EF
102
}
330
EF
100
AcDbVisualStyle
  2
Thicken
 70
13
177
3
291
1
 70
58
 90
2
176
1
 90
2
176
1
 90
1
176
1
 90
0
176
1
 40
0.6
176
1
 40
30.0
176
1
 62
7
420
16777215
176
1
 90
1
176
1
 90
4
176
1
 62
7
176
1
 62
257
176
1
 90
1
176
1
 90
1
176
1
 40
1.0
176
1
 90
12
176
1
 62
7
176
1
 40
1.0
176
1
 90
1
176
1
 90
6
176
1
 90
2
176
1
 62
7
176
1
 90
5
176
1
 90
0
176
1
 90
0
176
1
290
0
176
1
 90
1
176
1
 40
0.0
176
1
 90
0
176
1
290
0
176
1
290
1
176
1
290
1
176
1
290
0
176
1
290
0
176
1
290
0
176
1
290
0
176
1
290
0
176
1
290
0
176
1
 90
50
176
1
 40
0.0
176
1
 40
1.0
176
1
 90
0
176
1
 62
18
420
0
176
1
 90
50
176
1
 90
3
176
1
 62
5
420
255
176
1
290
0
176
1
 90
50
176
1
 90
50
176
1
 90
50
176
1
290
0
176
1
 90
50
176
1
 62
256
176
0
 40
1.0
176
0
 90
2
176
1
  1
strokes_ogs.tif
176
1
290
0
176
1
 40
1.0
176
1
 40
1.0
176
1
1001
ACAD
1000
AcDbSavedByObjectVersion
1070
0
  0
VISUALSTYLE
  5
F6
102
{ACAD_REACTORS
330
EF
102
}
330
EF
100
AcDbVisualStyle
  2
Wireframe
 70
5
177
3
291
0
 70
58
 90
0
176
1
 90
2
176
1
 90
0
176
1
 90
0
176
1
 40
0.6
176
1
 40
30.0
176
1
 62
7
420
16777215
176
1
 90
1
176
1
 90
4
176
1
 62
7
176
1
 62
257
176
1
 90
1
176
1
 90
1
176
1
 40
1.0
176
1
 90
0
176
1
 62
257
176
1
 40
1.0
176
1
 90
1
176
1
 90
6
176
1
 90
2
176
1
 62
7
176
1
 90
3
176
1
 90
0
176
1
 90
0
176
1
290
0
176
1
 90
1
176
1
 40
0.0
176
1
 90
0
176
1
290
0
176
1
290
1
176
1
290
1
176
1
290
0
176
1
290
0
176
1
290
0
176
1
290
0
176
1
290
0
176
1
290
0
176
1
 90
50
176
1
 40
0.0
176
1
 40
1.0
176
1
 90
0
176
1
 62
18
420
0
176
1
 90
50
176
1
 90
3
176
1
 62
5
420
255
176
1
290
0
176
1
 90
50
176
1
 90
50
176
1
 90
50
176
1
290
0
176
1
 90
50
176
1
 62
256
176
0
 40
1.0
176
0
 90
2
176
1
  1
strokes_ogs.tif
176
1
290
0
176
1
 40
1.0
176
1
 40
1.0
176
1
1001
ACAD
1000
AcDbSavedByObjectVersion
1070
0
  0
VISUALSTYLE
  5
1F1
102
{ACAD_REACTORS
330
EF
102
}
330
EF
100
AcDbVisualStyle
  2
X-Ray
 70
25
177
3
291
0
 70
58
 90
2
176
1
 90
2
176
1
 90
1
176
1
 90
1
176
1
 40
0.5
176
1
 40
30.0
176
1
 62
7
420
16777215
176
1
 90
1
176
1
 90
0
176
1
 62
7
176
1
 62
257
176
1
 90
1
176
1
 90
1
176
1
 40
1.0
176
1
 90
8
176
1
 62
7
176
1
 40
1.0
176
1
 90
1
176
1
 90
6
176
1
 90
2
176
1
 62
7
176
1
 90
3
176
1
 90
0
176
1
 90
0
176
1
290
0
176
1
 90
13
176
1
 40
0.0
176
1
 90
0
176
1
290
0
176
1
290
1
176
1
290
1
176
1
290
0
176
1
290
0
176
1
290
0
176
1
290
0
176
1
290
0
176
1
290
0
176
1
 90
50
176
1
 40
0.0
176
1
 40
1.0
176
1
 90
0
176
1
 62
18
420
0
176
1
 90
50
176
1
 90
3
176
1
 62
5
420
255
176
1
290
0
176
1
 90
50
176
1
 90
50
176
1
 90
50
176
1
290
0
176
1
 90
50
176
1
 62
256
176
0
 40
1.0
176
0
 90
2
176
1
  1
strokes_ogs.tif
176
1
290
0
176
1
 40
1.0
176
1
 40
1.0
176
1
1001
ACAD
1000
AcDbSavedByObjectVersion
1070
0
  0
DICTIONARYVAR
  5
146
102
{ACAD_REACTORS
330
5E
102
}
330
5E
100
DictionaryVariables
280
0
  1
1:1
  0
DICTIONARYVAR
  5
259
102
{ACAD_REACTORS
330
5E
102
}
330
5E
100
DictionaryVariables
280
0
  1
3.500000
  0
DICTIONARYVAR
  5
25A
102
{ACAD_REACTORS
330
5E
102
}
330
5E
100
DictionaryVariables
280
0
  1
acadiso.lin
  0
DICTIONARYVAR
  5
145
102
{ACAD_REACTORS
330
5E
102
}
330
5E
100
DictionaryVariables
280
0
  1
STANDARD
  0
DICTIONARYVAR
  5
84
102
{ACAD_REACTORS
330
5E
102
}
330
5E
100
DictionaryVariables
280
0
  1
STANDARD
  0
DICTIONARYVAR
  5
227
102
{ACAD_REACTORS
330
5E
102
}
330
5E
100
DictionaryVariables
280
0
  1
Metric50
  0
DICTIONARYVAR
  5
228
102
{ACAD_REACTORS
330
5E
102
}
330
5E
100
DictionaryVariables
280
0
  1
Metric50
  0
DICTIONARYVAR
  5
5F
102
{ACAD_REACTORS
330
5E
102
}
330
5E
100
DictionaryVariables
280
0
  1
2
  0
DICTIONARYVAR
  5
63
102
{ACAD_REACTORS
330
5E
102
}
330
5E
100
DictionaryVariables
280
0
  1
1
  0
DICTIONARYVAR
  5
1AE
102
{ACAD_REACTORS
330
5E
102
}
330
5E
100
DictionaryVariables
280
0
  1
0
  0
DICTIONARYVAR
  5
1AF
102
{ACAD_REACTORS
330
5E
102
}
330
5E
100
DictionaryVariables
280
0
  1
0
  0
DICTIONARY
  5
11AC
102
{ACAD_REACTORS
330
11AA
102
}
330
11AA
100
AcDbDictionary
281
1
  0
DICTIONARY
  5
11AB
102
{ACAD_REACTORS
330
11AA
102
}
330
11AA
100
AcDbDictionary
281
1
  3
3041188297936
350
11A5
  3
3041188297952
350
11A6
  3
3041188297968
350
11A7
  3
3041188297984
350
11A8
  3
3041188298000
350
11A9
  0
ACDBASSOCNETWORK
  5
7C4
102
{ACAD_REACTORS
330
7C3
102
}
330
7C3
100
AcDbAssocAction
 90
2
 90
0
330
35E
360
0
 90
15
 90
0
 90
0
 90
0
 90
0
 90
0
 90
0
100
AcDbAssocNetwork
 90
0
 90
104
 90
72
360
786
360
78E
360
7CE
360
7D6
360
814
360
81C
360
85A
360
862
360
8A0
360
8A8
360
8E6
360
8EE
360
92C
360
934
360
972
360
97A
360
9B8
360
9C0
360
9FE
360
A06
360
A44
360
A4C
360
A8A
360
A92
360
AD0
360
AD8
360
B16
360
B1E
360
B5C
360
B64
360
BA2
360
BAA
360
BE8
360
BF0
360
C2E
360
C36
360
C74
360
C7C
360
CBA
360
CC2
360
D00
360
D08
360
D46
360
D4E
360
D8C
360
D94
360
DD2
360
DDA
360
E18
360
E20
360
E5E
360
E66
360
EA4
360
EAC
360
EEA
360
EF2
360
F30
360
F38
360
F76
360
F7E
360
FBC
360
FC4
360
1002
360
100A
360
1048
360
1050
360
108E
360
1096
360
10D4
360
10DC
360
111A
360
1122
 90
0
  0
DICTIONARY
  5
11AF
330
21C
100
AcDbDictionary
280
1
281
1
  3
ACAD_XREC_ROUNDTRIP
360
11B0
  0
DICTIONARY
  5
205
330
22
100
AcDbDictionary
280
1
281
1
  0
DICTIONARY
  5
1F9
330
ED
100
AcDbDictionary
280
1
281
1
  3
FBXASSET
360
1FA
  0
DICTIONARY
  5
1F7
330
EC
100
AcDbDictionary
280
1
281
1
  3
FBXASSET
360
1F8
  0
DICTIONARY
  5
173
330
EE
100
AcDbDictionary
280
1
281
1
  3
BUMPTILE
360
175
  3
DIFFUSETILE
360
174
  3
FBXASSET
360
1FB
  3
OPACITYTILE
360
176
  3
REFLECTIONTILE
360
177
  0
DICTIONARY
  5
11AD
330
21A
100
AcDbDictionary
280
1
281
1
  3
ACAD_XREC_ROUNDTRIP
360
11AE
  0
DICTIONARY
  5
162
330
7F
100
AcDbDictionary
280
1
281
1
  3
ACAD_ROUNDTRIP_2008_TABLESTYLE_CELLSTYLEMAP
360
11A3
  0
XRECORD
  5
11A5
102
{ACAD_REACTORS
330
11AB
102
}
330
11AB
100
AcDbXrecord
280
1
  1
AcDb_Thumbnail_Schema
102
{ATTRRECORD
341
11A6
  2
AcDbDs::TreatedAsObjectData
280
1
291
1
102
ATTRRECORD}
102
{ATTRRECORD
341
11A7
  2
AcDbDs::Legacy
280
1
291
1
102
ATTRRECORD}
  2
AcDbDs::ID
280
10
 91
8
102
{ATTRRECORD
341
11A8
  2
AcDs:Indexable
280
1
291
1
102
ATTRRECORD}
102
{ATTRRECORD
341
11A9
  2
AcDbDs::HandleAttribute
280
7
282
1
102
ATTRRECORD}
  2
Thumbnail_Data
280
15
 91
0
  0
XRECORD
  5
11A6
102
{ACAD_REACTORS
330
11AB
102
}
330
11AB
100
AcDbXrecord
280
1
  1
AcDbDs::TreatedAsObjectDataSchema
  2
AcDbDs::TreatedAsObjectData
280
1
 91
0
  0
XRECORD
  5
11A7
102
{ACAD_REACTORS
330
11AB
102
}
330
11AB
100
AcDbXrecord
280
1
  1
AcDbDs::LegacySchema
  2
AcDbDs::Legacy
280
1
 91
0
  0
XRECORD
  5
11A8
102
{ACAD_REACTORS
330
11AB
102
}
330
11AB
100
AcDbXrecord
280
1
  1
AcDbDs::IndexedPropertySchema
  2
AcDs:Indexable
280
1
 91
0
  0
XRECORD
  5
11A9
102
{ACAD_REACTORS
330
11AB
102
}
330
11AB
100
AcDbXrecord
280
1
  1
AcDbDs::HandleAttributeSchema
  2
AcDbDs::HandleAttribute
280
7
 91
1
284
1
  0
ACDBASSOCACTION
  5
786
330
7C4
100
AcDbAssocAction
 90
2
 90
0
330
7C4
360
787
 90
33
 90
3
 90
3
360
788
360
789
360
78A
 90
0
 90
3
360
78B
360
78C
360
78D
 90
0
 90
10
 90
0
  1
FillAngle
 90
2
 90
1
 40
6.283185307179586
330
0
330
0
 90
0
  1
ItemSpacing
 90
2
 90
1
 40
0.8975979010256551
330
0
330
0
 90
0
  1
Items
 90
0
 90
1
 90
7
330
0
330
0
 90
0
  1
LevelSpacing
 90
1
 90
1
 40
176.3622125538263
330
0
330
0
 90
0
  1
Levels
 90
0
 90
1
 90
1
330
0
330
0
 90
0
  1
RowElevation
 90
1
 90
1
 40
0.0
330
0
330
0
 90
0
  1
RowSpacing
 90
1
 90
1
 40
19.54615982945756
330
0
330
0
 90
0
  1
Rows
 90
0
 90
1
 90
1
330
0
330
0
 90
0
  1
Radius
 90
1
 90
1
 40
25.36728731110816
330
0
330
0
 90
0
  1
StartAngle
 90
2
 90
1
 40
4.712388980384707
330
0
330
0
  0
ACDBASSOCACTION
  5
78E
330
7C4
100
AcDbAssocAction
 90
2
 90
0
330
7C4
360
78F
 90
34
 90
3
 90
3
360
790
360
791
360
792
 90
0
 90
3
360
793
360
794
360
795
 90
0
 90
10
 90
0
  1
FillAngle
 90
2
 90
1
 40
6.283185307179586
330
0
330
0
 90
0
  1
ItemSpacing
 90
2
 90
1
 40
0.2617993877991494
330
0
330
0
 90
0
  1
Items
 90
0
 90
1
 90
24
330
0
330
0
 90
0
  1
LevelSpacing
 90
1
 90
1
 40
97.5
330
0
330
0
 90
0
  1
Levels
 90
0
 90
1
 90
1
330
0
330
0
 90
0
  1
RowElevation
 90
1
 90
1
 40
0.0
330
0
330
0
 90
0
  1
RowSpacing
 90
1
 90
1
 40
1.0
330
0
330
0
 90
0
  1
Rows
 90
0
 90
1
 90
1
330
0
330
0
 90
0
  1
Radius
 90
1
 90
1
 40
25.0
330
0
330
0
 90
0
  1
StartAngle
 90
2
 90
1
 40
0.0
330
0
330
0
  0
ACDBASSOCACTION
  5
7CE
330
7C4
100
AcDbAssocAction
 90
2
 90
0
330
7C4
360
7CF
 90
35
 90
3
 90
3
360
7D0
360
7D1
360
7D2
 90
0
 90
3
360
7D3
360
7D4
360
7D5
 90
0
 90
10
 90
0
  1
FillAngle
 90
2
 90
1
 40
6.283185307179586
330
0
330
0
 90
0
  1
ItemSpacing
 90
2
 90
1
 40
0.8975979010256551
330
0
330
0
 90
0
  1
Items
 90
0
 90
1
 90
7
330
0
330
0
 90
0
  1
LevelSpacing
 90
1
 90
1
 40
176.3622125538263
330
0
330
0
 90
0
  1
Levels
 90
0
 90
1
 90
1
330
0
330
0
 90
0
  1
RowElevation
 90
1
 90
1
 40
0.0
330
0
330
0
 90
0
  1
RowSpacing
 90
1
 90
1
 40
19.54615982945756
330
0
330
0
 90
0
  1
Rows
 90
0
 90
1
 90
1
330
0
330
0
 90
0
  1
Radius
 90
1
 90
1
 40
25.36728731110816
330
0
330
0
 90
0
  1
StartAngle
 90
2
 90
1
 40
4.712388980384707
330
0
330
0
  0
ACDBASSOCACTION
  5
7D6
330
7C4
100
AcDbAssocAction
 90
2
 90
0
330
7C4
360
7D7
 90
36
 90
3
 90
3
360
7D8
360
7D9
360
7DA
 90
0
 90
3
360
7DB
360
7DC
360
7DD
 90
0
 90
10
 90
0
  1
FillAngle
 90
2
 90
1
 40
6.283185307179586
330
0
330
0
 90
0
  1
ItemSpacing
 90
2
 90
1
 40
0.2617993877991494
330
0
330
0
 90
0
  1
Items
 90
0
 90
1
 90
24
330
0
330
0
 90
0
  1
LevelSpacing
 90
1
 90
1
 40
97.5
330
0
330
0
 90
0
  1
Levels
 90
0
 90
1
 90
1
330
0
330
0
 90
0
  1
RowElevation
 90
1
 90
1
 40
0.0
330
0
330
0
 90
0
  1
RowSpacing
 90
1
 90
1
 40
1.0
330
0
330
0
 90
0
  1
Rows
 90
0
 90
1
 90
1
330
0
330
0
 90
0
  1
Radius
 90
1
 90
1
 40
25.0
330
0
330
0
 90
0
  1
StartAngle
 90
2
 90
1
 40
0.0
330
0
330
0
  0
ACDBASSOCACTION
  5
814
330
7C4
100
AcDbAssocAction
 90
2
 90
0
330
7C4
360
815
 90
37
 90
3
 90
3
360
816
360
817
360
818
 90
0
 90
3
360
819
360
81A
360
81B
 90
0
 90
10
 90
0
  1
FillAngle
 90
2
 90
1
 40
6.283185307179586
330
0
330
0
 90
0
  1
ItemSpacing
 90
2
 90
1
 40
0.8975979010256551
330
0
330
0
 90
0
  1
Items
 90
0
 90
1
 90
7
330
0
330
0
 90
0
  1
LevelSpacing
 90
1
 90
1
 40
176.3622125538263
330
0
330
0
 90
0
  1
Levels
 90
0
 90
1
 90
1
330
0
330
0
 90
0
  1
RowElevation
 90
1
 90
1
 40
0.0
330
0
330
0
 90
0
  1
RowSpacing
 90
1
 90
1
 40
19.54615982945756
330
0
330
0
 90
0
  1
Rows
 90
0
 90
1
 90
1
330
0
330
0
 90
0
  1
Radius
 90
1
 90
1
 40
25.36728731110816
330
0
330
0
 90
0
  1
StartAngle
 90
2
 90
1
 40
4.712388980384707
330
0
330
0
  0
ACDBASSOCACTION
  5
81C
330
7C4
100
AcDbAssocAction
 90
2
 90
0
330
7C4
360
81D
 90
38
 90
3
 90
3
360
81E
360
81F
360
820
 90
0
 90
3
360
821
360
822
360
823
 90
0
 90
10
 90
0
  1
FillAngle
 90
2
 90
1
 40
6.283185307179586
330
0
330
0
 90
0
  1
ItemSpacing
 90
2
 90
1
 40
0.2617993877991494
330
0
330
0
 90
0
  1
Items
 90
0
 90
1
 90
24
330
0
330
0
 90
0
  1
LevelSpacing
 90
1
 90
1
 40
97.5
330
0
330
0
 90
0
  1
Levels
 90
0
 90
1
 90
1
330
0
330
0
 90
0
  1
RowElevation
 90
1
 90
1
 40
0.0
330
0
330
0
 90
0
  1
RowSpacing
 90
1
 90
1
 40
1.0
330
0
330
0
 90
0
  1
Rows
 90
0
 90
1
 90
1
330
0
330
0
 90
0
  1
Radius
 90
1
 90
1
 40
25.0
330
0
330
0
 90
0
  1
StartAngle
 90
2
 90
1
 40
0.0
330
0
330
0
  0
ACDBASSOCACTION
  5
85A
330
7C4
100
AcDbAssocAction
 90
2
 90
0
330
7C4
360
85B
 90
39
 90
3
 90
3
360
85C
360
85D
360
85E
 90
0
 90
3
360
85F
360
860
360
861
 90
0
 90
10
 90
0
  1
FillAngle
 90
2
 90
1
 40
6.283185307179586
330
0
330
0
 90
0
  1
ItemSpacing
 90
2
 90
1
 40
0.8975979010256551
330
0
330
0
 90
0
  1
Items
 90
0
 90
1
 90
7
330
0
330
0
 90
0
  1
LevelSpacing
 90
1
 90
1
 40
176.3622125538263
330
0
330
0
 90
0
  1
Levels
 90
0
 90
1
 90
1
330
0
330
0
 90
0
  1
RowElevation
 90
1
 90
1
 40
0.0
330
0
330
0
 90
0
  1
RowSpacing
 90
1
 90
1
 40
19.54615982945756
330
0
330
0
 90
0
  1
Rows
 90
0
 90
1
 90
1
330
0
330
0
 90
0
  1
Radius
 90
1
 90
1
 40
25.36728731110816
330
0
330
0
 90
0
  1
StartAngle
 90
2
 90
1
 40
4.712388980384707
330
0
330
0
  0
ACDBASSOCACTION
  5
862
330
7C4
100
AcDbAssocAction
 90
2
 90
0
330
7C4
360
863
 90
40
 90
3
 90
3
360
864
360
865
360
866
 90
0
 90
3
360
867
360
868
360
869
 90
0
 90
10
 90
0
  1
FillAngle
 90
2
 90
1
 40
6.283185307179586
330
0
330
0
 90
0
  1
ItemSpacing
 90
2
 90
1
 40
0.2617993877991494
330
0
330
0
 90
0
  1
Items
 90
0
 90
1
 90
24
330
0
330
0
 90
0
  1
LevelSpacing
 90
1
 90
1
 40
97.5
330
0
330
0
 90
0
  1
Levels
 90
0
 90
1
 90
1
330
0
330
0
 90
0
  1
RowElevation
 90
1
 90
1
 40
0.0
330
0
330
0
 90
0
  1
RowSpacing
 90
1
 90
1
 40
1.0
330
0
330
0
 90
0
  1
Rows
 90
0
 90
1
 90
1
330
0
330
0
 90
0
  1
Radius
 90
1
 90
1
 40
25.0
330
0
330
0
 90
0
  1
StartAngle
 90
2
 90
1
 40
0.0
330
0
330
0
  0
ACDBASSOCACTION
  5
8A0
330
7C4
100
AcDbAssocAction
 90
2
 90
0
330
7C4
360
8A1
 90
41
 90
3
 90
3
360
8A2
360
8A3
360
8A4
 90
0
 90
3
360
8A5
360
8A6
360
8A7
 90
0
 90
10
 90
0
  1
FillAngle
 90
2
 90
1
 40
6.283185307179586
330
0
330
0
 90
0
  1
ItemSpacing
 90
2
 90
1
 40
0.8975979010256551
330
0
330
0
 90
0
  1
Items
 90
0
 90
1
 90
7
330
0
330
0
 90
0
  1
LevelSpacing
 90
1
 90
1
 40
176.3622125538263
330
0
330
0
 90
0
  1
Levels
 90
0
 90
1
 90
1
330
0
330
0
 90
0
  1
RowElevation
 90
1
 90
1
 40
0.0
330
0
330
0
 90
0
  1
RowSpacing
 90
1
 90
1
 40
19.54615982945756
330
0
330
0
 90
0
  1
Rows
 90
0
 90
1
 90
1
330
0
330
0
 90
0
  1
Radius
 90
1
 90
1
 40
25.36728731110816
330
0
330
0
 90
0
  1
StartAngle
 90
2
 90
1
 40
4.712388980384707
330
0
330
0
  0
ACDBASSOCACTION
  5
8A8
330
7C4
100
AcDbAssocAction
 90
2
 90
0
330
7C4
360
8A9
 90
42
 90
3
 90
3
360
8AA
360
8AB
360
8AC
 90
0
 90
3
360
8AD
360
8AE
360
8AF
 90
0
 90
10
 90
0
  1
FillAngle
 90
2
 90
1
 40
6.283185307179586
330
0
330
0
 90
0
  1
ItemSpacing
 90
2
 90
1
 40
0.2617993877991494
330
0
330
0
 90
0
  1
Items
 90
0
 90
1
 90
24
330
0
330
0
 90
0
  1
LevelSpacing
 90
1
 90
1
 40
97.5
330
0
330
0
 90
0
  1
Levels
 90
0
 90
1
 90
1
330
0
330
0
 90
0
  1
RowElevation
 90
1
 90
1
 40
0.0
330
0
330
0
 90
0
  1
RowSpacing
 90
1
 90
1
 40
1.0
330
0
330
0
 90
0
  1
Rows
 90
0
 90
1
 90
1
330
0
330
0
 90
0
  1
Radius
 90
1
 90
1
 40
25.0
330
0
330
0
 90
0
  1
StartAngle
 90
2
 90
1
 40
0.0
330
0
330
0
  0
ACDBASSOCACTION
  5
8E6
330
7C4
100
AcDbAssocAction
 90
2
 90
0
330
7C4
360
8E7
 90
43
 90
3
 90
3
360
8E8
360
8E9
360
8EA
 90
0
 90
3
360
8EB
360
8EC
360
8ED
 90
0
 90
10
 90
0
  1
FillAngle
 90
2
 90
1
 40
6.283185307179586
330
0
330
0
 90
0
  1
ItemSpacing
 90
2
 90
1
 40
0.8975979010256551
330
0
330
0
 90
0
  1
Items
 90
0
 90
1
 90
7
330
0
330
0
 90
0
  1
LevelSpacing
 90
1
 90
1
 40
176.3622125538263
330
0
330
0
 90
0
  1
Levels
 90
0
 90
1
 90
1
330
0
330
0
 90
0
  1
RowElevation
 90
1
 90
1
 40
0.0
330
0
330
0
 90
0
  1
RowSpacing
 90
1
 90
1
 40
19.54615982945756
330
0
330
0
 90
0
  1
Rows
 90
0
 90
1
 90
1
330
0
330
0
 90
0
  1
Radius
 90
1
 90
1
 40
25.36728731110816
330
0
330
0
 90
0
  1
StartAngle
 90
2
 90
1
 40
4.712388980384707
330
0
330
0
  0
ACDBASSOCACTION
  5
8EE
330
7C4
100
AcDbAssocAction
 90
2
 90
0
330
7C4
360
8EF
 90
44
 90
3
 90
3
360
8F0
360
8F1
360
8F2
 90
0
 90
3
360
8F3
360
8F4
360
8F5
 90
0
 90
10
 90
0
  1
FillAngle
 90
2
 90
1
 40
6.283185307179586
330
0
330
0
 90
0
  1
ItemSpacing
 90
2
 90
1
 40
0.2617993877991494
330
0
330
0
 90
0
  1
Items
 90
0
 90
1
 90
24
330
0
330
0
 90
0
  1
LevelSpacing
 90
1
 90
1
 40
97.5
330
0
330
0
 90
0
  1
Levels
 90
0
 90
1
 90
1
330
0
330
0
 90
0
  1
RowElevation
 90
1
 90
1
 40
0.0
330
0
330
0
 90
0
  1
RowSpacing
 90
1
 90
1
 40
1.0
330
0
330
0
 90
0
  1
Rows
 90
0
 90
1
 90
1
330
0
330
0
 90
0
  1
Radius
 90
1
 90
1
 40
25.0
330
0
330
0
 90
0
  1
StartAngle
 90
2
 90
1
 40
0.0
330
0
330
0
  0
ACDBASSOCACTION
  5
92C
330
7C4
100
AcDbAssocAction
 90
2
 90
0
330
7C4
360
92D
 90
45
 90
3
 90
3
360
92E
360
92F
360
930
 90
0
 90
3
360
931
360
932
360
933
 90
0
 90
10
 90
0
  1
FillAngle
 90
2
 90
1
 40
6.283185307179586
330
0
330
0
 90
0
  1
ItemSpacing
 90
2
 90
1
 40
0.8975979010256551
330
0
330
0
 90
0
  1
Items
 90
0
 90
1
 90
7
330
0
330
0
 90
0
  1
LevelSpacing
 90
1
 90
1
 40
176.3622125538263
330
0
330
0
 90
0
  1
Levels
 90
0
 90
1
 90
1
330
0
330
0
 90
0
  1
RowElevation
 90
1
 90
1
 40
0.0
330
0
330
0
 90
0
  1
RowSpacing
 90
1
 90
1
 40
19.54615982945756
330
0
330
0
 90
0
  1
Rows
 90
0
 90
1
 90
1
330
0
330
0
 90
0
  1
Radius
 90
1
 90
1
 40
25.36728731110816
330
0
330
0
 90
0
  1
StartAngle
 90
2
 90
1
 40
4.712388980384707
330
0
330
0
  0
ACDBASSOCACTION
  5
934
330
7C4
100
AcDbAssocAction
 90
2
 90
0
330
7C4
360
935
 90
46
 90
3
 90
3
360
936
360
937
360
938
 90
0
 90
3
360
939
360
93A
360
93B
 90
0
 90
10
 90
0
  1
FillAngle
 90
2
 90
1
 40
6.283185307179586
330
0
330
0
 90
0
  1
ItemSpacing
 90
2
 90
1
 40
0.2617993877991494
330
0
330
0
 90
0
  1
Items
 90
0
 90
1
 90
24
330
0
330
0
 90
0
  1
LevelSpacing
 90
1
 90
1
 40
97.5
330
0
330
0
 90
0
  1
Levels
 90
0
 90
1
 90
1
330
0
330
0
 90
0
  1
RowElevation
 90
1
 90
1
 40
0.0
330
0
330
0
 90
0
  1
RowSpacing
 90
1
 90
1
 40
1.0
330
0
330
0
 90
0
  1
Rows
 90
0
 90
1
 90
1
330
0
330
0
 90
0
  1
Radius
 90
1
 90
1
 40
25.0
330
0
330
0
 90
0
  1
StartAngle
 90
2
 90
1
 40
0.0
330
0
330
0
  0
ACDBASSOCACTION
  5
972
330
7C4
100
AcDbAssocAction
 90
2
 90
0
330
7C4
360
973
 90
47
 90
3
 90
3
360
974
360
975
360
976
 90
0
 90
3
360
977
360
978
360
979
 90
0
 90
10
 90
0
  1
FillAngle
 90
2
 90
1
 40
6.283185307179586
330
0
330
0
 90
0
  1
ItemSpacing
 90
2
 90
1
 40
0.8975979010256551
330
0
330
0
 90
0
  1
Items
 90
0
 90
1
 90
7
330
0
330
0
 90
0
  1
LevelSpacing
 90
1
 90
1
 40
176.3622125538263
330
0
330
0
 90
0
  1
Levels
 90
0
 90
1
 90
1
330
0
330
0
 90
0
  1
RowElevation
 90
1
 90
1
 40
0.0
330
0
330
0
 90
0
  1
RowSpacing
 90
1
 90
1
 40
19.54615982945756
330
0
330
0
 90
0
  1
Rows
 90
0
 90
1
 90
1
330
0
330
0
 90
0
  1
Radius
 90
1
 90
1
 40
25.36728731110816
330
0
330
0
 90
0
  1
StartAngle
 90
2
 90
1
 40
4.712388980384707
330
0
330
0
  0
ACDBASSOCACTION
  5
97A
330
7C4
100
AcDbAssocAction
 90
2
 90
0
330
7C4
360
97B
 90
48
 90
3
 90
3
360
97C
360
97D
360
97E
 90
0
 90
3
360
97F
360
980
360
981
 90
0
 90
10
 90
0
  1
FillAngle
 90
2
 90
1
 40
6.283185307179586
330
0
330
0
 90
0
  1
ItemSpacing
 90
2
 90
1
 40
0.2617993877991494
330
0
330
0
 90
0
  1
Items
 90
0
 90
1
 90
24
330
0
330
0
 90
0
  1
LevelSpacing
 90
1
 90
1
 40
97.5
330
0
330
0
 90
0
  1
Levels
 90
0
 90
1
 90
1
330
0
330
0
 90
0
  1
RowElevation
 90
1
 90
1
 40
0.0
330
0
330
0
 90
0
  1
RowSpacing
 90
1
 90
1
 40
1.0
330
0
330
0
 90
0
  1
Rows
 90
0
 90
1
 90
1
330
0
330
0
 90
0
  1
Radius
 90
1
 90
1
 40
25.0
330
0
330
0
 90
0
  1
StartAngle
 90
2
 90
1
 40
0.0
330
0
330
0
  0
ACDBASSOCACTION
  5
9B8
330
7C4
100
AcDbAssocAction
 90
2
 90
0
330
7C4
360
9B9
 90
49
 90
3
 90
3
360
9BA
360
9BB
360
9BC
 90
0
 90
3
360
9BD
360
9BE
360
9BF
 90
0
 90
10
 90
0
  1
FillAngle
 90
2
 90
1
 40
6.283185307179586
330
0
330
0
 90
0
  1
ItemSpacing
 90
2
 90
1
 40
0.8975979010256551
330
0
330
0
 90
0
  1
Items
 90
0
 90
1
 90
7
330
0
330
0
 90
0
  1
LevelSpacing
 90
1
 90
1
 40
176.3622125538263
330
0
330
0
 90
0
  1
Levels
 90
0
 90
1
 90
1
330
0
330
0
 90
0
  1
RowElevation
 90
1
 90
1
 40
0.0
330
0
330
0
 90
0
  1
RowSpacing
 90
1
 90
1
 40
19.54615982945756
330
0
330
0
 90
0
  1
Rows
 90
0
 90
1
 90
1
330
0
330
0
 90
0
  1
Radius
 90
1
 90
1
 40
25.36728731110816
330
0
330
0
 90
0
  1
StartAngle
 90
2
 90
1
 40
4.712388980384707
330
0
330
0
  0
ACDBASSOCACTION
  5
9C0
330
7C4
100
AcDbAssocAction
 90
2
 90
0
330
7C4
360
9C1
 90
50
 90
3
 90
3
360
9C2
360
9C3
360
9C4
 90
0
 90
3
360
9C5
360
9C6
360
9C7
 90
0
 90
10
 90
0
  1
FillAngle
 90
2
 90
1
 40
6.283185307179586
330
0
330
0
 90
0
  1
ItemSpacing
 90
2
 90
1
 40
0.2617993877991494
330
0
330
0
 90
0
  1
Items
 90
0
 90
1
 90
24
330
0
330
0
 90
0
  1
LevelSpacing
 90
1
 90
1
 40
97.5
330
0
330
0
 90
0
  1
Levels
 90
0
 90
1
 90
1
330
0
330
0
 90
0
  1
RowElevation
 90
1
 90
1
 40
0.0
330
0
330
0
 90
0
  1
RowSpacing
 90
1
 90
1
 40
1.0
330
0
330
0
 90
0
  1
Rows
 90
0
 90
1
 90
1
330
0
330
0
 90
0
  1
Radius
 90
1
 90
1
 40
25.0
330
0
330
0
 90
0
  1
StartAngle
 90
2
 90
1
 40
0.0
330
0
330
0
  0
ACDBASSOCACTION
  5
9FE
330
7C4
100
AcDbAssocAction
 90
2
 90
0
330
7C4
360
9FF
 90
51
 90
3
 90
3
360
A00
360
A01
360
A02
 90
0
 90
3
360
A03
360
A04
360
A05
 90
0
 90
10
 90
0
  1
FillAngle
 90
2
 90
1
 40
6.283185307179586
330
0
330
0
 90
0
  1
ItemSpacing
 90
2
 90
1
 40
0.8975979010256551
330
0
330
0
 90
0
  1
Items
 90
0
 90
1
 90
7
330
0
330
0
 90
0
  1
LevelSpacing
 90
1
 90
1
 40
176.3622125538263
330
0
330
0
 90
0
  1
Levels
 90
0
 90
1
 90
1
330
0
330
0
 90
0
  1
RowElevation
 90
1
 90
1
 40
0.0
330
0
330
0
 90
0
  1
RowSpacing
 90
1
 90
1
 40
19.54615982945756
330
0
330
0
 90
0
  1
Rows
 90
0
 90
1
 90
1
330
0
330
0
 90
0
  1
Radius
 90
1
 90
1
 40
25.36728731110816
330
0
330
0
 90
0
  1
StartAngle
 90
2
 90
1
 40
4.712388980384707
330
0
330
0
  0
ACDBASSOCACTION
  5
A06
330
7C4
100
AcDbAssocAction
 90
2
 90
0
330
7C4
360
A07
 90
52
 90
3
 90
3
360
A08
360
A09
360
A0A
 90
0
 90
3
360
A0B
360
A0C
360
A0D
 90
0
 90
10
 90
0
  1
FillAngle
 90
2
 90
1
 40
6.283185307179586
330
0
330
0
 90
0
  1
ItemSpacing
 90
2
 90
1
 40
0.2617993877991494
330
0
330
0
 90
0
  1
Items
 90
0
 90
1
 90
24
330
0
330
0
 90
0
  1
LevelSpacing
 90
1
 90
1
 40
97.5
330
0
330
0
 90
0
  1
Levels
 90
0
 90
1
 90
1
330
0
330
0
 90
0
  1
RowElevation
 90
1
 90
1
 40
0.0
330
0
330
0
 90
0
  1
RowSpacing
 90
1
 90
1
 40
1.0
330
0
330
0
 90
0
  1
Rows
 90
0
 90
1
 90
1
330
0
330
0
 90
0
  1
Radius
 90
1
 90
1
 40
25.0
330
0
330
0
 90
0
  1
StartAngle
 90
2
 90
1
 40
0.0
330
0
330
0
  0
ACDBASSOCACTION
  5
A44
330
7C4
100
AcDbAssocAction
 90
2
 90
0
330
7C4
360
A45
 90
53
 90
3
 90
3
360
A46
360
A47
360
A48
 90
0
 90
3
360
A49
360
A4A
360
A4B
 90
0
 90
10
 90
0
  1
FillAngle
 90
2
 90
1
 40
6.283185307179586
330
0
330
0
 90
0
  1
ItemSpacing
 90
2
 90
1
 40
0.8975979010256551
330
0
330
0
 90
0
  1
Items
 90
0
 90
1
 90
7
330
0
330
0
 90
0
  1
LevelSpacing
 90
1
 90
1
 40
176.3622125538263
330
0
330
0
 90
0
  1
Levels
 90
0
 90
1
 90
1
330
0
330
0
 90
0
  1
RowElevation
 90
1
 90
1
 40
0.0
330
0
330
0
 90
0
  1
RowSpacing
 90
1
 90
1
 40
19.54615982945756
330
0
330
0
 90
0
  1
Rows
 90
0
 90
1
 90
1
330
0
330
0
 90
0
  1
Radius
 90
1
 90
1
 40
25.36728731110816
330
0
330
0
 90
0
  1
StartAngle
 90
2
 90
1
 40
4.712388980384707
330
0
330
0
  0
ACDBASSOCACTION
  5
A4C
330
7C4
100
AcDbAssocAction
 90
2
 90
0
330
7C4
360
A4D
 90
54
 90
3
 90
3
360
A4E
360
A4F
360
A50
 90
0
 90
3
360
A51
360
A52
360
A53
 90
0
 90
10
 90
0
  1
FillAngle
 90
2
 90
1
 40
6.283185307179586
330
0
330
0
 90
0
  1
ItemSpacing
 90
2
 90
1
 40
0.2617993877991494
330
0
330
0
 90
0
  1
Items
 90
0
 90
1
 90
24
330
0
330
0
 90
0
  1
LevelSpacing
 90
1
 90
1
 40
97.5
330
0
330
0
 90
0
  1
Levels
 90
0
 90
1
 90
1
330
0
330
0
 90
0
  1
RowElevation
 90
1
 90
1
 40
0.0
330
0
330
0
 90
0
  1
RowSpacing
 90
1
 90
1
 40
1.0
330
0
330
0
 90
0
  1
Rows
 90
0
 90
1
 90
1
330
0
330
0
 90
0
  1
Radius
 90
1
 90
1
 40
25.0
330
0
330
0
 90
0
  1
StartAngle
 90
2
 90
1
 40
0.0
330
0
330
0
  0
ACDBASSOCACTION
  5
A8A
330
7C4
100
AcDbAssocAction
 90
2
 90
0
330
7C4
360
A8B
 90
55
 90
3
 90
3
360
A8C
360
A8D
360
A8E
 90
0
 90
3
360
A8F
360
A90
360
A91
 90
0
 90
10
 90
0
  1
FillAngle
 90
2
 90
1
 40
6.283185307179586
330
0
330
0
 90
0
  1
ItemSpacing
 90
2
 90
1
 40
0.8975979010256551
330
0
330
0
 90
0
  1
Items
 90
0
 90
1
 90
7
330
0
330
0
 90
0
  1
LevelSpacing
 90
1
 90
1
 40
176.3622125538263
330
0
330
0
 90
0
  1
Levels
 90
0
 90
1
 90
1
330
0
330
0
 90
0
  1
RowElevation
 90
1
 90
1
 40
0.0
330
0
330
0
 90
0
  1
RowSpacing
 90
1
 90
1
 40
19.54615982945756
330
0
330
0
 90
0
  1
Rows
 90
0
 90
1
 90
1
330
0
330
0
 90
0
  1
Radius
 90
1
 90
1
 40
25.36728731110816
330
0
330
0
 90
0
  1
StartAngle
 90
2
 90
1
 40
4.712388980384707
330
0
330
0
  0
ACDBASSOCACTION
  5
A92
330
7C4
100
AcDbAssocAction
 90
2
 90
0
330
7C4
360
A93
 90
56
 90
3
 90
3
360
A94
360
A95
360
A96
 90
0
 90
3
360
A97
360
A98
360
A99
 90
0
 90
10
 90
0
  1
FillAngle
 90
2
 90
1
 40
6.283185307179586
330
0
330
0
 90
0
  1
ItemSpacing
 90
2
 90
1
 40
0.2617993877991494
330
0
330
0
 90
0
  1
Items
 90
0
 90
1
 90
24
330
0
330
0
 90
0
  1
LevelSpacing
 90
1
 90
1
 40
97.5
330
0
330
0
 90
0
  1
Levels
 90
0
 90
1
 90
1
330
0
330
0
 90
0
  1
RowElevation
 90
1
 90
1
 40
0.0
330
0
330
0
 90
0
  1
RowSpacing
 90
1
 90
1
 40
1.0
330
0
330
0
 90
0
  1
Rows
 90
0
 90
1
 90
1
330
0
330
0
 90
0
  1
Radius
 90
1
 90
1
 40
25.0
330
0
330
0
 90
0
  1
StartAngle
 90
2
 90
1
 40
0.0
330
0
330
0
  0
ACDBASSOCACTION
  5
AD0
330
7C4
100
AcDbAssocAction
 90
2
 90
0
330
7C4
360
AD1
 90
57
 90
3
 90
3
360
AD2
360
AD3
360
AD4
 90
0
 90
3
360
AD5
360
AD6
360
AD7
 90
0
 90
10
 90
0
  1
FillAngle
 90
2
 90
1
 40
6.283185307179586
330
0
330
0
 90
0
  1
ItemSpacing
 90
2
 90
1
 40
0.8975979010256551
330
0
330
0
 90
0
  1
Items
 90
0
 90
1
 90
7
330
0
330
0
 90
0
  1
LevelSpacing
 90
1
 90
1
 40
176.3622125538263
330
0
330
0
 90
0
  1
Levels
 90
0
 90
1
 90
1
330
0
330
0
 90
0
  1
RowElevation
 90
1
 90
1
 40
0.0
330
0
330
0
 90
0
  1
RowSpacing
 90
1
 90
1
 40
19.54615982945756
330
0
330
0
 90
0
  1
Rows
 90
0
 90
1
 90
1
330
0
330
0
 90
0
  1
Radius
 90
1
 90
1
 40
25.36728731110816
330
0
330
0
 90
0
  1
StartAngle
 90
2
 90
1
 40
4.712388980384707
330
0
330
0
  0
ACDBASSOCACTION
  5
AD8
330
7C4
100
AcDbAssocAction
 90
2
 90
0
330
7C4
360
AD9
 90
58
 90
3
 90
3
360
ADA
360
ADB
360
ADC
 90
0
 90
3
360
ADD
360
ADE
360
ADF
 90
0
 90
10
 90
0
  1
FillAngle
 90
2
 90
1
 40
6.283185307179586
330
0
330
0
 90
0
  1
ItemSpacing
 90
2
 90
1
 40
0.2617993877991494
330
0
330
0
 90
0
  1
Items
 90
0
 90
1
 90
24
330
0
330
0
 90
0
  1
LevelSpacing
 90
1
 90
1
 40
97.5
330
0
330
0
 90
0
  1
Levels
 90
0
 90
1
 90
1
330
0
330
0
 90
0
  1
RowElevation
 90
1
 90
1
 40
0.0
330
0
330
0
 90
0
  1
RowSpacing
 90
1
 90
1
 40
1.0
330
0
330
0
 90
0
  1
Rows
 90
0
 90
1
 90
1
330
0
330
0
 90
0
  1
Radius
 90
1
 90
1
 40
25.0
330
0
330
0
 90
0
  1
StartAngle
 90
2
 90
1
 40
0.0
330
0
330
0
  0
ACDBASSOCACTION
  5
B16
330
7C4
100
AcDbAssocAction
 90
2
 90
0
330
7C4
360
B17
 90
59
 90
3
 90
3
360
B18
360
B19
360
B1A
 90
0
 90
3
360
B1B
360
B1C
360
B1D
 90
0
 90
10
 90
0
  1
FillAngle
 90
2
 90
1
 40
6.283185307179586
330
0
330
0
 90
0
  1
ItemSpacing
 90
2
 90
1
 40
0.8975979010256551
330
0
330
0
 90
0
  1
Items
 90
0
 90
1
 90
7
330
0
330
0
 90
0
  1
LevelSpacing
 90
1
 90
1
 40
176.3622125538263
330
0
330
0
 90
0
  1
Levels
 90
0
 90
1
 90
1
330
0
330
0
 90
0
  1
RowElevation
 90
1
 90
1
 40
0.0
330
0
330
0
 90
0
  1
RowSpacing
 90
1
 90
1
 40
19.54615982945756
330
0
330
0
 90
0
  1
Rows
 90
0
 90
1
 90
1
330
0
330
0
 90
0
  1
Radius
 90
1
 90
1
 40
25.36728731110816
330
0
330
0
 90
0
  1
StartAngle
 90
2
 90
1
 40
4.712388980384707
330
0
330
0
  0
ACDBASSOCACTION
  5
B1E
330
7C4
100
AcDbAssocAction
 90
2
 90
0
330
7C4
360
B1F
 90
60
 90
3
 90
3
360
B20
360
B21
360
B22
 90
0
 90
3
360
B23
360
B24
360
B25
 90
0
 90
10
 90
0
  1
FillAngle
 90
2
 90
1
 40
6.283185307179586
330
0
330
0
 90
0
  1
ItemSpacing
 90
2
 90
1
 40
0.2617993877991494
330
0
330
0
 90
0
  1
Items
 90
0
 90
1
 90
24
330
0
330
0
 90
0
  1
LevelSpacing
 90
1
 90
1
 40
97.5
330
0
330
0
 90
0
  1
Levels
 90
0
 90
1
 90
1
330
0
330
0
 90
0
  1
RowElevation
 90
1
 90
1
 40
0.0
330
0
330
0
 90
0
  1
RowSpacing
 90
1
 90
1
 40
1.0
330
0
330
0
 90
0
  1
Rows
 90
0
 90
1
 90
1
330
0
330
0
 90
0
  1
Radius
 90
1
 90
1
 40
25.0
330
0
330
0
 90
0
  1
StartAngle
 90
2
 90
1
 40
0.0
330
0
330
0
  0
ACDBASSOCACTION
  5
B5C
330
7C4
100
AcDbAssocAction
 90
2
 90
0
330
7C4
360
B5D
 90
61
 90
3
 90
3
360
B5E
360
B5F
360
B60
 90
0
 90
3
360
B61
360
B62
360
B63
 90
0
 90
10
 90
0
  1
FillAngle
 90
2
 90
1
 40
6.283185307179586
330
0
330
0
 90
0
  1
ItemSpacing
 90
2
 90
1
 40
0.8975979010256551
330
0
330
0
 90
0
  1
Items
 90
0
 90
1
 90
7
330
0
330
0
 90
0
  1
LevelSpacing
 90
1
 90
1
 40
176.3622125538263
330
0
330
0
 90
0
  1
Levels
 90
0
 90
1
 90
1
330
0
330
0
 90
0
  1
RowElevation
 90
1
 90
1
 40
0.0
330
0
330
0
 90
0
  1
RowSpacing
 90
1
 90
1
 40
19.54615982945756
330
0
330
0
 90
0
  1
Rows
 90
0
 90
1
 90
1
330
0
330
0
 90
0
  1
Radius
 90
1
 90
1
 40
25.36728731110816
330
0
330
0
 90
0
  1
StartAngle
 90
2
 90
1
 40
4.712388980384707
330
0
330
0
  0
ACDBASSOCACTION
  5
B64
330
7C4
100
AcDbAssocAction
 90
2
 90
0
330
7C4
360
B65
 90
62
 90
3
 90
3
360
B66
360
B67
360
B68
 90
0
 90
3
360
B69
360
B6A
360
B6B
 90
0
 90
10
 90
0
  1
FillAngle
 90
2
 90
1
 40
6.283185307179586
330
0
330
0
 90
0
  1
ItemSpacing
 90
2
 90
1
 40
0.2617993877991494
330
0
330
0
 90
0
  1
Items
 90
0
 90
1
 90
24
330
0
330
0
 90
0
  1
LevelSpacing
 90
1
 90
1
 40
97.5
330
0
330
0
 90
0
  1
Levels
 90
0
 90
1
 90
1
330
0
330
0
 90
0
  1
RowElevation
 90
1
 90
1
 40
0.0
330
0
330
0
 90
0
  1
RowSpacing
 90
1
 90
1
 40
1.0
330
0
330
0
 90
0
  1
Rows
 90
0
 90
1
 90
1
330
0
330
0
 90
0
  1
Radius
 90
1
 90
1
 40
25.0
330
0
330
0
 90
0
  1
StartAngle
 90
2
 90
1
 40
0.0
330
0
330
0
  0
ACDBASSOCACTION
  5
BA2
330
7C4
100
AcDbAssocAction
 90
2
 90
0
330
7C4
360
BA3
 90
63
 90
3
 90
3
360
BA4
360
BA5
360
BA6
 90
0
 90
3
360
BA7
360
BA8
360
BA9
 90
0
 90
10
 90
0
  1
FillAngle
 90
2
 90
1
 40
6.283185307179586
330
0
330
0
 90
0
  1
ItemSpacing
 90
2
 90
1
 40
0.8975979010256551
330
0
330
0
 90
0
  1
Items
 90
0
 90
1
 90
7
330
0
330
0
 90
0
  1
LevelSpacing
 90
1
 90
1
 40
176.3622125538263
330
0
330
0
 90
0
  1
Levels
 90
0
 90
1
 90
1
330
0
330
0
 90
0
  1
RowElevation
 90
1
 90
1
 40
0.0
330
0
330
0
 90
0
  1
RowSpacing
 90
1
 90
1
 40
19.54615982945756
330
0
330
0
 90
0
  1
Rows
 90
0
 90
1
 90
1
330
0
330
0
 90
0
  1
Radius
 90
1
 90
1
 40
25.36728731110816
330
0
330
0
 90
0
  1
StartAngle
 90
2
 90
1
 40
4.712388980384707
330
0
330
0
  0
ACDBASSOCACTION
  5
BAA
330
7C4
100
AcDbAssocAction
 90
2
 90
0
330
7C4
360
BAB
 90
64
 90
3
 90
3
360
BAC
360
BAD
360
BAE
 90
0
 90
3
360
BAF
360
BB0
360
BB1
 90
0
 90
10
 90
0
  1
FillAngle
 90
2
 90
1
 40
6.283185307179586
330
0
330
0
 90
0
  1
ItemSpacing
 90
2
 90
1
 40
0.2617993877991494
330
0
330
0
 90
0
  1
Items
 90
0
 90
1
 90
24
330
0
330
0
 90
0
  1
LevelSpacing
 90
1
 90
1
 40
97.5
330
0
330
0
 90
0
  1
Levels
 90
0
 90
1
 90
1
330
0
330
0
 90
0
  1
RowElevation
 90
1
 90
1
 40
0.0
330
0
330
0
 90
0
  1
RowSpacing
 90
1
 90
1
 40
1.0
330
0
330
0
 90
0
  1
Rows
 90
0
 90
1
 90
1
330
0
330
0
 90
0
  1
Radius
 90
1
 90
1
 40
25.0
330
0
330
0
 90
0
  1
StartAngle
 90
2
 90
1
 40
0.0
330
0
330
0
  0
ACDBASSOCACTION
  5
BE8
330
7C4
100
AcDbAssocAction
 90
2
 90
0
330
7C4
360
BE9
 90
65
 90
3
 90
3
360
BEA
360
BEB
360
BEC
 90
0
 90
3
360
BED
360
BEE
360
BEF
 90
0
 90
10
 90
0
  1
FillAngle
 90
2
 90
1
 40
6.283185307179586
330
0
330
0
 90
0
  1
ItemSpacing
 90
2
 90
1
 40
0.8975979010256551
330
0
330
0
 90
0
  1
Items
 90
0
 90
1
 90
7
330
0
330
0
 90
0
  1
LevelSpacing
 90
1
 90
1
 40
176.3622125538263
330
0
330
0
 90
0
  1
Levels
 90
0
 90
1
 90
1
330
0
330
0
 90
0
  1
RowElevation
 90
1
 90
1
 40
0.0
330
0
330
0
 90
0
  1
RowSpacing
 90
1
 90
1
 40
19.54615982945756
330
0
330
0
 90
0
  1
Rows
 90
0
 90
1
 90
1
330
0
330
0
 90
0
  1
Radius
 90
1
 90
1
 40
25.36728731110816
330
0
330
0
 90
0
  1
StartAngle
 90
2
 90
1
 40
4.712388980384707
330
0
330
0
  0
ACDBASSOCACTION
  5
BF0
330
7C4
100
AcDbAssocAction
 90
2
 90
0
330
7C4
360
BF1
 90
66
 90
3
 90
3
360
BF2
360
BF3
360
BF4
 90
0
 90
3
360
BF5
360
BF6
360
BF7
 90
0
 90
10
 90
0
  1
FillAngle
 90
2
 90
1
 40
6.283185307179586
330
0
330
0
 90
0
  1
ItemSpacing
 90
2
 90
1
 40
0.2617993877991494
330
0
330
0
 90
0
  1
Items
 90
0
 90
1
 90
24
330
0
330
0
 90
0
  1
LevelSpacing
 90
1
 90
1
 40
97.5
330
0
330
0
 90
0
  1
Levels
 90
0
 90
1
 90
1
330
0
330
0
 90
0
  1
RowElevation
 90
1
 90
1
 40
0.0
330
0
330
0
 90
0
  1
RowSpacing
 90
1
 90
1
 40
1.0
330
0
330
0
 90
0
  1
Rows
 90
0
 90
1
 90
1
330
0
330
0
 90
0
  1
Radius
 90
1
 90
1
 40
25.0
330
0
330
0
 90
0
  1
StartAngle
 90
2
 90
1
 40
0.0
330
0
330
0
  0
ACDBASSOCACTION
  5
C2E
330
7C4
100
AcDbAssocAction
 90
2
 90
0
330
7C4
360
C2F
 90
67
 90
3
 90
3
360
C30
360
C31
360
C32
 90
0
 90
3
360
C33
360
C34
360
C35
 90
0
 90
10
 90
0
  1
FillAngle
 90
2
 90
1
 40
6.283185307179586
330
0
330
0
 90
0
  1
ItemSpacing
 90
2
 90
1
 40
0.8975979010256551
330
0
330
0
 90
0
  1
Items
 90
0
 90
1
 90
7
330
0
330
0
 90
0
  1
LevelSpacing
 90
1
 90
1
 40
176.3622125538263
330
0
330
0
 90
0
  1
Levels
 90
0
 90
1
 90
1
330
0
330
0
 90
0
  1
RowElevation
 90
1
 90
1
 40
0.0
330
0
330
0
 90
0
  1
RowSpacing
 90
1
 90
1
 40
19.54615982945756
330
0
330
0
 90
0
  1
Rows
 90
0
 90
1
 90
1
330
0
330
0
 90
0
  1
Radius
 90
1
 90
1
 40
25.36728731110816
330
0
330
0
 90
0
  1
StartAngle
 90
2
 90
1
 40
4.712388980384707
330
0
330
0
  0
ACDBASSOCACTION
  5
C36
330
7C4
100
AcDbAssocAction
 90
2
 90
0
330
7C4
360
C37
 90
68
 90
3
 90
3
360
C38
360
C39
360
C3A
 90
0
 90
3
360
C3B
360
C3C
360
C3D
 90
0
 90
10
 90
0
  1
FillAngle
 90
2
 90
1
 40
6.283185307179586
330
0
330
0
 90
0
  1
ItemSpacing
 90
2
 90
1
 40
0.2617993877991494
330
0
330
0
 90
0
  1
Items
 90
0
 90
1
 90
24
330
0
330
0
 90
0
  1
LevelSpacing
 90
1
 90
1
 40
97.5
330
0
330
0
 90
0
  1
Levels
 90
0
 90
1
 90
1
330
0
330
0
 90
0
  1
RowElevation
 90
1
 90
1
 40
0.0
330
0
330
0
 90
0
  1
RowSpacing
 90
1
 90
1
 40
1.0
330
0
330
0
 90
0
  1
Rows
 90
0
 90
1
 90
1
330
0
330
0
 90
0
  1
Radius
 90
1
 90
1
 40
25.0
330
0
330
0
 90
0
  1
StartAngle
 90
2
 90
1
 40
0.0
330
0
330
0
  0
ACDBASSOCACTION
  5
C74
330
7C4
100
AcDbAssocAction
 90
2
 90
0
330
7C4
360
C75
 90
69
 90
3
 90
3
360
C76
360
C77
360
C78
 90
0
 90
3
360
C79
360
C7A
360
C7B
 90
0
 90
10
 90
0
  1
FillAngle
 90
2
 90
1
 40
6.283185307179586
330
0
330
0
 90
0
  1
ItemSpacing
 90
2
 90
1
 40
0.8975979010256551
330
0
330
0
 90
0
  1
Items
 90
0
 90
1
 90
7
330
0
330
0
 90
0
  1
LevelSpacing
 90
1
 90
1
 40
176.3622125538263
330
0
330
0
 90
0
  1
Levels
 90
0
 90
1
 90
1
330
0
330
0
 90
0
  1
RowElevation
 90
1
 90
1
 40
0.0
330
0
330
0
 90
0
  1
RowSpacing
 90
1
 90
1
 40
19.54615982945756
330
0
330
0
 90
0
  1
Rows
 90
0
 90
1
 90
1
330
0
330
0
 90
0
  1
Radius
 90
1
 90
1
 40
25.36728731110816
330
0
330
0
 90
0
  1
StartAngle
 90
2
 90
1
 40
4.712388980384707
330
0
330
0
  0
ACDBASSOCACTION
  5
C7C
330
7C4
100
AcDbAssocAction
 90
2
 90
0
330
7C4
360
C7D
 90
70
 90
3
 90
3
360
C7E
360
C7F
360
C80
 90
0
 90
3
360
C81
360
C82
360
C83
 90
0
 90
10
 90
0
  1
FillAngle
 90
2
 90
1
 40
6.283185307179586
330
0
330
0
 90
0
  1
ItemSpacing
 90
2
 90
1
 40
0.2617993877991494
330
0
330
0
 90
0
  1
Items
 90
0
 90
1
 90
24
330
0
330
0
 90
0
  1
LevelSpacing
 90
1
 90
1
 40
97.5
330
0
330
0
 90
0
  1
Levels
 90
0
 90
1
 90
1
330
0
330
0
 90
0
  1
RowElevation
 90
1
 90
1
 40
0.0
330
0
330
0
 90
0
  1
RowSpacing
 90
1
 90
1
 40
1.0
330
0
330
0
 90
0
  1
Rows
 90
0
 90
1
 90
1
330
0
330
0
 90
0
  1
Radius
 90
1
 90
1
 40
25.0
330
0
330
0
 90
0
  1
StartAngle
 90
2
 90
1
 40
0.0
330
0
330
0
  0
ACDBASSOCACTION
  5
CBA
330
7C4
100
AcDbAssocAction
 90
2
 90
0
330
7C4
360
CBB
 90
71
 90
3
 90
3
360
CBC
360
CBD
360
CBE
 90
0
 90
3
360
CBF
360
CC0
360
CC1
 90
0
 90
10
 90
0
  1
FillAngle
 90
2
 90
1
 40
6.283185307179586
330
0
330
0
 90
0
  1
ItemSpacing
 90
2
 90
1
 40
0.8975979010256551
330
0
330
0
 90
0
  1
Items
 90
0
 90
1
 90
7
330
0
330
0
 90
0
  1
LevelSpacing
 90
1
 90
1
 40
176.3622125538263
330
0
330
0
 90
0
  1
Levels
 90
0
 90
1
 90
1
330
0
330
0
 90
0
  1
RowElevation
 90
1
 90
1
 40
0.0
330
0
330
0
 90
0
  1
RowSpacing
 90
1
 90
1
 40
19.54615982945756
330
0
330
0
 90
0
  1
Rows
 90
0
 90
1
 90
1
330
0
330
0
 90
0
  1
Radius
 90
1
 90
1
 40
25.36728731110816
330
0
330
0
 90
0
  1
StartAngle
 90
2
 90
1
 40
4.712388980384707
330
0
330
0
  0
ACDBASSOCACTION
  5
CC2
330
7C4
100
AcDbAssocAction
 90
2
 90
0
330
7C4
360
CC3
 90
72
 90
3
 90
3
360
CC4
360
CC5
360
CC6
 90
0
 90
3
360
CC7
360
CC8
360
CC9
 90
0
 90
10
 90
0
  1
FillAngle
 90
2
 90
1
 40
6.283185307179586
330
0
330
0
 90
0
  1
ItemSpacing
 90
2
 90
1
 40
0.2617993877991494
330
0
330
0
 90
0
  1
Items
 90
0
 90
1
 90
24
330
0
330
0
 90
0
  1
LevelSpacing
 90
1
 90
1
 40
97.5
330
0
330
0
 90
0
  1
Levels
 90
0
 90
1
 90
1
330
0
330
0
 90
0
  1
RowElevation
 90
1
 90
1
 40
0.0
330
0
330
0
 90
0
  1
RowSpacing
 90
1
 90
1
 40
1.0
330
0
330
0
 90
0
  1
Rows
 90
0
 90
1
 90
1
330
0
330
0
 90
0
  1
Radius
 90
1
 90
1
 40
25.0
330
0
330
0
 90
0
  1
StartAngle
 90
2
 90
1
 40
0.0
330
0
330
0
  0
ACDBASSOCACTION
  5
D00
330
7C4
100
AcDbAssocAction
 90
2
 90
0
330
7C4
360
D01
 90
73
 90
3
 90
3
360
D02
360
D03
360
D04
 90
0
 90
3
360
D05
360
D06
360
D07
 90
0
 90
10
 90
0
  1
FillAngle
 90
2
 90
1
 40
6.283185307179586
330
0
330
0
 90
0
  1
ItemSpacing
 90
2
 90
1
 40
0.8975979010256551
330
0
330
0
 90
0
  1
Items
 90
0
 90
1
 90
7
330
0
330
0
 90
0
  1
LevelSpacing
 90
1
 90
1
 40
176.3622125538263
330
0
330
0
 90
0
  1
Levels
 90
0
 90
1
 90
1
330
0
330
0
 90
0
  1
RowElevation
 90
1
 90
1
 40
0.0
330
0
330
0
 90
0
  1
RowSpacing
 90
1
 90
1
 40
19.54615982945756
330
0
330
0
 90
0
  1
Rows
 90
0
 90
1
 90
1
330
0
330
0
 90
0
  1
Radius
 90
1
 90
1
 40
25.36728731110816
330
0
330
0
 90
0
  1
StartAngle
 90
2
 90
1
 40
4.712388980384707
330
0
330
0
  0
ACDBASSOCACTION
  5
D08
330
7C4
100
AcDbAssocAction
 90
2
 90
0
330
7C4
360
D09
 90
74
 90
3
 90
3
360
D0A
360
D0B
360
D0C
 90
0
 90
3
360
D0D
360
D0E
360
D0F
 90
0
 90
10
 90
0
  1
FillAngle
 90
2
 90
1
 40
6.283185307179586
330
0
330
0
 90
0
  1
ItemSpacing
 90
2
 90
1
 40
0.2617993877991494
330
0
330
0
 90
0
  1
Items
 90
0
 90
1
 90
24
330
0
330
0
 90
0
  1
LevelSpacing
 90
1
 90
1
 40
97.5
330
0
330
0
 90
0
  1
Levels
 90
0
 90
1
 90
1
330
0
330
0
 90
0
  1
RowElevation
 90
1
 90
1
 40
0.0
330
0
330
0
 90
0
  1
RowSpacing
 90
1
 90
1
 40
1.0
330
0
330
0
 90
0
  1
Rows
 90
0
 90
1
 90
1
330
0
330
0
 90
0
  1
Radius
 90
1
 90
1
 40
25.0
330
0
330
0
 90
0
  1
StartAngle
 90
2
 90
1
 40
0.0
330
0
330
0
  0
ACDBASSOCACTION
  5
D46
330
7C4
100
AcDbAssocAction
 90
2
 90
0
330
7C4
360
D47
 90
75
 90
3
 90
3
360
D48
360
D49
360
D4A
 90
0
 90
3
360
D4B
360
D4C
360
D4D
 90
0
 90
10
 90
0
  1
FillAngle
 90
2
 90
1
 40
6.283185307179586
330
0
330
0
 90
0
  1
ItemSpacing
 90
2
 90
1
 40
0.8975979010256551
330
0
330
0
 90
0
  1
Items
 90
0
 90
1
 90
7
330
0
330
0
 90
0
  1
LevelSpacing
 90
1
 90
1
 40
176.3622125538263
330
0
330
0
 90
0
  1
Levels
 90
0
 90
1
 90
1
330
0
330
0
 90
0
  1
RowElevation
 90
1
 90
1
 40
0.0
330
0
330
0
 90
0
  1
RowSpacing
 90
1
 90
1
 40
19.54615982945756
330
0
330
0
 90
0
  1
Rows
 90
0
 90
1
 90
1
330
0
330
0
 90
0
  1
Radius
 90
1
 90
1
 40
25.36728731110816
330
0
330
0
 90
0
  1
StartAngle
 90
2
 90
1
 40
4.712388980384707
330
0
330
0
  0
ACDBASSOCACTION
  5
D4E
330
7C4
100
AcDbAssocAction
 90
2
 90
0
330
7C4
360
D4F
 90
76
 90
3
 90
3
360
D50
360
D51
360
D52
 90
0
 90
3
360
D53
360
D54
360
D55
 90
0
 90
10
 90
0
  1
FillAngle
 90
2
 90
1
 40
6.283185307179586
330
0
330
0
 90
0
  1
ItemSpacing
 90
2
 90
1
 40
0.2617993877991494
330
0
330
0
 90
0
  1
Items
 90
0
 90
1
 90
24
330
0
330
0
 90
0
  1
LevelSpacing
 90
1
 90
1
 40
97.5
330
0
330
0
 90
0
  1
Levels
 90
0
 90
1
 90
1
330
0
330
0
 90
0
  1
RowElevation
 90
1
 90
1
 40
0.0
330
0
330
0
 90
0
  1
RowSpacing
 90
1
 90
1
 40
1.0
330
0
330
0
 90
0
  1
Rows
 90
0
 90
1
 90
1
330
0
330
0
 90
0
  1
Radius
 90
1
 90
1
 40
25.0
330
0
330
0
 90
0
  1
StartAngle
 90
2
 90
1
 40
0.0
330
0
330
0
  0
ACDBASSOCACTION
  5
D8C
330
7C4
100
AcDbAssocAction
 90
2
 90
0
330
7C4
360
D8D
 90
77
 90
3
 90
3
360
D8E
360
D8F
360
D90
 90
0
 90
3
360
D91
360
D92
360
D93
 90
0
 90
10
 90
0
  1
FillAngle
 90
2
 90
1
 40
6.283185307179586
330
0
330
0
 90
0
  1
ItemSpacing
 90
2
 90
1
 40
0.8975979010256551
330
0
330
0
 90
0
  1
Items
 90
0
 90
1
 90
7
330
0
330
0
 90
0
  1
LevelSpacing
 90
1
 90
1
 40
176.3622125538263
330
0
330
0
 90
0
  1
Levels
 90
0
 90
1
 90
1
330
0
330
0
 90
0
  1
RowElevation
 90
1
 90
1
 40
0.0
330
0
330
0
 90
0
  1
RowSpacing
 90
1
 90
1
 40
19.54615982945756
330
0
330
0
 90
0
  1
Rows
 90
0
 90
1
 90
1
330
0
330
0
 90
0
  1
Radius
 90
1
 90
1
 40
25.36728731110816
330
0
330
0
 90
0
  1
StartAngle
 90
2
 90
1
 40
4.712388980384707
330
0
330
0
  0
ACDBASSOCACTION
  5
D94
330
7C4
100
AcDbAssocAction
 90
2
 90
0
330
7C4
360
D95
 90
78
 90
3
 90
3
360
D96
360
D97
360
D98
 90
0
 90
3
360
D99
360
D9A
360
D9B
 90
0
 90
10
 90
0
  1
FillAngle
 90
2
 90
1
 40
6.283185307179586
330
0
330
0
 90
0
  1
ItemSpacing
 90
2
 90
1
 40
0.2617993877991494
330
0
330
0
 90
0
  1
Items
 90
0
 90
1
 90
24
330
0
330
0
 90
0
  1
LevelSpacing
 90
1
 90
1
 40
97.5
330
0
330
0
 90
0
  1
Levels
 90
0
 90
1
 90
1
330
0
330
0
 90
0
  1
RowElevation
 90
1
 90
1
 40
0.0
330
0
330
0
 90
0
  1
RowSpacing
 90
1
 90
1
 40
1.0
330
0
330
0
 90
0
  1
Rows
 90
0
 90
1
 90
1
330
0
330
0
 90
0
  1
Radius
 90
1
 90
1
 40
25.0
330
0
330
0
 90
0
  1
StartAngle
 90
2
 90
1
 40
0.0
330
0
330
0
  0
ACDBASSOCACTION
  5
DD2
330
7C4
100
AcDbAssocAction
 90
2
 90
0
330
7C4
360
DD3
 90
79
 90
3
 90
3
360
DD4
360
DD5
360
DD6
 90
0
 90
3
360
DD7
360
DD8
360
DD9
 90
0
 90
10
 90
0
  1
FillAngle
 90
2
 90
1
 40
6.283185307179586
330
0
330
0
 90
0
  1
ItemSpacing
 90
2
 90
1
 40
0.8975979010256551
330
0
330
0
 90
0
  1
Items
 90
0
 90
1
 90
7
330
0
330
0
 90
0
  1
LevelSpacing
 90
1
 90
1
 40
176.3622125538263
330
0
330
0
 90
0
  1
Levels
 90
0
 90
1
 90
1
330
0
330
0
 90
0
  1
RowElevation
 90
1
 90
1
 40
0.0
330
0
330
0
 90
0
  1
RowSpacing
 90
1
 90
1
 40
19.54615982945756
330
0
330
0
 90
0
  1
Rows
 90
0
 90
1
 90
1
330
0
330
0
 90
0
  1
Radius
 90
1
 90
1
 40
25.36728731110816
330
0
330
0
 90
0
  1
StartAngle
 90
2
 90
1
 40
4.712388980384707
330
0
330
0
  0
ACDBASSOCACTION
  5
DDA
330
7C4
100
AcDbAssocAction
 90
2
 90
0
330
7C4
360
DDB
 90
80
 90
3
 90
3
360
DDC
360
DDD
360
DDE
 90
0
 90
3
360
DDF
360
DE0
360
DE1
 90
0
 90
10
 90
0
  1
FillAngle
 90
2
 90
1
 40
6.283185307179586
330
0
330
0
 90
0
  1
ItemSpacing
 90
2
 90
1
 40
0.2617993877991494
330
0
330
0
 90
0
  1
Items
 90
0
 90
1
 90
24
330
0
330
0
 90
0
  1
LevelSpacing
 90
1
 90
1
 40
97.5
330
0
330
0
 90
0
  1
Levels
 90
0
 90
1
 90
1
330
0
330
0
 90
0
  1
RowElevation
 90
1
 90
1
 40
0.0
330
0
330
0
 90
0
  1
RowSpacing
 90
1
 90
1
 40
1.0
330
0
330
0
 90
0
  1
Rows
 90
0
 90
1
 90
1
330
0
330
0
 90
0
  1
Radius
 90
1
 90
1
 40
25.0
330
0
330
0
 90
0
  1
StartAngle
 90
2
 90
1
 40
0.0
330
0
330
0
  0
ACDBASSOCACTION
  5
E18
330
7C4
100
AcDbAssocAction
 90
2
 90
0
330
7C4
360
E19
 90
81
 90
3
 90
3
360
E1A
360
E1B
360
E1C
 90
0
 90
3
360
E1D
360
E1E
360
E1F
 90
0
 90
10
 90
0
  1
FillAngle
 90
2
 90
1
 40
6.283185307179586
330
0
330
0
 90
0
  1
ItemSpacing
 90
2
 90
1
 40
0.8975979010256551
330
0
330
0
 90
0
  1
Items
 90
0
 90
1
 90
7
330
0
330
0
 90
0
  1
LevelSpacing
 90
1
 90
1
 40
176.3622125538263
330
0
330
0
 90
0
  1
Levels
 90
0
 90
1
 90
1
330
0
330
0
 90
0
  1
RowElevation
 90
1
 90
1
 40
0.0
330
0
330
0
 90
0
  1
RowSpacing
 90
1
 90
1
 40
19.54615982945756
330
0
330
0
 90
0
  1
Rows
 90
0
 90
1
 90
1
330
0
330
0
 90
0
  1
Radius
 90
1
 90
1
 40
25.36728731110816
330
0
330
0
 90
0
  1
StartAngle
 90
2
 90
1
 40
4.712388980384707
330
0
330
0
  0
ACDBASSOCACTION
  5
E20
330
7C4
100
AcDbAssocAction
 90
2
 90
0
330
7C4
360
E21
 90
82
 90
3
 90
3
360
E22
360
E23
360
E24
 90
0
 90
3
360
E25
360
E26
360
E27
 90
0
 90
10
 90
0
  1
FillAngle
 90
2
 90
1
 40
6.283185307179586
330
0
330
0
 90
0
  1
ItemSpacing
 90
2
 90
1
 40
0.2617993877991494
330
0
330
0
 90
0
  1
Items
 90
0
 90
1
 90
24
330
0
330
0
 90
0
  1
LevelSpacing
 90
1
 90
1
 40
97.5
330
0
330
0
 90
0
  1
Levels
 90
0
 90
1
 90
1
330
0
330
0
 90
0
  1
RowElevation
 90
1
 90
1
 40
0.0
330
0
330
0
 90
0
  1
RowSpacing
 90
1
 90
1
 40
1.0
330
0
330
0
 90
0
  1
Rows
 90
0
 90
1
 90
1
330
0
330
0
 90
0
  1
Radius
 90
1
 90
1
 40
25.0
330
0
330
0
 90
0
  1
StartAngle
 90
2
 90
1
 40
0.0
330
0
330
0
  0
ACDBASSOCACTION
  5
E5E
330
7C4
100
AcDbAssocAction
 90
2
 90
0
330
7C4
360
E5F
 90
83
 90
3
 90
3
360
E60
360
E61
360
E62
 90
0
 90
3
360
E63
360
E64
360
E65
 90
0
 90
10
 90
0
  1
FillAngle
 90
2
 90
1
 40
6.283185307179586
330
0
330
0
 90
0
  1
ItemSpacing
 90
2
 90
1
 40
0.8975979010256551
330
0
330
0
 90
0
  1
Items
 90
0
 90
1
 90
7
330
0
330
0
 90
0
  1
LevelSpacing
 90
1
 90
1
 40
176.3622125538263
330
0
330
0
 90
0
  1
Levels
 90
0
 90
1
 90
1
330
0
330
0
 90
0
  1
RowElevation
 90
1
 90
1
 40
0.0
330
0
330
0
 90
0
  1
RowSpacing
 90
1
 90
1
 40
19.54615982945756
330
0
330
0
 90
0
  1
Rows
 90
0
 90
1
 90
1
330
0
330
0
 90
0
  1
Radius
 90
1
 90
1
 40
25.36728731110816
330
0
330
0
 90
0
  1
StartAngle
 90
2
 90
1
 40
4.712388980384707
330
0
330
0
  0
ACDBASSOCACTION
  5
E66
330
7C4
100
AcDbAssocAction
 90
2
 90
0
330
7C4
360
E67
 90
84
 90
3
 90
3
360
E68
360
E69
360
E6A
 90
0
 90
3
360
E6B
360
E6C
360
E6D
 90
0
 90
10
 90
0
  1
FillAngle
 90
2
 90
1
 40
6.283185307179586
330
0
330
0
 90
0
  1
ItemSpacing
 90
2
 90
1
 40
0.2617993877991494
330
0
330
0
 90
0
  1
Items
 90
0
 90
1
 90
24
330
0
330
0
 90
0
  1
LevelSpacing
 90
1
 90
1
 40
97.5
330
0
330
0
 90
0
  1
Levels
 90
0
 90
1
 90
1
330
0
330
0
 90
0
  1
RowElevation
 90
1
 90
1
 40
0.0
330
0
330
0
 90
0
  1
RowSpacing
 90
1
 90
1
 40
1.0
330
0
330
0
 90
0
  1
Rows
 90
0
 90
1
 90
1
330
0
330
0
 90
0
  1
Radius
 90
1
 90
1
 40
25.0
330
0
330
0
 90
0
  1
StartAngle
 90
2
 90
1
 40
0.0
330
0
330
0
  0
ACDBASSOCACTION
  5
EA4
330
7C4
100
AcDbAssocAction
 90
2
 90
0
330
7C4
360
EA5
 90
85
 90
3
 90
3
360
EA6
360
EA7
360
EA8
 90
0
 90
3
360
EA9
360
EAA
360
EAB
 90
0
 90
10
 90
0
  1
FillAngle
 90
2
 90
1
 40
6.283185307179586
330
0
330
0
 90
0
  1
ItemSpacing
 90
2
 90
1
 40
0.8975979010256551
330
0
330
0
 90
0
  1
Items
 90
0
 90
1
 90
7
330
0
330
0
 90
0
  1
LevelSpacing
 90
1
 90
1
 40
176.3622125538263
330
0
330
0
 90
0
  1
Levels
 90
0
 90
1
 90
1
330
0
330
0
 90
0
  1
RowElevation
 90
1
 90
1
 40
0.0
330
0
330
0
 90
0
  1
RowSpacing
 90
1
 90
1
 40
19.54615982945756
330
0
330
0
 90
0
  1
Rows
 90
0
 90
1
 90
1
330
0
330
0
 90
0
  1
Radius
 90
1
 90
1
 40
25.36728731110816
330
0
330
0
 90
0
  1
StartAngle
 90
2
 90
1
 40
4.712388980384707
330
0
330
0
  0
ACDBASSOCACTION
  5
EAC
330
7C4
100
AcDbAssocAction
 90
2
 90
0
330
7C4
360
EAD
 90
86
 90
3
 90
3
360
EAE
360
EAF
360
EB0
 90
0
 90
3
360
EB1
360
EB2
360
EB3
 90
0
 90
10
 90
0
  1
FillAngle
 90
2
 90
1
 40
6.283185307179586
330
0
330
0
 90
0
  1
ItemSpacing
 90
2
 90
1
 40
0.2617993877991494
330
0
330
0
 90
0
  1
Items
 90
0
 90
1
 90
24
330
0
330
0
 90
0
  1
LevelSpacing
 90
1
 90
1
 40
97.5
330
0
330
0
 90
0
  1
Levels
 90
0
 90
1
 90
1
330
0
330
0
 90
0
  1
RowElevation
 90
1
 90
1
 40
0.0
330
0
330
0
 90
0
  1
RowSpacing
 90
1
 90
1
 40
1.0
330
0
330
0
 90
0
  1
Rows
 90
0
 90
1
 90
1
330
0
330
0
 90
0
  1
Radius
 90
1
 90
1
 40
25.0
330
0
330
0
 90
0
  1
StartAngle
 90
2
 90
1
 40
0.0
330
0
330
0
  0
ACDBASSOCACTION
  5
EEA
330
7C4
100
AcDbAssocAction
 90
2
 90
0
330
7C4
360
EEB
 90
87
 90
3
 90
3
360
EEC
360
EED
360
EEE
 90
0
 90
3
360
EEF
360
EF0
360
EF1
 90
0
 90
10
 90
0
  1
FillAngle
 90
2
 90
1
 40
6.283185307179586
330
0
330
0
 90
0
  1
ItemSpacing
 90
2
 90
1
 40
0.8975979010256551
330
0
330
0
 90
0
  1
Items
 90
0
 90
1
 90
7
330
0
330
0
 90
0
  1
LevelSpacing
 90
1
 90
1
 40
176.3622125538263
330
0
330
0
 90
0
  1
Levels
 90
0
 90
1
 90
1
330
0
330
0
 90
0
  1
RowElevation
 90
1
 90
1
 40
0.0
330
0
330
0
 90
0
  1
RowSpacing
 90
1
 90
1
 40
19.54615982945756
330
0
330
0
 90
0
  1
Rows
 90
0
 90
1
 90
1
330
0
330
0
 90
0
  1
Radius
 90
1
 90
1
 40
25.36728731110816
330
0
330
0
 90
0
  1
StartAngle
 90
2
 90
1
 40
4.712388980384707
330
0
330
0
  0
ACDBASSOCACTION
  5
EF2
330
7C4
100
AcDbAssocAction
 90
2
 90
0
330
7C4
360
EF3
 90
88
 90
3
 90
3
360
EF4
360
EF5
360
EF6
 90
0
 90
3
360
EF7
360
EF8
360
EF9
 90
0
 90
10
 90
0
  1
FillAngle
 90
2
 90
1
 40
6.283185307179586
330
0
330
0
 90
0
  1
ItemSpacing
 90
2
 90
1
 40
0.2617993877991494
330
0
330
0
 90
0
  1
Items
 90
0
 90
1
 90
24
330
0
330
0
 90
0
  1
LevelSpacing
 90
1
 90
1
 40
97.5
330
0
330
0
 90
0
  1
Levels
 90
0
 90
1
 90
1
330
0
330
0
 90
0
  1
RowElevation
 90
1
 90
1
 40
0.0
330
0
330
0
 90
0
  1
RowSpacing
 90
1
 90
1
 40
1.0
330
0
330
0
 90
0
  1
Rows
 90
0
 90
1
 90
1
330
0
330
0
 90
0
  1
Radius
 90
1
 90
1
 40
25.0
330
0
330
0
 90
0
  1
StartAngle
 90
2
 90
1
 40
0.0
330
0
330
0
  0
ACDBASSOCACTION
  5
F30
330
7C4
100
AcDbAssocAction
 90
2
 90
0
330
7C4
360
F31
 90
89
 90
3
 90
3
360
F32
360
F33
360
F34
 90
0
 90
3
360
F35
360
F36
360
F37
 90
0
 90
10
 90
0
  1
FillAngle
 90
2
 90
1
 40
6.283185307179586
330
0
330
0
 90
0
  1
ItemSpacing
 90
2
 90
1
 40
0.8975979010256551
330
0
330
0
 90
0
  1
Items
 90
0
 90
1
 90
7
330
0
330
0
 90
0
  1
LevelSpacing
 90
1
 90
1
 40
176.3622125538263
330
0
330
0
 90
0
  1
Levels
 90
0
 90
1
 90
1
330
0
330
0
 90
0
  1
RowElevation
 90
1
 90
1
 40
0.0
330
0
330
0
 90
0
  1
RowSpacing
 90
1
 90
1
 40
19.54615982945756
330
0
330
0
 90
0
  1
Rows
 90
0
 90
1
 90
1
330
0
330
0
 90
0
  1
Radius
 90
1
 90
1
 40
25.36728731110816
330
0
330
0
 90
0
  1
StartAngle
 90
2
 90
1
 40
4.712388980384707
330
0
330
0
  0
ACDBASSOCACTION
  5
F38
330
7C4
100
AcDbAssocAction
 90
2
 90
0
330
7C4
360
F39
 90
90
 90
3
 90
3
360
F3A
360
F3B
360
F3C
 90
0
 90
3
360
F3D
360
F3E
360
F3F
 90
0
 90
10
 90
0
  1
FillAngle
 90
2
 90
1
 40
6.283185307179586
330
0
330
0
 90
0
  1
ItemSpacing
 90
2
 90
1
 40
0.2617993877991494
330
0
330
0
 90
0
  1
Items
 90
0
 90
1
 90
24
330
0
330
0
 90
0
  1
LevelSpacing
 90
1
 90
1
 40
97.5
330
0
330
0
 90
0
  1
Levels
 90
0
 90
1
 90
1
330
0
330
0
 90
0
  1
RowElevation
 90
1
 90
1
 40
0.0
330
0
330
0
 90
0
  1
RowSpacing
 90
1
 90
1
 40
1.0
330
0
330
0
 90
0
  1
Rows
 90
0
 90
1
 90
1
330
0
330
0
 90
0
  1
Radius
 90
1
 90
1
 40
25.0
330
0
330
0
 90
0
  1
StartAngle
 90
2
 90
1
 40
0.0
330
0
330
0
  0
ACDBASSOCACTION
  5
F76
330
7C4
100
AcDbAssocAction
 90
2
 90
0
330
7C4
360
F77
 90
91
 90
3
 90
3
360
F78
360
F79
360
F7A
 90
0
 90
3
360
F7B
360
F7C
360
F7D
 90
0
 90
10
 90
0
  1
FillAngle
 90
2
 90
1
 40
6.283185307179586
330
0
330
0
 90
0
  1
ItemSpacing
 90
2
 90
1
 40
0.8975979010256551
330
0
330
0
 90
0
  1
Items
 90
0
 90
1
 90
7
330
0
330
0
 90
0
  1
LevelSpacing
 90
1
 90
1
 40
176.3622125538263
330
0
330
0
 90
0
  1
Levels
 90
0
 90
1
 90
1
330
0
330
0
 90
0
  1
RowElevation
 90
1
 90
1
 40
0.0
330
0
330
0
 90
0
  1
RowSpacing
 90
1
 90
1
 40
19.54615982945756
330
0
330
0
 90
0
  1
Rows
 90
0
 90
1
 90
1
330
0
330
0
 90
0
  1
Radius
 90
1
 90
1
 40
25.36728731110816
330
0
330
0
 90
0
  1
StartAngle
 90
2
 90
1
 40
4.712388980384707
330
0
330
0
  0
ACDBASSOCACTION
  5
F7E
330
7C4
100
AcDbAssocAction
 90
2
 90
0
330
7C4
360
F7F
 90
92
 90
3
 90
3
360
F80
360
F81
360
F82
 90
0
 90
3
360
F83
360
F84
360
F85
 90
0
 90
10
 90
0
  1
FillAngle
 90
2
 90
1
 40
6.283185307179586
330
0
330
0
 90
0
  1
ItemSpacing
 90
2
 90
1
 40
0.2617993877991494
330
0
330
0
 90
0
  1
Items
 90
0
 90
1
 90
24
330
0
330
0
 90
0
  1
LevelSpacing
 90
1
 90
1
 40
97.5
330
0
330
0
 90
0
  1
Levels
 90
0
 90
1
 90
1
330
0
330
0
 90
0
  1
RowElevation
 90
1
 90
1
 40
0.0
330
0
330
0
 90
0
  1
RowSpacing
 90
1
 90
1
 40
1.0
330
0
330
0
 90
0
  1
Rows
 90
0
 90
1
 90
1
330
0
330
0
 90
0
  1
Radius
 90
1
 90
1
 40
25.0
330
0
330
0
 90
0
  1
StartAngle
 90
2
 90
1
 40
0.0
330
0
330
0
  0
ACDBASSOCACTION
  5
FBC
330
7C4
100
AcDbAssocAction
 90
2
 90
0
330
7C4
360
FBD
 90
93
 90
3
 90
3
360
FBE
360
FBF
360
FC0
 90
0
 90
3
360
FC1
360
FC2
360
FC3
 90
0
 90
10
 90
0
  1
FillAngle
 90
2
 90
1
 40
6.283185307179586
330
0
330
0
 90
0
  1
ItemSpacing
 90
2
 90
1
 40
0.8975979010256551
330
0
330
0
 90
0
  1
Items
 90
0
 90
1
 90
7
330
0
330
0
 90
0
  1
LevelSpacing
 90
1
 90
1
 40
176.3622125538263
330
0
330
0
 90
0
  1
Levels
 90
0
 90
1
 90
1
330
0
330
0
 90
0
  1
RowElevation
 90
1
 90
1
 40
0.0
330
0
330
0
 90
0
  1
RowSpacing
 90
1
 90
1
 40
19.54615982945756
330
0
330
0
 90
0
  1
Rows
 90
0
 90
1
 90
1
330
0
330
0
 90
0
  1
Radius
 90
1
 90
1
 40
25.36728731110816
330
0
330
0
 90
0
  1
StartAngle
 90
2
 90
1
 40
4.712388980384707
330
0
330
0
  0
ACDBASSOCACTION
  5
FC4
330
7C4
100
AcDbAssocAction
 90
2
 90
0
330
7C4
360
FC5
 90
94
 90
3
 90
3
360
FC6
360
FC7
360
FC8
 90
0
 90
3
360
FC9
360
FCA
360
FCB
 90
0
 90
10
 90
0
  1
FillAngle
 90
2
 90
1
 40
6.283185307179586
330
0
330
0
 90
0
  1
ItemSpacing
 90
2
 90
1
 40
0.2617993877991494
330
0
330
0
 90
0
  1
Items
 90
0
 90
1
 90
24
330
0
330
0
 90
0
  1
LevelSpacing
 90
1
 90
1
 40
97.5
330
0
330
0
 90
0
  1
Levels
 90
0
 90
1
 90
1
330
0
330
0
 90
0
  1
RowElevation
 90
1
 90
1
 40
0.0
330
0
330
0
 90
0
  1
RowSpacing
 90
1
 90
1
 40
1.0
330
0
330
0
 90
0
  1
Rows
 90
0
 90
1
 90
1
330
0
330
0
 90
0
  1
Radius
 90
1
 90
1
 40
25.0
330
0
330
0
 90
0
  1
StartAngle
 90
2
 90
1
 40
0.0
330
0
330
0
  0
ACDBASSOCACTION
  5
1002
330
7C4
100
AcDbAssocAction
 90
2
 90
0
330
7C4
360
1003
 90
95
 90
3
 90
3
360
1004
360
1005
360
1006
 90
0
 90
3
360
1007
360
1008
360
1009
 90
0
 90
10
 90
0
  1
FillAngle
 90
2
 90
1
 40
6.283185307179586
330
0
330
0
 90
0
  1
ItemSpacing
 90
2
 90
1
 40
0.8975979010256551
330
0
330
0
 90
0
  1
Items
 90
0
 90
1
 90
7
330
0
330
0
 90
0
  1
LevelSpacing
 90
1
 90
1
 40
176.3622125538263
330
0
330
0
 90
0
  1
Levels
 90
0
 90
1
 90
1
330
0
330
0
 90
0
  1
RowElevation
 90
1
 90
1
 40
0.0
330
0
330
0
 90
0
  1
RowSpacing
 90
1
 90
1
 40
19.54615982945756
330
0
330
0
 90
0
  1
Rows
 90
0
 90
1
 90
1
330
0
330
0
 90
0
  1
Radius
 90
1
 90
1
 40
25.36728731110816
330
0
330
0
 90
0
  1
StartAngle
 90
2
 90
1
 40
4.712388980384707
330
0
330
0
  0
ACDBASSOCACTION
  5
100A
330
7C4
100
AcDbAssocAction
 90
2
 90
0
330
7C4
360
100B
 90
96
 90
3
 90
3
360
100C
360
100D
360
100E
 90
0
 90
3
360
100F
360
1010
360
1011
 90
0
 90
10
 90
0
  1
FillAngle
 90
2
 90
1
 40
6.283185307179586
330
0
330
0
 90
0
  1
ItemSpacing
 90
2
 90
1
 40
0.2617993877991494
330
0
330
0
 90
0
  1
Items
 90
0
 90
1
 90
24
330
0
330
0
 90
0
  1
LevelSpacing
 90
1
 90
1
 40
97.5
330
0
330
0
 90
0
  1
Levels
 90
0
 90
1
 90
1
330
0
330
0
 90
0
  1
RowElevation
 90
1
 90
1
 40
0.0
330
0
330
0
 90
0
  1
RowSpacing
 90
1
 90
1
 40
1.0
330
0
330
0
 90
0
  1
Rows
 90
0
 90
1
 90
1
330
0
330
0
 90
0
  1
Radius
 90
1
 90
1
 40
25.0
330
0
330
0
 90
0
  1
StartAngle
 90
2
 90
1
 40
0.0
330
0
330
0
  0
ACDBASSOCACTION
  5
1048
330
7C4
100
AcDbAssocAction
 90
2
 90
0
330
7C4
360
1049
 90
97
 90
3
 90
3
360
104A
360
104B
360
104C
 90
0
 90
3
360
104D
360
104E
360
104F
 90
0
 90
10
 90
0
  1
FillAngle
 90
2
 90
1
 40
6.283185307179586
330
0
330
0
 90
0
  1
ItemSpacing
 90
2
 90
1
 40
0.8975979010256551
330
0
330
0
 90
0
  1
Items
 90
0
 90
1
 90
7
330
0
330
0
 90
0
  1
LevelSpacing
 90
1
 90
1
 40
176.3622125538263
330
0
330
0
 90
0
  1
Levels
 90
0
 90
1
 90
1
330
0
330
0
 90
0
  1
RowElevation
 90
1
 90
1
 40
0.0
330
0
330
0
 90
0
  1
RowSpacing
 90
1
 90
1
 40
19.54615982945756
330
0
330
0
 90
0
  1
Rows
 90
0
 90
1
 90
1
330
0
330
0
 90
0
  1
Radius
 90
1
 90
1
 40
25.36728731110816
330
0
330
0
 90
0
  1
StartAngle
 90
2
 90
1
 40
4.712388980384707
330
0
330
0
  0
ACDBASSOCACTION
  5
1050
330
7C4
100
AcDbAssocAction
 90
2
 90
0
330
7C4
360
1051
 90
98
 90
3
 90
3
360
1052
360
1053
360
1054
 90
0
 90
3
360
1055
360
1056
360
1057
 90
0
 90
10
 90
0
  1
FillAngle
 90
2
 90
1
 40
6.283185307179586
330
0
330
0
 90
0
  1
ItemSpacing
 90
2
 90
1
 40
0.2617993877991494
330
0
330
0
 90
0
  1
Items
 90
0
 90
1
 90
24
330
0
330
0
 90
0
  1
LevelSpacing
 90
1
 90
1
 40
97.5
330
0
330
0
 90
0
  1
Levels
 90
0
 90
1
 90
1
330
0
330
0
 90
0
  1
RowElevation
 90
1
 90
1
 40
0.0
330
0
330
0
 90
0
  1
RowSpacing
 90
1
 90
1
 40
1.0
330
0
330
0
 90
0
  1
Rows
 90
0
 90
1
 90
1
330
0
330
0
 90
0
  1
Radius
 90
1
 90
1
 40
25.0
330
0
330
0
 90
0
  1
StartAngle
 90
2
 90
1
 40
0.0
330
0
330
0
  0
ACDBASSOCACTION
  5
108E
330
7C4
100
AcDbAssocAction
 90
2
 90
0
330
7C4
360
108F
 90
99
 90
3
 90
3
360
1090
360
1091
360
1092
 90
0
 90
3
360
1093
360
1094
360
1095
 90
0
 90
10
 90
0
  1
FillAngle
 90
2
 90
1
 40
6.283185307179586
330
0
330
0
 90
0
  1
ItemSpacing
 90
2
 90
1
 40
0.8975979010256551
330
0
330
0
 90
0
  1
Items
 90
0
 90
1
 90
7
330
0
330
0
 90
0
  1
LevelSpacing
 90
1
 90
1
 40
176.3622125538263
330
0
330
0
 90
0
  1
Levels
 90
0
 90
1
 90
1
330
0
330
0
 90
0
  1
RowElevation
 90
1
 90
1
 40
0.0
330
0
330
0
 90
0
  1
RowSpacing
 90
1
 90
1
 40
19.54615982945756
330
0
330
0
 90
0
  1
Rows
 90
0
 90
1
 90
1
330
0
330
0
 90
0
  1
Radius
 90
1
 90
1
 40
25.36728731110816
330
0
330
0
 90
0
  1
StartAngle
 90
2
 90
1
 40
4.712388980384707
330
0
330
0
  0
ACDBASSOCACTION
  5
1096
330
7C4
100
AcDbAssocAction
 90
2
 90
0
330
7C4
360
1097
 90
100
 90
3
 90
3
360
1098
360
1099
360
109A
 90
0
 90
3
360
109B
360
109C
360
109D
 90
0
 90
10
 90
0
  1
FillAngle
 90
2
 90
1
 40
6.283185307179586
330
0
330
0
 90
0
  1
ItemSpacing
 90
2
 90
1
 40
0.2617993877991494
330
0
330
0
 90
0
  1
Items
 90
0
 90
1
 90
24
330
0
330
0
 90
0
  1
LevelSpacing
 90
1
 90
1
 40
97.5
330
0
330
0
 90
0
  1
Levels
 90
0
 90
1
 90
1
330
0
330
0
 90
0
  1
RowElevation
 90
1
 90
1
 40
0.0
330
0
330
0
 90
0
  1
RowSpacing
 90
1
 90
1
 40
1.0
330
0
330
0
 90
0
  1
Rows
 90
0
 90
1
 90
1
330
0
330
0
 90
0
  1
Radius
 90
1
 90
1
 40
25.0
330
0
330
0
 90
0
  1
StartAngle
 90
2
 90
1
 40
0.0
330
0
330
0
  0
ACDBASSOCACTION
  5
10D4
330
7C4
100
AcDbAssocAction
 90
2
 90
0
330
7C4
360
10D5
 90
101
 90
3
 90
3
360
10D6
360
10D7
360
10D8
 90
0
 90
3
360
10D9
360
10DA
360
10DB
 90
0
 90
10
 90
0
  1
FillAngle
 90
2
 90
1
 40
6.283185307179586
330
0
330
0
 90
0
  1
ItemSpacing
 90
2
 90
1
 40
0.8975979010256551
330
0
330
0
 90
0
  1
Items
 90
0
 90
1
 90
7
330
0
330
0
 90
0
  1
LevelSpacing
 90
1
 90
1
 40
176.3622125538263
330
0
330
0
 90
0
  1
Levels
 90
0
 90
1
 90
1
330
0
330
0
 90
0
  1
RowElevation
 90
1
 90
1
 40
0.0
330
0
330
0
 90
0
  1
RowSpacing
 90
1
 90
1
 40
19.54615982945756
330
0
330
0
 90
0
  1
Rows
 90
0
 90
1
 90
1
330
0
330
0
 90
0
  1
Radius
 90
1
 90
1
 40
25.36728731110816
330
0
330
0
 90
0
  1
StartAngle
 90
2
 90
1
 40
4.712388980384707
330
0
330
0
  0
ACDBASSOCACTION
  5
10DC
330
7C4
100
AcDbAssocAction
 90
2
 90
0
330
7C4
360
10DD
 90
102
 90
3
 90
3
360
10DE
360
10DF
360
10E0
 90
0
 90
3
360
10E1
360
10E2
360
10E3
 90
0
 90
10
 90
0
  1
FillAngle
 90
2
 90
1
 40
6.283185307179586
330
0
330
0
 90
0
  1
ItemSpacing
 90
2
 90
1
 40
0.2617993877991494
330
0
330
0
 90
0
  1
Items
 90
0
 90
1
 90
24
330
0
330
0
 90
0
  1
LevelSpacing
 90
1
 90
1
 40
97.5
330
0
330
0
 90
0
  1
Levels
 90
0
 90
1
 90
1
330
0
330
0
 90
0
  1
RowElevation
 90
1
 90
1
 40
0.0
330
0
330
0
 90
0
  1
RowSpacing
 90
1
 90
1
 40
1.0
330
0
330
0
 90
0
  1
Rows
 90
0
 90
1
 90
1
330
0
330
0
 90
0
  1
Radius
 90
1
 90
1
 40
25.0
330
0
330
0
 90
0
  1
StartAngle
 90
2
 90
1
 40
0.0
330
0
330
0
  0
ACDBASSOCACTION
  5
111A
330
7C4
100
AcDbAssocAction
 90
2
 90
0
330
7C4
360
111B
 90
103
 90
3
 90
3
360
111C
360
111D
360
111E
 90
0
 90
3
360
111F
360
1120
360
1121
 90
0
 90
10
 90
0
  1
FillAngle
 90
2
 90
1
 40
6.283185307179586
330
0
330
0
 90
0
  1
ItemSpacing
 90
2
 90
1
 40
0.8975979010256551
330
0
330
0
 90
0
  1
Items
 90
0
 90
1
 90
7
330
0
330
0
 90
0
  1
LevelSpacing
 90
1
 90
1
 40
176.3622125538263
330
0
330
0
 90
0
  1
Levels
 90
0
 90
1
 90
1
330
0
330
0
 90
0
  1
RowElevation
 90
1
 90
1
 40
0.0
330
0
330
0
 90
0
  1
RowSpacing
 90
1
 90
1
 40
19.54615982945756
330
0
330
0
 90
0
  1
Rows
 90
0
 90
1
 90
1
330
0
330
0
 90
0
  1
Radius
 90
1
 90
1
 40
25.36728731110816
330
0
330
0
 90
0
  1
StartAngle
 90
2
 90
1
 40
4.712388980384707
330
0
330
0
  0
ACDBASSOCACTION
  5
1122
330
7C4
100
AcDbAssocAction
 90
2
 90
0
330
7C4
360
1123
 90
104
 90
3
 90
3
360
1124
360
1125
360
1126
 90
0
 90
3
360
1127
360
1128
360
1129
 90
0
 90
10
 90
0
  1
FillAngle
 90
2
 90
1
 40
6.283185307179586
330
0
330
0
 90
0
  1
ItemSpacing
 90
2
 90
1
 40
0.2617993877991494
330
0
330
0
 90
0
  1
Items
 90
0
 90
1
 90
24
330
0
330
0
 90
0
  1
LevelSpacing
 90
1
 90
1
 40
97.5
330
0
330
0
 90
0
  1
Levels
 90
0
 90
1
 90
1
330
0
330
0
 90
0
  1
RowElevation
 90
1
 90
1
 40
0.0
330
0
330
0
 90
0
  1
RowSpacing
 90
1
 90
1
 40
1.0
330
0
330
0
 90
0
  1
Rows
 90
0
 90
1
 90
1
330
0
330
0
 90
0
  1
Radius
 90
1
 90
1
 40
25.0
330
0
330
0
 90
0
  1
StartAngle
 90
2
 90
1
 40
0.0
330
0
330
0
  0
XRECORD
  5
11B0
102
{ACAD_REACTORS
330
11AF
102
}
330
11AF
100
AcDbXrecord
280
1
102
DISPLAYNAME
  1
Metric50
102
FLAGS
 90
0
  0
XRECORD
  5
1FA
102
{ACAD_REACTORS
330
1F9
102
}
330
1F9
100
AcDbXrecord
280
1
 70
1
 90
429727718
  1
D62C5603-E3A1-4AEA-B7FB-FE5D8D0755AF
310
504B03040A0000080000CC70623B3DEE336E79000000790000001B0000006175746F6465736B2D64657369676E2D7061636B6167652E786D6C3C3F786D6C2076657273696F6E3D22312E302220656E636F64696E673D227574662D3822203F3E3C666F726D6174733E3C666F726D61743E687474703A2F2F736368656D612E
310
6175746F6465736B2E636F6D2F64657369676E2D7061636B6167652F323030393C2F666F726D61743E3C2F666F726D6174733E504B0304140006080800CC70623BD486FD9CA0000000F4000000130000005B436F6E74656E745F54797065735D2E786D6C7D8EC10E82300C865F65E91D8A1E8C310C0EEA1BF002731658846E
310
D98AC1B77784ABF1D8FE5FBFBF75BBCE937A534CCEB38643598122B6FEE978D0B0485F9C41B54DDD7D022595594E1A469170414C76A4D9A4D207E29CF43ECE46F218070CC6BECC4078ACAA135ACF422C856C0E68EA1BF5669944DDD7BCDE7B1F8E415D77AECB980613C2E4AC91FC167A2B244592486606FC29C8FD7F045B9A
310
EF7053A7E60B504B0304140006080800CC70623B853B8169EB0000007C01000008000000636F72652E786D6C8D90416EC3201045AF62CDB6C206821CC7C244919D9CA01740401C94182C03558F5F9C3852BBEB6A467FFE9B197D7EFC9E1EC5975982F5AE035262288C535E5B377690E21535501C055FBC8FBF6C503839990E
310
5619041F179FE64D52DE45E362569DD7661365082642A11EB9E920A89B99642953CC8E702F67A9EE7234257977194EC9EAE275C4EABCCF5EAD5940D4AC6F0E35A568B8F43562CD7046CD199FD07E60174276A7BE677B5EADB0E0D14EEFFB6A31321A0D82627C4084204C3F096B71DD52F6819B16635EADF63F509AF53FA164
310
5DDCD1EDDD17164090FCC8732078B56691CB33A85CD7DCC40F504B0304140006080800CC70623B55019EA25F0000007C00000007000000636E782E786D6C4DCB3B0E80201045D1AD90E915ED2CF8AC45050C11660C8261F98AB1B07AC9C97D42D718D865D3E909258CFD00CCE24AC6E326A164D74DC0B4128928FF32603847
310
2BA13128B1252AC747C6BAB984FC68F0B87FE8960A5C09FE86CFB69FBA01504B0304140006080800CC70623BDBABAAF470010000D40300000C0000006662782F636F72652E786D6CC553D16E823014FD95A6AF4B694182CC941A83FA05FB810A9511A125A5257EFE2E82712ECEB8A7F100CD39F7F69E734AF9FADC366850B6
310
AF8DCE7018308C942E4C59EB2AC3DE1D498AD15A706B8CFB56869196ADCAF00863C12B6B7C374385D14E6907A836A59A41D9F7CA615434B0C8705F7CAA5606D23BA8E84F41278B93AC54100640439DE0BDB320004D43C63716C7C399D30917DCFBBA9CD9BA8469F5B156168B24CED3F7248AC8769F27244EB73B92EED8862C
310
B7F13E0C179B3C8F979C8ECD82BBBABDAA2BAC924E9558448CBD9330242CFA08E3154B5651FCC6D215639C8EE5774DBE2B5F6CF2B5768B68963BB5F5588420E442FC700B1139D4CB01F450C1E918227C2E09DF070D8140C84E1E9AAB8F1340832A9CB13130A5F1376A908D57309505ECF2A0DF179C4E9D30F5B239B87E3823
310
7A79C6F31DE1A8A5AEC08474B03C7837EAE4938639B44E5932B833D2C6B6B279CDC613877FA26EE21F4A2A4C63EC7F29A2F301D1F9F7A0E37D145F504B0304140006080800CC70623B9C113CC27E0000009D0000000B0000006662782F636E782E786D6C4DCCDF0A83201C86E15B91DFB94BFB330DD428C8FB886521330DA7
310
6397BF1A1DECE883878F57749FCDA1B7892F1BBC047A23808C7F84D9FA55424E0BE6803A256208E9EF06C84F9B91703228B1C690F78B66B34CD9A5439DF5CF0BFBF65E35BCA1B8D6A5C6F540381E886698B5741C695F9503EBA150A2F8958E3DC3EA0B504B0304140006080800CC70623B7DF2F77C2A010000120200003100
310
00006662782F41393633353835312D344632462D344230382D423046372D3739314545314133324237412F636F72652E786D6C8D51DB8EC22014FC15C2939B0D2DB4B45643319AE817EC0F6041255A68B86CFCFC856D4D76DF7CE190393373060EDB3DC707F856CE6B6B7A480A0C81328395DA5C7B18C3057510EC3873D686
310
3F34088C18550F330C39BB3A1BA7051AAC09CA84841A2BD5020AEF55806078A44B0FFD7053A328440C89E1EFC52486BBB8AA8214A99D789CF9E05200300FC927E4FB4D5B375D43103D5527440FB843077C5AA3F5861C8F645F5787F59E95B390B318B55CE45AA638FAA2957BD7248B390B7A7CC51F9C124149C82B8C378810
310
84AB2F42B7B8DD56F413775B8C5999E9FF4471926F8AA236A1AE96B8B3CC434E5839373893369E1FAF30EA395917409EB7F26AF8801C171837A4A6AC9C89E9F9C9B1A58BA30FD6A5EF5DDDCF894B9AD9B6A59C957943A9FCAE2FD5BC4DFE03504B0304140006080800CC70623BAD7543B64E01000033030000300000006662
310
782F41393633353835312D344632462D344230382D423046372D3739314545314133324237412F636E782E786D6CD593CD6EC32010845F0571AD6CE3D48AD20813A9873E410FBD12D82434182C7EAAE6EDBB2424CD25871E7B41D6EC30B3FA84F9E67BB2E40B4234DE8DB46F1925E094D7C6ED479AD3AE5951B2113C789FEE
310
6C943839C1488B4C05DF079FE72A69D8C96C13AAD6B8631503449F83828872B949AC57D26200B826A308D316B4064D6E46FCDA41C05550DC9E483A00797BFD207EFB092A45DE9514C1BBD22178396BD39D891265658C238DEA00936C654E5E433CB65A26D9F6EDB5EBC14EBF49A45CB856E66048291F6939A9A81BB5C89177
310
38143CA680F4AA299D66A042CEB3354A2684DC9D8D178FE0D9B8B41CAAD720F880EE7EF93C0C18769E099ECC04D5A102C8049A8A05632F4DDF376CF1DE0F6BB65C2F8627B65A33C6BB62177CEBBDAD973006829F89F22E814B54F4BC2BE347F8AA8F681390B50FA73F804400B5F542E796F19FF974E7F78DB802FE05E20750
310
4B0304140006080800CC70623BE75B7789680500003C100000340000006662782F41393633353835312D344632462D344230382D423046372D3739314545314133324237412F6F626A656374732E786D6CAD575B8F9B3818FD2B887D06C22499CB8AA1CA655245D5B455A356FB305264C061D8018C6C3393D95FBFC7600890
310
A4CD5EF210B0B1BFEBF98E3F7B1FF6596ABC522E1296DF9BAE3D320D9A872C4AF2F8DE2CE5CEBA358D0FBEC719939D65A691938CDE9B6ADAF4BD98B3B2D05311DD91329583D9D5FC0F438434A7A611A644887B5384CF34233629258BA878B12322891DEFF6B66BD70BFB62634E8AE781D082709A4B588AF91C528CDA28B73F
310
1C998EEF39EABBEFA97FBD6A7C7E9553F9D3D79FE442923C3C523610337627CB87ABE99D359D4CC6D6E4FACAB5E6ABF9D2726FC6A3C5F56271377BB88362213924694B38DD99FE47C48627A1E7D49F5A8BB5E1A74C0A599ED3B0F21F1E56366B89112D681E218F0915D0D6F17AD41FBA2A369DCF6335D62ABBD39779D5DDD1
310
11D4D8DE3CBB96B2E04FB8202E41051754A1AA8E8F76B4C6DFE810B580B1547F4B84911149794252234D024EF8BBE963A95AE27B3D310A9D5C215C7960FAEE415ED75694C6AFB17BCACA5D99A60A9AA65F217B0BFC53292ACB92BF283FAD0D3621576592CB5BED907C2FA8E9DF794E35E97BEA31BED21FEB401ABB94C44839
310
DCACBF0E1C5DA8DA5B2F4DFFD32AD86F543D9E565E7056502E157C00AD2671CD534549AB752FCA9CDA00677A313F04E51B22FF19E57B300579E3C97EB29F682D92935CEC18CF901B7B54FD8C51F362B56FC72FE0B3C1EAE335EDCCBF5AEC39ADB17DC238973F804BA5E6F6BFE7AF1FB32E523BE9F3BD571418E3631DCA4D48
310
5250CF639223210A9446CA30052EDF057BD35F8329C1ECD84552BF0DC8D18BE7BCE23BFE6BD960AB4A7DE79923A103BEBD80F911CBAA2C60DB19B01CF164A5583B772EE6D3FFA56666CBCDA74DC97724A48F9A58967497E489C4D979006FD7A05E227A1EBDD0F737C623387A9C844D3709995625106D157315F8B8392CD4E0
310
A0B9A720C4BE9829CEF37EA1E13111214D53925356365ADA634861B52519DD27A00AEB808EAF0628E6F435519D446F45CF2C9CF5214F0A15B2F6D06B79DA3EE3CBF7F56780D2F4E7EF73A0F5E5B02A38D07DC852C6B7C1FBB6664213E0C39E3EBA7FF4E1AD23EA2829407C85E586727488B751B2DB9502BC7B228A3FD68B6E
310
A65A22397E690AA8D158D7E404EC8CDA235CC3B7D1898680131CEC2CDF2638C65196279577750F15884AEE19F94199155B92B13297978469D4F8D358DF0AEF7631E28DC8F0D9F437D5D39A83B2231A1D52D543813A824EF8D44BCFF2FA6A31BD1E8DAD87F1CCB526B3879935BF59CDADD5C37479BB1CDD4CA7B3556B516589
310
EF352754B706114D9C885EC9131DE6EFEB43D99AFE2391C2F958179413D7CFEF6B1B6DB1E7600F00DE6E5C67454A339A4BA2E0FBA85ED26F045D454F463DBFCE484C2F90F2E5E3666003662ED8F755951A7D1BECD5B30B550B2785C8E7320B7292A4838DDA71BBC863ED7613CAF659337A3354231D4FF4A182A54904C2898C
310
98B28C4AD0CE056CCF332A80986E571EE9DBC305BB5FEB7E509220A58D25CF042D712A806AC0AD0C657FDEF80D2D9CEAA2EE4D1C76F60BFE74219A06527D6F82DF6412526107381E55E353090704D085B52408A8913C4ED159D79BDA71BB4BC506F4831350EB6F975CD22D69BF7AC49B91A2C0A9DDA3D5CA36AD20FC478E37
310
E61844E2352865EBCB61A275A65283CAAA9DD27703B4102F5AF51EF5F573B75CBB5AD38BC845F7A49F82A0966A49C2E3EA5EA0ECD326CD965F1DB402C6FA8B51A4658C5C5E2EC9E214602E55810345408596591009A82E7E7FFACA19EEA299B14A0081A705CB3296EBC14CDF658DCD336EA6D1136881AAEB87B81AB9EE53D5
310
F5EB8BC8362082DA24122F98680A4E7930C01A0079749CEA14382A0783E5EBA5A10F8C098456A03D6A4AEB6BB881E2513747552A5DB22C7EDAF83BD5528081A365F7FF06504B0304140006080000CC70623B000000000000000000000000350000006662782F41393633353835312D344632462D344230382D423046372D37
310
39314545314133324237412F76657274696365732E62696E504B0304140006080800CC70623BF270F1330600000004000000360000006662782F41393633353835312D344632462D344230382D423046372D3739314545314133324237412F747269616E676C65732E62696E636660600000504B0304140006080000CC7062
310
3B000000000000000000000000370000006662782F41393633353835312D344632462D344230382D423046372D3739314545314133324237412F617474726962757465732E62696E504B0304140006080800CC70623B08DA0BD19000000041010000360000006662782F41393633353835312D344632462D344230382D4230
310
46372D3739314545314133324237412F6469726563746F72792E786D6C858F410AC3201045AF22B36F53E9A60B35CBEEBAE80D244E44489C6234F4F835464A48035D0DF398FF9F8AF63D0E6CC63039F212F8F9020C7D47C6792B21C5FE7403D62A1188E2E60C98D7234A5830286103A55745067B9D86B8A3CF9C7F90C11DE6
310
07FB144396D7B6A82D282E9A152AD114D5EF2CB866EEE831B8EEA07A7BB5A8D7D61A2BAAEB7FD5F70921FF497D00504B0304140006080800CC70623BEDD1DC58FD000000A00100003B0000006662782F41393633353835312D344632462D344230382D423046372D3739314545314133324237412F7265736F75726365732F
310
636F72652E786D6C8D504B6E833010BD0A9A6D65B00922041947112427E8052C33A156828DFCA97AFC9A40A576D7CDCCE87D344F8F9FBFE667F689CE6B6B3A6039850C8DB2A336530731DC4903D95970676DF82583CCC8193B5861107C72362E3BA4AC096842428D1D7107A5F7182053CF7474E0D507CE32973124857FE48B
310
540F3961CEF244279DE03EB81420DB9EAC1384436FA353E879B1B182C7A8C75DA3C7F453DF353A1075D537A7BA6464B8F535A99AE14A9A2BBD90E350DD183B5CFABE3AF262350B1EF4FC9351399401471025A527C218A1E53BAB5A5AB765F5469B96525EACF23FA6B88CFF34456DC2A1DCE36E360F82A5202F42F062ED2BAD
310
579969AFDD8A6F504B010214000A0000080000CC70623B3DEE336E79000000790000001B00000000000000000000000000000000006175746F6465736B2D64657369676E2D7061636B6167652E786D6C504B01021400140006080800CC70623BD486FD9CA0000000F40000001300000000000000000000000000B20000005B
310
436F6E74656E745F54797065735D2E786D6C504B01021400140006080800CC70623B853B8169EB0000007C010000080000000000000000000000000083010000636F72652E786D6C504B01021400140006080800CC70623B55019EA25F0000007C000000070000000000000000000000000094020000636E782E786D6C504B
310
01021400140006080800CC70623BDBABAAF470010000D40300000C00000000000000000000000000180300006662782F636F72652E786D6C504B01021400140006080800CC70623B9C113CC27E0000009D0000000B00000000000000000000000000B20400006662782F636E782E786D6C504B01021400140006080800CC70
310
623B7DF2F77C2A010000120200003100000000000000000000000000590500006662782F41393633353835312D344632462D344230382D423046372D3739314545314133324237412F636F72652E786D6C504B01021400140006080800CC70623BAD7543B64E010000330300003000000000000000000000000000D2060000
310
6662782F41393633353835312D344632462D344230382D423046372D3739314545314133324237412F636E782E786D6C504B01021400140006080800CC70623BE75B7789680500003C10000034000000000000000000000000006E0800006662782F41393633353835312D344632462D344230382D423046372D3739314545
310
314133324237412F6F626A656374732E786D6C504B01021400140006080000CC70623B0000000000000000000000003500000000000000000000000000280E00006662782F41393633353835312D344632462D344230382D423046372D3739314545314133324237412F76657274696365732E62696E504B01021400140006
310
080800CC70623BF270F133060000000400000036000000000000000000000000007B0E00006662782F41393633353835312D344632462D344230382D423046372D3739314545314133324237412F747269616E676C65732E62696E504B01021400140006080000CC70623B0000000000000000000000003700000000000000
310
000000000000D50E00006662782F41393633353835312D344632462D344230382D423046372D3739314545314133324237412F617474726962757465732E62696E504B01021400140006080800CC70623B08DA0BD1900000004101000036000000000000000000000000002A0F00006662782F41393633353835312D344632
310
462D344230382D423046372D3739314545314133324237412F6469726563746F72792E786D6C504B01021400140006080800CC70623BEDD1DC58FD000000A00100003B000000000000000000000000000E1000006662782F41393633353835312D344632462D344230382D423046372D3739314545314133324237412F7265
310
736F75726365732F636F72652E786D6C504B0506000000000E000E0080040000641100000000
  0
XRECORD
  5
1F8
102
{ACAD_REACTORS
330
1F7
102
}
330
1F7
100
AcDbXrecord
280
1
 70
1
 90
429727718
  1
30362254-06B7-45E0-A893-8CFA70E3D6BC
310
504B03040A0000080000CC70623B3DEE336E79000000790000001B0000006175746F6465736B2D64657369676E2D7061636B6167652E786D6C3C3F786D6C2076657273696F6E3D22312E302220656E636F64696E673D227574662D3822203F3E3C666F726D6174733E3C666F726D61743E687474703A2F2F736368656D612E
310
6175746F6465736B2E636F6D2F64657369676E2D7061636B6167652F323030393C2F666F726D61743E3C2F666F726D6174733E504B0304140006080800CC70623BD486FD9CA0000000F4000000130000005B436F6E74656E745F54797065735D2E786D6C7D8EC10E82300C865F65E91D8A1E8C310C0EEA1BF002731658846E
310
D98AC1B77784ABF1D8FE5FBFBF75BBCE937A534CCEB38643598122B6FEE978D0B0485F9C41B54DDD7D022595594E1A469170414C76A4D9A4D207E29CF43ECE46F218070CC6BECC4078ACAA135ACF422C856C0E68EA1BF5669944DDD7BCDE7B1F8E415D77AECB980613C2E4AC91FC167A2B244592486606FC29C8FD7F045B9A
310
EF7053A7E60B504B0304140006080800CC70623B1EC5D7A3EB0000007C01000008000000636F72652E786D6C8D90416EC3201045AF82665B6103C6756C6122AB4D4ED00B204C5C94182C03558F5F9C3852BBEB6A467FFE9B197D71FC9E6FE8CBACC17AD7032D0820E3B41FAD9B7A48F1820F808E52ACDEC75F36404ECDA687
310
4D0629A6D5A76597B477D1B89855E747B38B2A041301E95B6E7A08FAD3CCAA50296647B8168BD2573599823EBB0CA76447F43862C7BCCF5EAC59410E4DDD9C7973C2755553CCCFA4C603E3040F1565ED3B1FDE4E432BCA0D9622DAF9795FAF464533826484B498524CD807E51D79ED187F21878E10516EF63F505AC67F42C9
310
BA58B1FDDD071640D2FCC87D2045B96591CB3DA85CB7DCE40F504B0304140006080800CC70623B55019EA25F0000007C00000007000000636E782E786D6C4DCB3B0E80201045D1AD90E915ED2CF8AC45050C11660C8261F98AB1B07AC9C97D42D718D865D3E909258CFD00CCE24AC6E326A164D74DC0B4128928FF32603847
310
2BA13128B1252AC747C6BAB984FC68F0B87FE8960A5C09FE86CFB69FBA01504B0304140006080800CC70623B8C9102E971010000D40300000C0000006662782F636F72652E786D6CC5535B6E833010BC8AE5DF0A6C08340F1947A84D4ED00B38C6A128602363A31CBFCB234A53A551FA553EC09AD9F5CE8C31DB9E9B1AF5CA
310
7695D1198E428A91D2D214952E33ECDD315861B4E5CC1AE3BE9561A445A3323CC098B3D21ADFCE9034DA29ED00D5A6503328BA4E398C640D8B0C77F253352214DE4145770A5B214FA2546114020D759C75CE8200340D19DE981F0F6746269C33EFAB6266AB02A655C74A59CCF365BADC27CB5D902ED22848F6340DF238A141
310
BE88E2F57B92BFEDF23523433367AE6A2EEAA455C2A902F398D2751045018D3FA264435F3771F242571B4A1919CA6F9A7C5B3CD9E42BED16F12C776AEB308F40C848FC700B1139D4891EF410CEC810227CC6846F8386402064270EF5C5C709A05E49676C024C61FC95EA45ED154CA5211D1FF4FB8291A913A68E9B83EBBB33
310
E2A7673CDE118E5AE8124C0807CB8377834E366998436B950D7A7746DAD846D4CFD978E0F04FD455FC5D49D2D4C6FE9722321F10997F0F32DC47FE05504B0304140006080800CC70623BFFEA85907E0000009D0000000B0000006662782F636E782E786D6C4DCCD10A83201886E15B91FFDC95D95A811AB6F23E625948A6C3
310
E9D8E5AF46073BFAE0E1E365ED67B3E8ADC3CB78C7815C7240DA3DFC64DCC221C519D7805AC182F7F1EF06C88D9BE6703008B6049F9E274D7A1E938DBB5AE3D6131B2589BA0D3D965551E0B2EA732C9B9A624AAEB41E3A557677029960D9AFB4EF11165F504B0304140006080800CC70623B4FEEA4082C0100001202000031
310
0000006662782F39464131463745442D413632322D343644302D413938332D3331353338454246344243312F636F72652E786D6C8D515B6EC32010BC0AE2AB55850DD871ED0813254D72825EC00192A2C460F1A872FC42ED48ED5F7E00CDCECCCEB26C731F6FE05B39AFADE921293004CA082BB5B9F43086336A21D870E6AC
310
0D7F68109861543DCC30E4ECE26C9C164858139409093556AA051CBC570102714B8F1E7AF1A5C6A11862480C7F2DA6415C878B2A4891CA89C7990F2E050073937C42DE1DB7E4F87ED8A36D4329AA9B3D46DBAEAD504556557BD81DEBDD0761E52CE42C462D17B996298E3E6BE59E35C962CE821E1FF18553435012728A7187
310
0841987E927A8D9B35ADDF70BBC6989599FE4F1427F9A4286A132ABAC49D651EF234CD5CE04CDA78BA3DC2A8FB645D00B9DF8B57E215725C60BCA2A463E54C4CE327C7A65E1C7DB02E7DEFCBF594B864C5CA6CDBD49C957943E9FA5D5FBAF336F90F504B0304140006080800CC70623BAD7543B64E01000033030000300000
310
006662782F39464131463745442D413632322D343644302D413938332D3331353338454246344243312F636E782E786D6CD593CD6EC32010845F0571AD6CE3D48AD20813A9873E410FBD12D82434182C7EAAE6EDBB2424CD25871E7B41D6EC30B3FA84F9E67BB2E40B4234DE8DB46F1925E094D7C6ED479AD3AE5951B2113C
310
789FEE6C943839C1488B4C05DF079FE72A69D8C96C13AAD6B8631503449F83828872B949AC57D26200B826A308D316B4064D6E46FCDA41C05550DC9E483A00797BFD207EFB092A45DE9514C1BBD22178396BD39D891265658C238DEA00936C654E5E433CB65A26D9F6EDB5EBC14EBF49A45CB856E66048291F6939A9A81BB5
310
C8917738143CA680F4AA299D66A042CEB3354A2684DC9D8D178FE0D9B8B41CAAD720F880EE7EF93C0C18769E099ECC04D5A102C8049A8A05632F4DDF376CF1DE0F6BB65C2F8627B65A33C6BB62177CEBBDAD973006829F89F22E814B54F4BC2BE347F8AA8F681390B50FA73F804400B5F542E796F19FF974E7F78DB802FE05
310
E207504B0304140006080800CC70623B16AB87BA640500003C100000340000006662782F39464131463745442D413632322D343644302D413938332D3331353338454246344243312F6F626A656374732E786D6CAD575B6FA33818FD2B887DE6924B3BED8A326A92B68A663B534DD4D13E548A0C38942D60649B369D5FBFC7
310
600890A493BDE42160637FD7F31D7FF63E6FB3D478A55C242CBF3247B66B1A340F5994E4F19559CA8D75611A9F7D8F33263BCB4C232719BD32D5B4E97B316765A1A722BA21652A07B3B7B33F0D11D29C9A46981221AE4C113ED38CD8A4942CA2E2C58E882476BCD9DA23BB5ED8171B73523C0F841684D35CC252CCE79062D4
310
468DFA43D7747CCF51DF7D4FFDEB5593E3AB9CCA9FBEFE241792E4E19EB28198C968BAB8199F5D5A67D3E9C49A9E8F47D6EC76B6B0469F26EEFC7C3EBFBCBEB98462213924694B38DD98FE1D62C393D073EA4FADC5DAF04326852CCF6958F90F0F2B9BB5C48816348F90C7840A68EB78EDF68723159BCEE7891A6B95DDE9D3
310
BCEAEEE8086A6C6F9E5D4B59F0175C10A7A0820BAA5055C7473B5AE3CFDD452D602CD5DF12616444529E90D448938013FE6EFA58AA96F85E4F8C42275708571E98FE6827AF6B2B4AE3D7D83D64E5A64C53054DD3AF90BD06FEA9149565C94FCA0F6B834DC85599E4F2423B24DF0B6AFA979E534DFA9E7A4CC6FA631D486393
310
921829879BF5D781A373557BCB85E97FB90DB62B558F8795179C15944B051F40AB495CF35451D26A4727654E6D8033BD98EF82F21D91FF8AF2DD9982BCF1643BDD4EB516C9492E368C67C88DED563FC36D5EACF66DFF057C3658BDBFA69DF9578B3DA735B64F18C7F20770A9D45CFCF7FCF563D6456A277DBEF78A02637CA2
310
43B90A490AEAB94F72244481D24819A6C0E59B606BFA4B3025981DBB48EAB701D97BF19C577CC77F2D1B6C55A9EF3C732474C0B727303F625995056C3B02963D9EAC146BE78EC5FCEC7FA999EBC5EACBAAE41B12D27B4D2C0BBA49F244E2ECDC81B76B502F113D8F5EE8FB1BE3111CDD4FC2AA9B844CAB1288B68AB90A7CDC
310
1C166AB0D3DC5310625FCC14E779BFD0709F8890A629C9292B1B2DED31A4B0DA928CEE135085754027E3018A397D4D5427D15BD1330B677DC8934285AC3DF45A9EB68FF8F2B8FC0A509AFEECFD0FF2DE25CC6047F7214B195F07EFEB9A094D800F7BFAE8FED187B78EA8A3A400F115961BCAD1215E47C966530AF0EE8128FE
310
58CEBB996A8964FFA529A046635D9353B0336A8F700DDF46271A024E70B0B37C9DE01847591E54DED53D54202AB947E4076556AC49C6CA5C9E1226B7F1A7B1BE15DEED62C41B91E1B3E9AFAAA735036547343A925075041DF0A9979E893B391F8FCFA6967B3EFB644DCF6E5CEBFAE272625DCC6FAF3FB93793C5F90CE1EF57
310
407342756B10D1C489E8953CD1617E5CEECAD6F4EF8914CE5D5D504E5C3F1F9736DA62CFC11E00BCDDB8CC8A9466349744C1F75EBDA4DF09BA8A9E8C7A7E9991989E20E5DBDD6A6003664ED8F7A04A8DBE0DF6EAD9B9AA858342E47399053949D2C146EDB85DE4B176BB0965FBAC19BD19AA918E27FA50C1D22402E144464C
310
59462568E704B6E71915404CB72B8FF4EDE184DDAF753F284990D2C6926782963815403548A70C657FDEF80D2D9CEAA2AE4C1C76F60BFE74219A06527D6582DF6412526107381E55E353090704D085B52408D0933C4ED159D79BDA71BB4BC506F4831350EB6F979CD22D69BF7AC49B91A2C0A9DDA3D5CA36AD20FC478E37E6
310
1844E2352865EBCB6EA275A652E3836BE04EFB400BF1A2556F515F1FBB35B2AB35BD889C744FFA1004B5544B121E57F70215746DD2F5E2C1412B602CBF19455AC6C8E5E9922C4E01E65215385004546899059180EAFCF7A707CE7017CD8CDB0410789AB32C63B91E5CEBBBACB17AC6CD347A022D5075FD106377347AAABA7E
310
7D11590744509B44E205134DC1290F06580320F78E537D3D73540E06CB970B431F185308AD40BBD794D6D77003C5A36E8EAA54BA64597CD8F83BD552A080A365F7FF06504B0304140006080000CC70623B000000000000000000000000350000006662782F39464131463745442D413632322D343644302D413938332D3331
310
353338454246344243312F76657274696365732E62696E504B0304140006080800CC70623BF270F1330600000004000000360000006662782F39464131463745442D413632322D343644302D413938332D3331353338454246344243312F747269616E676C65732E62696E636660600000504B0304140006080000CC70623B
310
000000000000000000000000370000006662782F39464131463745442D413632322D343644302D413938332D3331353338454246344243312F617474726962757465732E62696E504B0304140006080800CC70623B08DA0BD19000000041010000360000006662782F39464131463745442D413632322D343644302D413938
310
332D3331353338454246344243312F6469726563746F72792E786D6C858F410AC3201045AF22B36F53E9A60B35CBEEBAE80D244E44489C6234F4F835464A48035D0DF398FF9F8AF63D0E6CC63039F212F8F9020C7D47C6792B21C5FE7403D62A1188E2E60C98D7234A5830286103A55745067B9D86B8A3CF9C7F90C11DE607
310
FB144396D7B6A82D282E9A152AD114D5EF2CB866EEE831B8EEA07A7BB5A8D7D61A2BAAEB7FD5F70921FF497D00504B0304140006080800CC70623B0D6EF93BFE000000A00100003B0000006662782F39464131463745442D413632322D343644302D413938332D3331353338454246344243312F7265736F75726365732F63
310
6F72652E786D6C8D50596E833010BD0A9ADFCA60B334011947A8694ED00B586642AC041B79A97AFC9A40A5F6AF3F33A3B7689E1E3F7DCD8FEC139DD7D6F4C0720A191A65476DA61E62B892236427C19DB5E1970C322367EC618541F0C9D9B8EC90B226A009093576C41D94DE63804C3DD2D18357379C652E63480A7FCF17A9
310
EE72C29CE5894E3AC17D702940B63D59270887DE46A7D0F36263058F518FBB468FE9A7BE6A7420864373B8D4873369AA8691FA421B3294352543C5CAF65C0F6FEF43CB8BD52C78D0F34F46E550061C419494B6843142CB0F5677F4B52BEB177AEC28E5C52AFF638ACBF84F53D42654E51E77B379102C05791282176B5F693D
310
CB4C7BED567C03504B010214000A0000080000CC70623B3DEE336E79000000790000001B00000000000000000000000000000000006175746F6465736B2D64657369676E2D7061636B6167652E786D6C504B01021400140006080800CC70623BD486FD9CA0000000F40000001300000000000000000000000000B20000005B
310
436F6E74656E745F54797065735D2E786D6C504B01021400140006080800CC70623B1EC5D7A3EB0000007C010000080000000000000000000000000083010000636F72652E786D6C504B01021400140006080800CC70623B55019EA25F0000007C000000070000000000000000000000000094020000636E782E786D6C504B
310
01021400140006080800CC70623B8C9102E971010000D40300000C00000000000000000000000000180300006662782F636F72652E786D6C504B01021400140006080800CC70623BFFEA85907E0000009D0000000B00000000000000000000000000B30400006662782F636E782E786D6C504B01021400140006080800CC70
310
623B4FEEA4082C0100001202000031000000000000000000000000005A0500006662782F39464131463745442D413632322D343644302D413938332D3331353338454246344243312F636F72652E786D6C504B01021400140006080800CC70623BAD7543B64E010000330300003000000000000000000000000000D5060000
310
6662782F39464131463745442D413632322D343644302D413938332D3331353338454246344243312F636E782E786D6C504B01021400140006080800CC70623B16AB87BA640500003C1000003400000000000000000000000000710800006662782F39464131463745442D413632322D343644302D413938332D3331353338
310
454246344243312F6F626A656374732E786D6C504B01021400140006080000CC70623B0000000000000000000000003500000000000000000000000000270E00006662782F39464131463745442D413632322D343644302D413938332D3331353338454246344243312F76657274696365732E62696E504B01021400140006
310
080800CC70623BF270F133060000000400000036000000000000000000000000007A0E00006662782F39464131463745442D413632322D343644302D413938332D3331353338454246344243312F747269616E676C65732E62696E504B01021400140006080000CC70623B0000000000000000000000003700000000000000
310
000000000000D40E00006662782F39464131463745442D413632322D343644302D413938332D3331353338454246344243312F617474726962757465732E62696E504B01021400140006080800CC70623B08DA0BD190000000410100003600000000000000000000000000290F00006662782F39464131463745442D413632
310
322D343644302D413938332D3331353338454246344243312F6469726563746F72792E786D6C504B01021400140006080800CC70623B0D6EF93BFE000000A00100003B000000000000000000000000000D1000006662782F39464131463745442D413632322D343644302D413938332D3331353338454246344243312F7265
310
736F75726365732F636F72652E786D6C504B0506000000000E000E0080040000641100000000
  0
XRECORD
  5
175
102
{ACAD_REACTORS
330
173
102
}
330
173
100
AcDbXrecord
280
1
270
1
271
1
  0
XRECORD
  5
174
102
{ACAD_REACTORS
330
173
102
}
330
173
100
AcDbXrecord
280
1
270
1
271
1
  0
XRECORD
  5
1FB
102
{ACAD_REACTORS
330
173
102
}
330
173
100
AcDbXrecord
280
1
 70
0
 90
1673772943
  1
ECE7A1D2-D628-4531-984C-D00F80459256
310
504B03040A0000080000CC70623B3DEE336E79000000790000001B0000006175746F6465736B2D64657369676E2D7061636B6167652E786D6C3C3F786D6C2076657273696F6E3D22312E302220656E636F64696E673D227574662D3822203F3E3C666F726D6174733E3C666F726D61743E687474703A2F2F736368656D612E
310
6175746F6465736B2E636F6D2F64657369676E2D7061636B6167652F323030393C2F666F726D61743E3C2F666F726D6174733E504B0304140006080800CC70623BD486FD9CA0000000F4000000130000005B436F6E74656E745F54797065735D2E786D6C7D8EC10E82300C865F65E91D8A1E8C310C0EEA1BF002731658846E
310
D98AC1B77784ABF1D8FE5FBFBF75BBCE937A534CCEB38643598122B6FEE978D0B0485F9C41B54DDD7D022595594E1A469170414C76A4D9A4D207E29CF43ECE46F218070CC6BECC4078ACAA135ACF422C856C0E68EA1BF5669944DDD7BCDE7B1F8E415D77AECB980613C2E4AC91FC167A2B244592486606FC29C8FD7F045B9A
310
EF7053A7E60B504B0304140006080800CC70623BD9DDAED0EC0000007C01000008000000636F72652E786D6C8D90416EC3201045AF82665B61836D9CD8C2444DD39CA01740405C94182C03558F5F9C3852BBEB6A467FFE9B197D7EF89E6EE8CB2CC17A37002D0820E394D7D68D03A478C17B4007C117EFE32F1B20272733C0
310
2A83E0E3E2D3BC49CABB685CCCAAF3DA6CA20CC14440EA969B0182FA34932C648AD911AEC52CD5558EA6A0CF2EC329598D1E47ACCEFBECC59A050463A7EA5833865FEBDD0E37353BE3EE8DBDE3F6786A48D375FBF6CC78B9C282473B3DEFABC5C86834888A900E538A49F5419B9EB47DD5BC907D4F082F57FB1F28CDFA9F50
310
B22ED6D5F6EE030B20687EE43E10BC5CB3C8E51E54AE6B6EE207504B0304140006080800CC70623B55019EA25F0000007C00000007000000636E782E786D6C4DCB3B0E80201045D1AD90E915ED2CF8AC45050C11660C8261F98AB1B07AC9C97D42D718D865D3E909258CFD00CCE24AC6E326A164D74DC0B4128928FF326038
310
472BA13128B1252AC747C6BAB984FC68F0B87FE8960A5C09FE86CFB69FBA01504B0304140006080800CC70623BA24EB22D72010000D40300000C0000006662782F636F72652E786D6CC5535B6E833010BC8AE5DF0A6C5E49888CA3A6694ED00B38E05014B091B1518EDFE511A5A9D228FD2A1F60CDEC7A67C6986DCE4D8D7A
310
69BA4AAB0C073EC548AA5C17952A33ECECD15B61B4E1CC686DBF9561A44423333CC098B3D268D7CE50AE9595CA02AA74216750749DB418E5352C32DCE59FB211BE70162ABA93DF8AFC244AE9073ED050C759670D0840D390E18DF9F1706664C23973AE2A66B62A605A75ACA4C13C4976E1364A12EF355A2EBD384AF65EFA96
310
BC7B8BED2EA6719AAE16FB8491A199335B351775B991C2CA02F390D2D40B028F861F41BCA68B7518BFD0D59A524686F29B26D7164F36B94AD9289CE54E6D1DE6010819891F6E21228B3AD1831EC219194284CF98F06DD01008846CC5A1BEF83801D4CBDC6A1303536877A57A513B0953A94FC707FDBE6064EA84A9E3E6E0FA
310
EE8CF0E9198F7784A316AA0413C2C2F2E0ECA0934D1AE6D05A69BCDE9E91D2A611F573361E38FC1375157F5752AE6B6DFE4B11990F88CCBF0719EE23FF02504B0304140006080800CC70623B408A7D3B7C0000009D0000000B0000006662782F636E782E786D6C4DCCD10A83201886E15B91FFDC552A92A0064DBC8F581632
310
D3703A76F9ABD1C18E3E78F878E5F0D9027ABBFCF2292AE86E2D20171F69F6715550CB827B40839639A5F2770314A7CD293819B45C73AAFB45B35BA61ACAA1C1C7E7855C58C15BC331339661262CC762340413D68D77DA5B42298546CBE6573AF60CEB2F504B0304140006080800CC70623B449FB9BD290100001202000031
310
0000006662782F36394639363044362D344446342D343946362D394244322D3234314243333846323333332F636F72652E786D6C8D515B6EC32010BC0AE22B55850D98B871848994463E412FE002495162B07854397EA176A4F62F3F2C9A9D991D587EB84F37F0AD7D30CEF6905418026DA553C65E7A98E219ED203808EE9D
310
8B7F6810D871D23D2C3014FCE25D9A57483A1BB58D19B54EE9151C43D0110279CB971E06F9A5A7B11A53CC8C70ADE6515EC78BAE4895DB992778883E0700CB907242D17643D7E2538BD869608875438BBAE38922CAC8F1BDD90DB4691A5E2F42C153326A951B95E398B3D1FE599322163C9AE9115F7A3D46ADA0A018778810
310
84E907617BDCEE297BC5BB3DC6BC2EF47FA234AB2745C9D8D8D035EE220B50105E2F0DC1954B9FB747187D9F9D8FA0CCDB042D5FA0C015C65B42DF78BD10F3F3B363CB56C7109DCFDFBBB97E662ED92EB62D13BC2E1BCAE5777DB9966D8A1F504B0304140006080800CC70623BAD7543B64E01000033030000300000006662
310
782F36394639363044362D344446342D343946362D394244322D3234314243333846323333332F636E782E786D6CD593CD6EC32010845F0571AD6CE3D48AD20813A9873E410FBD12D82434182C7EAAE6EDBB2424CD25871E7B41D6EC30B3FA84F9E67BB2E40B4234DE8DB46F1925E094D7C6ED479AD3AE5951B2113C789FEE
310
6C943839C1488B4C05DF079FE72A69D8C96C13AAD6B8631503449F83828872B949AC57D26200B826A308D316B4064D6E46FCDA41C05550DC9E483A00797BFD207EFB092A45DE9514C1BBD22178396BD39D891265658C238DEA00936C654E5E433CB65A26D9F6EDB5EBC14EBF49A45CB856E66048291F6939A9A81BB5C89177
310
38143CA680F4AA299D66A042CEB3354A2684DC9D8D178FE0D9B8B41CAAD720F880EE7EF93C0C18769E099ECC04D5A102C8049A8A05632F4DDF376CF1DE0F6BB65C2F8627B65A33C6BB62177CEBBDAD973006829F89F22E814B54F4BC2BE347F8AA8F681390B50FA73F804400B5F542E796F19FF974E7F78DB802FE05E20750
310
4B0304140006080800CC70623B8D05915C650500003B100000340000006662782F36394639363044362D344446342D343946362D394244322D3234314243333846323333332F6F626A656374732E786D6CAD575B6FA33814FE2B887D06429276DA1565D4266D158D3A339A6846FB502932E050B66023DB74D2FDF5FB190C01
310
9276B2973C046C8ECFF53B17071F77456EBD502133CEAE6CDF9DD81665314F32965ED995DA3A17B6F5310C04E7AA47665B8C14F4CAD6DB7618A48257A5D94AE89654B91AEDDEDDFC61C998326A5B714EA4BCB265FC440BE2924AF184CA6737218AB8E976E7FA6E4338649B0A523E8D98964450A6A029F619B8588D52FE7039
310
B1BD30F0F4F730D0FF866AF6369557DB33949F31A9088B0F848DD8CCFCF9F2767A76E99CCDE733677E3EF59D9BBB9BA5E37F984D16E78BC5E5F5ED25044B25C0C96822E8D60EEFE11B91C581D77CEA34368A1F5329E68CD1B8B61F16D63A1B8E092D294B10C78C4A48EB593D192E7DED9BDEE7995E1B91FDEDD3ACEA9FE831
310
6A756F9F7D4D79F4274C90A7A04248AA51D5F8C718DAE06FB2F75AC4796EBE65D22A88A22223B995679120E2D50E41AA49C260C046A35368846B0BECD0DFF3EBEB8AD4F835768F69B9ADF25C43D30E6B646F807FAA64AD59F61715C7A54127C4AACA98BA3006A9D792DAE165E0D59B61A01FB3A9F9D838D2DAE62445C86166
310
F37564E842E7DE6A69879FEEA2DD5AE7E371E1A5E025154AC307D06A03D73EB5978C58FFA4C8E9033066E0F3BD53BEC1F39F91BE7B55103791EDE6BBB991A2046172CB4581D8B893FA674DDA17A77B3B7C413D1B511FD2743BFF8A38F03A658705E3ADF8015C3A3417FF3D7E439FF591DA0B5F18BC20C1B8981957AE6392A3
310
F43C640C01D1A0B4728E2DD4F26DB4B3C3152A252A3B4E913CEC1C72F012782FF88EFF8637AA552DBEF76408E8A8DE9E50F9E1CB3A2DA0DB1B6039A893B56063DC5B3E3FFB5F72E67AB9FEB4AEC496C4F4C1149625DD662C53E89D7BF0F6151A046260D1337DFDC94502430F83B0EE07A130A224BCAD7DAE1D9FB6CD422FF6
310
920702629C4BB9AE79C12F243C6432A6794E18E5552BA56B431AAB5D91317302B2B071E86C3A42B1A02F999E24061403B5D0EB639195DA655DD3EBEAB4FB862DDF579F014AD0E73C22F99E28DA57FB98E75C6CA2D74D53086D600F4786E0FE3144B771A8A7B900F03594DB8A633CBC49B2EDB69228BB479CF863B5E807AAAB
310
23872F6DFEB4129B949CA33823F58830E86D65621E10047D9DB34D862E8EAC3C2ABC2F7B2C40D67CDFE01F5545B92105AF983AC54D93D69E56FB8E797F88913F898A9FEC705D3F9D1B54EC8426FB500D40A03BD0119B06E1B95DDC7EB8F6975367793EBD70E66733DFB9BC982F9CE564727731999F5D4ECFCE3B8D6A4DC2A0
310
6D50FD148437D110834A64C6CDDF57FBACB5C307A2A477DFE4939736CFEF2B175371E0E10CF0DD1D5C15654E0BCA14D1E87DD02FF93782A162C0A3D95F1524A52770F972BF1EE9809D13CE7DD599467F8ECE9ADD85CE85A34CD45355448C64F9E8A031DC2D596ACC6E5DD93D9B82DE2EF5CAF81363A8E47996A0DE24564A79
310
4115AACE09C55E14540231FDA13C319787134EBF34E3A022514E5B4D9E0826E25C02D5805B15ABE1BEF51B26383D445DD9E875EE33FE4C22DA16427D65A3BCA92CA6D28DD01DF5DC53330704308475351050232CCD31583787BA75774AFB06E5070DD0C8EF484E19968C5D83BA5B90B244D31E54D55A372320FE4786B7EA58
310
44E135AA5467CB7EA333A61683CC6A8C3257034C10CF46F40EF9F5BE59BE5BD30C3C72D235E95D10345C1D45445A5F0BB47E46A5EBE5570F9380B5FA629579952296A773720405982B9DE04011506178964401AA8BDF1FBF0A8EAB6861DD6580C0E38217056766716DAEB2D6FA0917D3E4116581EADB879C4E7CFFB11EFACD
310
3D641311495D92C8676CB409A72D18610D803CE8A626049E8EC1887CB5B44CC39883690DDA8399B4B9855B481E7D71D4A9D22F96E5BB73BF5793020C02137BF837504B0304140006080000CC70623B000000000000000000000000350000006662782F36394639363044362D344446342D343946362D394244322D32343142
310
43333846323333332F76657274696365732E62696E504B0304140006080800CC70623BF270F1330600000004000000360000006662782F36394639363044362D344446342D343946362D394244322D3234314243333846323333332F747269616E676C65732E62696E636660600000504B0304140006080000CC70623B0000
310
00000000000000000000370000006662782F36394639363044362D344446342D343946362D394244322D3234314243333846323333332F617474726962757465732E62696E504B0304140006080800CC70623B08DA0BD19000000041010000360000006662782F36394639363044362D344446342D343946362D394244322D
310
3234314243333846323333332F6469726563746F72792E786D6C858F410AC3201045AF22B36F53E9A60B35CBEEBAE80D244E44489C6234F4F835464A48035D0DF398FF9F8AF63D0E6CC63039F212F8F9020C7D47C6792B21C5FE7403D62A1188E2E60C98D7234A5830286103A55745067B9D86B8A3CF9C7F90C11DE607FB14
310
4396D7B6A82D282E9A152AD114D5EF2CB866EEE831B8EEA07A7BB5A8D7D61A2BAAEB7FD5F70921FF497D00504B0304140006080800CC70623BCA768048FE000000A00100003B0000006662782F36394639363044362D344446342D343946362D394244322D3234314243333846323333332F7265736F75726365732F636F72
310
652E786D6C8D50596E833010BD0A9ADFCA60D600328E9AA639412F609909B1126CE4A5EAF16B0295DABFFECC8CDEA2797AECF8353F924FB44E193D409E5248504B332A3D0D10FC95B4901C39B3C6F85F3248B49871801506CE266BC2B243D2688FDA47549B11775038871E12F988C7004EDE7016A9083E2ADC3D5D84BC8B09
310
D33C8D74D471E6BC8D0192EDC93A815B742658898E651BCB59086ADC356A8C3FD555A1055ED7E7E254D615792D0F075295F585746FF53B694EE78A565DD736979A65AB9933AFE69F8CD2A2F038022F28ED489E135A7CE4554F9BBEA85E68DB53CAB255FEC71496F19FA6A0B42F8B3DEE6673C0F318E4497096AD7DC5F52C33
310
EEB55BFE0D504B010214000A0000080000CC70623B3DEE336E79000000790000001B00000000000000000000000000000000006175746F6465736B2D64657369676E2D7061636B6167652E786D6C504B01021400140006080800CC70623BD486FD9CA0000000F40000001300000000000000000000000000B20000005B436F
310
6E74656E745F54797065735D2E786D6C504B01021400140006080800CC70623BD9DDAED0EC0000007C010000080000000000000000000000000083010000636F72652E786D6C504B01021400140006080800CC70623B55019EA25F0000007C000000070000000000000000000000000095020000636E782E786D6C504B0102
310
1400140006080800CC70623BA24EB22D72010000D40300000C00000000000000000000000000190300006662782F636F72652E786D6C504B01021400140006080800CC70623B408A7D3B7C0000009D0000000B00000000000000000000000000B50400006662782F636E782E786D6C504B01021400140006080800CC70623B
310
449FB9BD290100001202000031000000000000000000000000005A0500006662782F36394639363044362D344446342D343946362D394244322D3234314243333846323333332F636F72652E786D6C504B01021400140006080800CC70623BAD7543B64E010000330300003000000000000000000000000000D20600006662
310
782F36394639363044362D344446342D343946362D394244322D3234314243333846323333332F636E782E786D6C504B01021400140006080800CC70623B8D05915C650500003B10000034000000000000000000000000006E0800006662782F36394639363044362D344446342D343946362D394244322D32343142433338
310
46323333332F6F626A656374732E786D6C504B01021400140006080000CC70623B0000000000000000000000003500000000000000000000000000250E00006662782F36394639363044362D344446342D343946362D394244322D3234314243333846323333332F76657274696365732E62696E504B010214001400060808
310
00CC70623BF270F13306000000040000003600000000000000000000000000780E00006662782F36394639363044362D344446342D343946362D394244322D3234314243333846323333332F747269616E676C65732E62696E504B01021400140006080000CC70623B00000000000000000000000037000000000000000000
310
00000000D20E00006662782F36394639363044362D344446342D343946362D394244322D3234314243333846323333332F617474726962757465732E62696E504B01021400140006080800CC70623B08DA0BD190000000410100003600000000000000000000000000270F00006662782F36394639363044362D344446342D
310
343946362D394244322D3234314243333846323333332F6469726563746F72792E786D6C504B01021400140006080800CC70623BCA768048FE000000A00100003B000000000000000000000000000B1000006662782F36394639363044362D344446342D343946362D394244322D3234314243333846323333332F7265736F
310
75726365732F636F72652E786D6C504B0506000000000E000E0080040000621100000000
  0
XRECORD
  5
176
102
{ACAD_REACTORS
330
173
102
}
330
173
100
AcDbXrecord
280
1
270
1
271
1
  0
XRECORD
  5
177
102
{ACAD_REACTORS
330
173
102
}
330
173
100
AcDbXrecord
280
1
270
1
271
1
  0
XRECORD
  5
11AE
102
{ACAD_REACTORS
330
11AD
102
}
330
11AD
100
AcDbXrecord
280
1
102
DISPLAYNAME
  1
Metric50
102
FLAGS
 90
0
  0
CELLSTYLEMAP
  5
11A3
102
{ACAD_REACTORS
330
162
102
}
330
162
100
AcDbCellStyleMap
 90
3
300
CELLSTYLE
  1
TABLEFORMAT_BEGIN
 90
5
170
1
 91
0
 92
32768
 62
257
 93
1
300
CONTENTFORMAT
  1
CONTENTFORMAT_BEGIN
 90
0
 91
0
 92
512
 93
0
300

 40
0.0
140
1.0
 94
5
 62
0
340
11
144
6.0
309
CONTENTFORMAT_END
171
1
301
MARGIN
  1
CELLMARGIN_BEGIN
 40
1.5
 40
1.5
 40
1.5
 40
1.5
 40
4.5
 40
4.5
309
CELLMARGIN_END
 94
6
 95
1
302
GRIDFORMAT
  1
GRIDFORMAT_BEGIN
 90
0
 91
1
 62
0
 92
-2
340
14
 93
0
 40
1.125
309
GRIDFORMAT_END
 95
2
302
GRIDFORMAT
  1
GRIDFORMAT_BEGIN
 90
0
 91
1
 62
0
 92
-2
340
14
 93
0
 40
1.125
309
GRIDFORMAT_END
 95
4
302
GRIDFORMAT
  1
GRIDFORMAT_BEGIN
 90
0
 91
1
 62
0
 92
-2
340
14
 93
0
 40
1.125
309
GRIDFORMAT_END
 95
8
302
GRIDFORMAT
  1
GRIDFORMAT_BEGIN
 90
0
 91
1
 62
0
 92
-2
340
14
 93
0
 40
1.125
309
GRIDFORMAT_END
 95
16
302
GRIDFORMAT
  1
GRIDFORMAT_BEGIN
 90
0
 91
1
 62
0
 92
-2
340
14
 93
0
 40
1.125
309
GRIDFORMAT_END
 95
32
302
GRIDFORMAT
  1
GRIDFORMAT_BEGIN
 90
0
 91
1
 62
0
 92
-2
340
14
 93
0
 40
1.125
309
GRIDFORMAT_END
309
TABLEFORMAT_END
  1
CELLSTYLE_BEGIN
 90
1
 91
1
300
_TITLE
309
CELLSTYLE_END
300
CELLSTYLE
  1
TABLEFORMAT_BEGIN
 90
5
170
1
 91
0
 92
0
 62
257
 93
1
300
CONTENTFORMAT
  1
CONTENTFORMAT_BEGIN
 90
0
 91
0
 92
512
 93
0
300

 40
0.0
140
1.0
 94
5
 62
0
340
11
144
4.5
309
CONTENTFORMAT_END
171
1
301
MARGIN
  1
CELLMARGIN_BEGIN
 40
1.5
 40
1.5
 40
1.5
 40
1.5
 40
4.5
 40
4.5
309
CELLMARGIN_END
 94
6
 95
1
302
GRIDFORMAT
  1
GRIDFORMAT_BEGIN
 90
0
 91
1
 62
0
 92
-2
340
14
 93
0
 40
1.125
309
GRIDFORMAT_END
 95
2
302
GRIDFORMAT
  1
GRIDFORMAT_BEGIN
 90
0
 91
1
 62
0
 92
-2
340
14
 93
0
 40
1.125
309
GRIDFORMAT_END
 95
4
302
GRIDFORMAT
  1
GRIDFORMAT_BEGIN
 90
0
 91
1
 62
0
 92
-2
340
14
 93
0
 40
1.125
309
GRIDFORMAT_END
 95
8
302
GRIDFORMAT
  1
GRIDFORMAT_BEGIN
 90
0
 91
1
 62
0
 92
-2
340
14
 93
0
 40
1.125
309
GRIDFORMAT_END
 95
16
302
GRIDFORMAT
  1
GRIDFORMAT_BEGIN
 90
0
 91
1
 62
0
 92
-2
340
14
 93
0
 40
1.125
309
GRIDFORMAT_END
 95
32
302
GRIDFORMAT
  1
GRIDFORMAT_BEGIN
 90
0
 91
1
 62
0
 92
-2
340
14
 93
0
 40
1.125
309
GRIDFORMAT_END
309
TABLEFORMAT_END
  1
CELLSTYLE_BEGIN
 90
2
 91
1
300
_HEADER
309
CELLSTYLE_END
300
CELLSTYLE
  1
TABLEFORMAT_BEGIN
 90
5
170
1
 91
0
 92
0
 62
257
 93
1
300
CONTENTFORMAT
  1
CONTENTFORMAT_BEGIN
 90
0
 91
0
 92
512
 93
0
300

 40
0.0
140
1.0
 94
2
 62
0
340
11
144
4.5
309
CONTENTFORMAT_END
171
1
301
MARGIN
  1
CELLMARGIN_BEGIN
 40
1.5
 40
1.5
 40
1.5
 40
1.5
 40
4.5
 40
4.5
309
CELLMARGIN_END
 94
6
 95
1
302
GRIDFORMAT
  1
GRIDFORMAT_BEGIN
 90
0
 91
1
 62
0
 92
-2
340
14
 93
0
 40
1.125
309
GRIDFORMAT_END
 95
2
302
GRIDFORMAT
  1
GRIDFORMAT_BEGIN
 90
0
 91
1
 62
0
 92
-2
340
14
 93
0
 40
1.125
309
GRIDFORMAT_END
 95
4
302
GRIDFORMAT
  1
GRIDFORMAT_BEGIN
 90
0
 91
1
 62
0
 92
-2
340
14
 93
0
 40
1.125
309
GRIDFORMAT_END
 95
8
302
GRIDFORMAT
  1
GRIDFORMAT_BEGIN
 90
0
 91
1
 62
0
 92
-2
340
14
 93
0
 40
1.125
309
GRIDFORMAT_END
 95
16
302
GRIDFORMAT
  1
GRIDFORMAT_BEGIN
 90
0
 91
1
 62
0
 92
-2
340
14
 93
0
 40
1.125
309
GRIDFORMAT_END
 95
32
302
GRIDFORMAT
  1
GRIDFORMAT_BEGIN
 90
0
 91
1
 62
0
 92
-2
340
14
 93
0
 40
1.125
309
GRIDFORMAT_END
309
TABLEFORMAT_END
  1
CELLSTYLE_BEGIN
 90
3
 91
2
300
_DATA
309
CELLSTYLE_END
  0
ACDBASSOCARRAYACTIONBODY
  5
787
330
786
100
AcDbAssocActionBody
 90
2
100
AcDbAssocArrayActionBody
 90
1
  1
AcDbAssocArrayPolarParameters
 90
0
 90
7
  1
AcDbAssocArrayItem
100
AcDbAssocArrayItem
 90
0
 90
0
 90
0
 90
0
 90
8
 11
2585.543253086314
 21
1600.874536331566
 31
-123.7874041846087
330
79C
100
AcDbAssocArrayItem
 90
0
 90
1
 90
0
 90
0
 90
12
 40
0.6234898018587341
 40
-0.7818314824680295
 40
0.0
 40
2605.376196930949
 40
0.7818314824680295
 40
0.6234898018587341
 40
0.0
 40
1610.425578703378
 40
0.0
 40
0.0
 40
1.0
 40
-123.7874041846087
 40
0.0
 40
0.0
 40
0.0
 40
1.0
330
79D
100
AcDbAssocArrayItem
 90
0
 90
2
 90
0
 90
0
 90
12
 40
-0.222520933956314
 40
-0.9749279121818236
 40
0.0
 40
2610.274529542248
 40
0.9749279121818236
 40
-0.2225209339563138
 40
0.0
 40
1631.88657610708
 40
0.0
 40
0.0
 40
1.0
 40
-123.7874041846087
 40
0.0
 40
0.0
 40
0.0
 40
1.0
330
79E
100
AcDbAssocArrayItem
 90
0
 90
3
 90
0
 90
0
 90
12
 40
-0.9009688679024188
 40
-0.4338837391175589
 40
0.0
 40
2596.549706556126
 40
0.4338837391175585
 40
-0.9009688679024186
 40
0.0
 40
1649.096959773118
 40
0.0
 40
0.0
 40
1.0
 40
-123.7874041846087
 40
0.0
 40
0.0
 40
0.0
 40
1.0
330
79F
100
AcDbAssocArrayItem
 90
0
 90
4
 90
0
 90
0
 90
12
 40
-0.9009688679024191
 40
0.4338837391175571
 40
0.0
 40
2574.536799616499
 40
-0.4338837391175577
 40
-0.9009688679024197
 40
0.0
 40
1649.096959773118
 40
0.0
 40
0.0
 40
1.0
 40
-123.7874041846087
 40
0.0
 40
0.0
 40
0.0
 40
1.0
330
7A0
100
AcDbAssocArrayItem
 90
0
 90
5
 90
0
 90
0
 90
12
 40
-0.2225209339563131
 40
0.9749279121818236
 40
0.0
 40
2560.811976630378
 40
-0.974927912181824
 40
-0.2225209339563142
 40
0.0
 40
1631.886576107079
 40
0.0
 40
0.0
 40
1.0
 40
-123.7874041846087
 40
0.0
 40
0.0
 40
0.0
 40
1.0
330
7A1
100
AcDbAssocArrayItem
 90
0
 90
6
 90
0
 90
0
 90
12
 40
0.6234898018587332
 40
0.7818314824680311
 40
0.0
 40
2565.710309241677
 40
-0.7818314824680302
 40
0.6234898018587323
 40
0.0
 40
1610.425578703377
 40
0.0
 40
0.0
 40
1.0
 40
-123.7874041846087
 40
0.0
 40
0.0
 40
0.0
 40
1.0
330
7A2
 40
1.0
 40
0.0
 40
0.0
 40
4176.650434195678
 40
0.0
 40
1.0
 40
0.0
 40
79.56140477118811
 40
0.0
 40
0.0
 40
1.0
 40
-1417.5
 40
0.0
 40
0.0
 40
0.0
 40
1.0
  0
ACDBASSOCDEPENDENCY
  5
788
330
786
100
AcDbAssocDependency
 90
2
 90
0
290
0
290
1
290
1
290
1
 90
0
330
79A
290
0
330
0
330
0
360
0
 90
1
  0
ACDBASSOCDEPENDENCY
  5
789
330
786
100
AcDbAssocDependency
 90
2
 90
0
290
1
290
0
290
1
290
1
 90
0
330
796
290
0
330
0
330
0
360
0
 90
2
  0
ACDBASSOCDEPENDENCY
  5
78A
330
786
100
AcDbAssocDependency
 90
2
 90
0
290
1
290
1
290
1
290
1
 90
-2147483648
330
781
290
0
330
0
330
0
360
0
 90
3
  0
ACDBASSOCVERTEXACTIONPARAM
  5
78B
330
786
100
AcDbAssocActionParam
 90
1
 90
0
  1
BaseNormal
100
AcDbAssocSingleDependencyActionParam
 90
0
330
0
100
AcDbAssocVertexActionParam
 90
0
 10
0.0
 20
0.0
 30
1.0
  0
ACDBASSOCVERTEXACTIONPARAM
  5
78C
330
786
100
AcDbAssocActionParam
 90
1
 90
0
  1
Origin
100
AcDbAssocSingleDependencyActionParam
 90
0
330
0
100
AcDbAssocVertexActionParam
 90
0
 10
2585.543253086313
 20
1626.241823642674
 30
-123.7874041846087
  0
ACDBASSOCVERTEXACTIONPARAM
  5
78D
330
786
100
AcDbAssocActionParam
 90
1
 90
0
  1
basePoint
100
AcDbAssocSingleDependencyActionParam
 90
0
330
0
100
AcDbAssocVertexActionParam
 90
0
 10
0.0
 20
0.0
 30
0.0
  0
ACDBASSOCARRAYACTIONBODY
  5
78F
330
78E
100
AcDbAssocActionBody
 90
2
100
AcDbAssocArrayActionBody
 90
1
  1
AcDbAssocArrayPolarParameters
 90
0
 90
24
  1
AcDbAssocArrayItem
100
AcDbAssocArrayItem
 90
0
 90
0
 90
0
 90
0
 90
8
 11
2510.543253086313
 21
1626.241823642674
 31
-32.5
330
7AA
100
AcDbAssocArrayItem
 90
0
 90
1
 90
0
 90
0
 90
12
 40
0.9659258262890688
 40
-0.2588190451025206
 40
0.0
 40
2509.69139874354
 40
0.2588190451025201
 40
0.9659258262890688
 40
0.0
 40
1632.712299770236
 40
0.0
 40
0.0
 40
1.0
 40
-32.5
 40
0.0
 40
0.0
 40
0.0
 40
1.0
330
7AB
100
AcDbAssocArrayItem
 90
0
 90
2
 90
0
 90
0
 90
12
 40
0.8660254037844397
 40
-0.4999999999999999
 40
0.0
 40
2507.193888180924
 40
0.4999999999999986
 40
0.866025403784439
 40
0.0
 40
1638.741823642674
 40
0.0
 40
0.0
 40
1.0
 40
-32.5
 40
0.0
 40
0.0
 40
0.0
 40
1.0
330
7AC
100
AcDbAssocArrayItem
 90
0
 90
3
 90
0
 90
0
 90
12
 40
0.7071067811865493
 40
-0.7071067811865475
 40
0.0
 40
2503.220922615976
 40
0.7071067811865462
 40
0.7071067811865479
 40
0.0
 40
1643.919493172337
 40
0.0
 40
0.0
 40
1.0
 40
-32.5
 40
0.0
 40
0.0
 40
0.0
 40
1.0
330
7AD
100
AcDbAssocArrayItem
 90
0
 90
4
 90
0
 90
0
 90
12
 40
0.5000000000000026
 40
-0.8660254037844385
 40
0.0
 40
2498.043253086313
 40
0.8660254037844376
 40
0.5000000000000006
 40
0.0
 40
1647.892458737285
 40
0.0
 40
0.0
 40
1.0
 40
-32.5
 40
0.0
 40
0.0
 40
0.0
 40
1.0
330
7AE
100
AcDbAssocArrayItem
 90
0
 90
5
 90
0
 90
0
 90
12
 40
0.2588190451025245
 40
-0.9659258262890684
 40
0.0
 40
2492.013729213876
 40
0.9659258262890675
 40
0.2588190451025211
 40
0.0
 40
1650.3899692999
 40
0.0
 40
0.0
 40
1.0
 40
-32.5
 40
0.0
 40
0.0
 40
0.0
 40
1.0
330
7AF
100
AcDbAssocArrayItem
 90
0
 90
6
 90
0
 90
0
 90
12
 40
4.7e-15
 40
-1.0
 40
0.0
 40
2485.543253086313
 40
1.0
 40
5e-16
 40
0.0
 40
1651.241823642674
 40
0.0
 40
0.0
 40
1.0
 40
-32.5
 40
0.0
 40
0.0
 40
0.0
 40
1.0
330
7B0
100
AcDbAssocArrayItem
 90
0
 90
7
 90
0
 90
0
 90
12
 40
-0.2588190451025161
 40
-0.9659258262890688
 40
0.0
 40
2479.07277695875
 40
0.9659258262890698
 40
-0.2588190451025205
 40
0.0
 40
1650.3899692999
 40
0.0
 40
0.0
 40
1.0
 40
-32.5
 40
0.0
 40
0.0
 40
0.0
 40
1.0
330
7B1
100
AcDbAssocArrayItem
 90
0
 90
8
 90
0
 90
0
 90
12
 40
-0.4999999999999955
 40
-0.866025403784439
 40
0.0
 40
2473.043253086313
 40
0.8660254037844415
 40
-0.4999999999999998
 40
0.0
 40
1647.892458737285
 40
0.0
 40
0.0
 40
1.0
 40
-32.5
 40
0.0
 40
0.0
 40
0.0
 40
1.0
330
7B2
100
AcDbAssocArrayItem
 90
0
 90
9
 90
0
 90
0
 90
12
 40
-0.7071067811865442
 40
-0.7071067811865479
 40
0.0
 40
2467.865583556649
 40
0.7071067811865513
 40
-0.7071067811865476
 40
0.0
 40
1643.919493172337
 40
0.0
 40
0.0
 40
1.0
 40
-32.5
 40
0.0
 40
0.0
 40
0.0
 40
1.0
330
7B3
100
AcDbAssocArrayItem
 90
0
 90
10
 90
0
 90
0
 90
12
 40
-0.8660254037844364
 40
-0.5000000000000002
 40
0.0
 40
2463.892617991702
 40
0.5000000000000047
 40
-0.8660254037844389
 40
0.0
 40
1638.741823642674
 40
0.0
 40
0.0
 40
1.0
 40
-32.5
 40
0.0
 40
0.0
 40
0.0
 40
1.0
330
7B4
100
AcDbAssocArrayItem
 90
0
 90
11
 90
0
 90
0
 90
12
 40
-0.965925826289067
 40
-0.2588190451025209
 40
0.0
 40
2461.395107429086
 40
0.2588190451025263
 40
-0.9659258262890684
 40
0.0
 40
1632.712299770236
 40
0.0
 40
0.0
 40
1.0
 40
-32.5
 40
0.0
 40
0.0
 40
0.0
 40
1.0
330
7B5
100
AcDbAssocArrayItem
 90
0
 90
12
 90
0
 90
0
 90
12
 40
-1.0
 40
-8e-16
 40
0.0
 40
2460.543253086313
 40
6.7e-15
 40
-1.0
 40
0.0
 40
1626.241823642674
 40
0.0
 40
0.0
 40
1.0
 40
-32.5
 40
0.0
 40
0.0
 40
0.0
 40
1.0
330
7B6
100
AcDbAssocArrayItem
 90
0
 90
13
 90
0
 90
0
 90
12
 40
-0.9659258262890702
 40
0.2588190451025202
 40
0.0
 40
2461.395107429086
 40
-0.2588190451025143
 40
-0.9659258262890688
 40
0.0
 40
1619.771347515111
 40
0.0
 40
0.0
 40
1.0
 40
-32.5
 40
0.0
 40
0.0
 40
0.0
 40
1.0
330
7B7
100
AcDbAssocArrayItem
 90
0
 90
14
 90
0
 90
0
 90
12
 40
-0.8660254037844421
 40
0.4999999999999997
 40
0.0
 40
2463.892617991702
 40
-0.4999999999999946
 40
-0.866025403784439
 40
0.0
 40
1613.741823642674
 40
0.0
 40
0.0
 40
1.0
 40
-32.5
 40
0.0
 40
0.0
 40
0.0
 40
1.0
330
7B8
100
AcDbAssocArrayItem
 90
0
 90
15
 90
0
 90
0
 90
12
 40
-0.7071067811865526
 40
0.7071067811865471
 40
0.0
 40
2467.865583556649
 40
-0.7071067811865428
 40
-0.707106781186548
 40
0.0
 40
1608.56415411301
 40
0.0
 40
0.0
 40
1.0
 40
-32.5
 40
0.0
 40
0.0
 40
0.0
 40
1.0
330
7B9
100
AcDbAssocArrayItem
 90
0
 90
16
 90
0
 90
0
 90
12
 40
-0.5000000000000071
 40
0.8660254037844385
 40
0.0
 40
2473.043253086313
 40
-0.8660254037844349
 40
-0.5000000000000007
 40
0.0
 40
1604.591188548063
 40
0.0
 40
0.0
 40
1.0
 40
-32.5
 40
0.0
 40
0.0
 40
0.0
 40
1.0
330
7BA
100
AcDbAssocArrayItem
 90
0
 90
17
 90
0
 90
0
 90
12
 40
-0.2588190451025291
 40
0.9659258262890684
 40
0.0
 40
2479.07277695875
 40
-0.9659258262890663
 40
-0.258819045102521
 40
0.0
 40
1602.093677985447
 40
0.0
 40
0.0
 40
1.0
 40
-32.5
 40
0.0
 40
0.0
 40
0.0
 40
1.0
330
7BB
100
AcDbAssocArrayItem
 90
0
 90
18
 90
0
 90
0
 90
12
 40
-9.1e-15
 40
1.0
 40
0.0
 40
2485.543253086313
 40
-1.0
 40
-4e-16
 40
0.0
 40
1601.241823642674
 40
0.0
 40
0.0
 40
1.0
 40
-32.5
 40
0.0
 40
0.0
 40
0.0
 40
1.0
330
7BC
100
AcDbAssocArrayItem
 90
0
 90
19
 90
0
 90
0
 90
12
 40
0.2588190451025115
 40
0.9659258262890688
 40
0.0
 40
2492.013729213876
 40
-0.9659258262890711
 40
0.2588190451025201
 40
0.0
 40
1602.093677985447
 40
0.0
 40
0.0
 40
1.0
 40
-32.5
 40
0.0
 40
0.0
 40
0.0
 40
1.0
330
7BD
100
AcDbAssocArrayItem
 90
0
 90
20
 90
0
 90
0
 90
12
 40
0.4999999999999921
 40
0.8660254037844389
 40
0.0
 40
2498.043253086313
 40
-0.8660254037844435
 40
0.5
 40
0.0
 40
1604.591188548063
 40
0.0
 40
0.0
 40
1.0
 40
-32.5
 40
0.0
 40
0.0
 40
0.0
 40
1.0
330
7BE
100
AcDbAssocArrayItem
 90
0
 90
21
 90
0
 90
0
 90
12
 40
0.7071067811865399
 40
0.7071067811865487
 40
0.0
 40
2503.220922615976
 40
-0.7071067811865555
 40
0.7071067811865467
 40
0.0
 40
1608.56415411301
 40
0.0
 40
0.0
 40
1.0
 40
-32.5
 40
0.0
 40
0.0
 40
0.0
 40
1.0
330
7BF
100
AcDbAssocArrayItem
 90
0
 90
22
 90
0
 90
0
 90
12
 40
0.866025403784434
 40
0.5
 40
0.0
 40
2507.193888180924
 40
-0.5000000000000089
 40
0.866025403784439
 40
0.0
 40
1613.741823642674
 40
0.0
 40
0.0
 40
1.0
 40
-32.5
 40
0.0
 40
0.0
 40
0.0
 40
1.0
330
7C0
100
AcDbAssocArrayItem
 90
0
 90
23
 90
0
 90
0
 90
12
 40
0.9659258262890656
 40
0.2588190451025218
 40
0.0
 40
2509.69139874354
 40
-0.2588190451025323
 40
0.9659258262890681
 40
0.0
 40
1619.771347515111
 40
0.0
 40
0.0
 40
1.0
 40
-32.5
 40
0.0
 40
0.0
 40
0.0
 40
1.0
330
7C1
 40
1.0
 40
0.0
 40
0.0
 40
4276.650434195679
 40
0.0
 40
1.0
 40
0.0
 40
79.56140477118811
 40
0.0
 40
0.0
 40
1.0
 40
-1420.0
 40
0.0
 40
0.0
 40
0.0
 40
1.0
  0
ACDBASSOCDEPENDENCY
  5
790
330
78E
100
AcDbAssocDependency
 90
2
 90
0
290
0
290
1
290
1
290
1
 90
0
330
7A8
290
0
330
0
330
0
360
0
 90
1
  0
ACDBASSOCDEPENDENCY
  5
791
330
78E
100
AcDbAssocDependency
 90
2
 90
0
290
1
290
0
290
1
290
1
 90
0
330
7A4
290
0
330
0
330
0
360
0
 90
2
  0
ACDBASSOCDEPENDENCY
  5
792
330
78E
100
AcDbAssocDependency
 90
2
 90
0
290
1
290
1
290
1
290
1
 90
-2147483648
330
782
290
0
330
0
330
0
360
0
 90
3
  0
ACDBASSOCVERTEXACTIONPARAM
  5
793
330
78E
100
AcDbAssocActionParam
 90
1
 90
0
  1
BaseNormal
100
AcDbAssocSingleDependencyActionParam
 90
0
330
0
100
AcDbAssocVertexActionParam
 90
0
 10
0.0
 20
0.0
 30
1.0
  0
ACDBASSOCVERTEXACTIONPARAM
  5
794
330
78E
100
AcDbAssocActionParam
 90
1
 90
0
  1
Origin
100
AcDbAssocSingleDependencyActionParam
 90
0
330
0
100
AcDbAssocVertexActionParam
 90
0
 10
2485.543253086313
 20
1626.241823642674
 30
-32.5
  0
ACDBASSOCVERTEXACTIONPARAM
  5
795
330
78E
100
AcDbAssocActionParam
 90
1
 90
0
  1
basePoint
100
AcDbAssocSingleDependencyActionParam
 90
0
330
0
100
AcDbAssocVertexActionParam
 90
0
 10
0.0
 20
0.0
 30
0.0
  0
ACDBASSOCARRAYACTIONBODY
  5
7CF
330
7CE
100
AcDbAssocActionBody
 90
2
100
AcDbAssocArrayActionBody
 90
1
  1
AcDbAssocArrayPolarParameters
 90
0
 90
7
  1
AcDbAssocArrayItem
100
AcDbAssocArrayItem
 90
0
 90
0
 90
0
 90
0
 90
8
 11
2585.543253086314
 21
1600.874536331566
 31
-123.7874041846087
330
7E4
100
AcDbAssocArrayItem
 90
0
 90
1
 90
0
 90
0
 90
12
 40
0.6234898018587341
 40
-0.7818314824680295
 40
0.0
 40
2605.376196930949
 40
0.7818314824680295
 40
0.6234898018587341
 40
0.0
 40
1610.425578703378
 40
0.0
 40
0.0
 40
1.0
 40
-123.7874041846087
 40
0.0
 40
0.0
 40
0.0
 40
1.0
330
7E5
100
AcDbAssocArrayItem
 90
0
 90
2
 90
0
 90
0
 90
12
 40
-0.222520933956314
 40
-0.9749279121818236
 40
0.0
 40
2610.274529542248
 40
0.9749279121818236
 40
-0.2225209339563138
 40
0.0
 40
1631.88657610708
 40
0.0
 40
0.0
 40
1.0
 40
-123.7874041846087
 40
0.0
 40
0.0
 40
0.0
 40
1.0
330
7E6
100
AcDbAssocArrayItem
 90
0
 90
3
 90
0
 90
0
 90
12
 40
-0.9009688679024188
 40
-0.4338837391175589
 40
0.0
 40
2596.549706556126
 40
0.4338837391175585
 40
-0.9009688679024186
 40
0.0
 40
1649.096959773118
 40
0.0
 40
0.0
 40
1.0
 40
-123.7874041846087
 40
0.0
 40
0.0
 40
0.0
 40
1.0
330
7E7
100
AcDbAssocArrayItem
 90
0
 90
4
 90
0
 90
0
 90
12
 40
-0.9009688679024191
 40
0.4338837391175571
 40
0.0
 40
2574.536799616499
 40
-0.4338837391175577
 40
-0.9009688679024197
 40
0.0
 40
1649.096959773118
 40
0.0
 40
0.0
 40
1.0
 40
-123.7874041846087
 40
0.0
 40
0.0
 40
0.0
 40
1.0
330
7E8
100
AcDbAssocArrayItem
 90
0
 90
5
 90
0
 90
0
 90
12
 40
-0.2225209339563131
 40
0.9749279121818236
 40
0.0
 40
2560.811976630378
 40
-0.974927912181824
 40
-0.2225209339563142
 40
0.0
 40
1631.886576107079
 40
0.0
 40
0.0
 40
1.0
 40
-123.7874041846087
 40
0.0
 40
0.0
 40
0.0
 40
1.0
330
7E9
100
AcDbAssocArrayItem
 90
0
 90
6
 90
0
 90
0
 90
12
 40
0.6234898018587332
 40
0.7818314824680311
 40
0.0
 40
2565.710309241677
 40
-0.7818314824680302
 40
0.6234898018587323
 40
0.0
 40
1610.425578703377
 40
0.0
 40
0.0
 40
1.0
 40
-123.7874041846087
 40
0.0
 40
0.0
 40
0.0
 40
1.0
330
7EA
 40
1.0
 40
0.0
 40
0.0
 40
4176.650434195678
 40
0.0
 40
1.0
 40
0.0
 40
229.5614047711881
 40
0.0
 40
0.0
 40
1.0
 40
-1567.5
 40
0.0
 40
0.0
 40
0.0
 40
1.0
  0
ACDBASSOCDEPENDENCY
  5
7D0
330
7CE
100
AcDbAssocDependency
 90
2
 90
0
290
0
290
1
290
1
290
1
 90
0
330
7E2
290
0
330
0
330
0
360
0
 90
1
  0
ACDBASSOCDEPENDENCY
  5
7D1
330
7CE
100
AcDbAssocDependency
 90
2
 90
0
290
1
290
0
290
1
290
1
 90
0
330
7DE
290
0
330
0
330
0
360
0
 90
2
  0
ACDBASSOCDEPENDENCY
  5
7D2
330
7CE
100
AcDbAssocDependency
 90
2
 90
0
290
1
290
1
290
1
290
1
 90
-2147483648
330
7C9
290
0
330
0
330
0
360
0
 90
3
  0
ACDBASSOCVERTEXACTIONPARAM
  5
7D3
330
7CE
100
AcDbAssocActionParam
 90
1
 90
0
  1
BaseNormal
100
AcDbAssocSingleDependencyActionParam
 90
0
330
0
100
AcDbAssocVertexActionParam
 90
0
 10
0.0
 20
0.0
 30
1.0
  0
ACDBASSOCVERTEXACTIONPARAM
  5
7D4
330
7CE
100
AcDbAssocActionParam
 90
1
 90
0
  1
Origin
100
AcDbAssocSingleDependencyActionParam
 90
0
330
0
100
AcDbAssocVertexActionParam
 90
0
 10
2585.543253086313
 20
1626.241823642674
 30
-123.7874041846087
  0
ACDBASSOCVERTEXACTIONPARAM
  5
7D5
330
7CE
100
AcDbAssocActionParam
 90
1
 90
0
  1
basePoint
100
AcDbAssocSingleDependencyActionParam
 90
0
330
0
100
AcDbAssocVertexActionParam
 90
0
 10
0.0
 20
0.0
 30
0.0
  0
ACDBASSOCARRAYACTIONBODY
  5
7D7
330
7D6
100
AcDbAssocActionBody
 90
2
100
AcDbAssocArrayActionBody
 90
1
  1
AcDbAssocArrayPolarParameters
 90
0
 90
24
  1
AcDbAssocArrayItem
100
AcDbAssocArrayItem
 90
0
 90
0
 90
0
 90
0
 90
8
 11
2510.543253086313
 21
1626.241823642674
 31
-32.5
330
7F2
100
AcDbAssocArrayItem
 90
0
 90
1
 90
0
 90
0
 90
12
 40
0.9659258262890688
 40
-0.2588190451025206
 40
0.0
 40
2509.69139874354
 40
0.2588190451025201
 40
0.9659258262890688
 40
0.0
 40
1632.712299770236
 40
0.0
 40
0.0
 40
1.0
 40
-32.5
 40
0.0
 40
0.0
 40
0.0
 40
1.0
330
7F3
100
AcDbAssocArrayItem
 90
0
 90
2
 90
0
 90
0
 90
12
 40
0.8660254037844397
 40
-0.4999999999999999
 40
0.0
 40
2507.193888180924
 40
0.4999999999999986
 40
0.866025403784439
 40
0.0
 40
1638.741823642674
 40
0.0
 40
0.0
 40
1.0
 40
-32.5
 40
0.0
 40
0.0
 40
0.0
 40
1.0
330
7F4
100
AcDbAssocArrayItem
 90
0
 90
3
 90
0
 90
0
 90
12
 40
0.7071067811865493
 40
-0.7071067811865475
 40
0.0
 40
2503.220922615976
 40
0.7071067811865462
 40
0.7071067811865479
 40
0.0
 40
1643.919493172337
 40
0.0
 40
0.0
 40
1.0
 40
-32.5
 40
0.0
 40
0.0
 40
0.0
 40
1.0
330
7F5
100
AcDbAssocArrayItem
 90
0
 90
4
 90
0
 90
0
 90
12
 40
0.5000000000000026
 40
-0.8660254037844385
 40
0.0
 40
2498.043253086313
 40
0.8660254037844376
 40
0.5000000000000006
 40
0.0
 40
1647.892458737285
 40
0.0
 40
0.0
 40
1.0
 40
-32.5
 40
0.0
 40
0.0
 40
0.0
 40
1.0
330
7F6
100
AcDbAssocArrayItem
 90
0
 90
5
 90
0
 90
0
 90
12
 40
0.2588190451025245
 40
-0.9659258262890684
 40
0.0
 40
2492.013729213876
 40
0.9659258262890675
 40
0.2588190451025211
 40
0.0
 40
1650.3899692999
 40
0.0
 40
0.0
 40
1.0
 40
-32.5
 40
0.0
 40
0.0
 40
0.0
 40
1.0
330
7F7
100
AcDbAssocArrayItem
 90
0
 90
6
 90
0
 90
0
 90
12
 40
4.7e-15
 40
-1.0
 40
0.0
 40
2485.543253086313
 40
1.0
 40
5e-16
 40
0.0
 40
1651.241823642674
 40
0.0
 40
0.0
 40
1.0
 40
-32.5
 40
0.0
 40
0.0
 40
0.0
 40
1.0
330
7F8
100
AcDbAssocArrayItem
 90
0
 90
7
 90
0
 90
0
 90
12
 40
-0.2588190451025161
 40
-0.9659258262890688
 40
0.0
 40
2479.07277695875
 40
0.9659258262890698
 40
-0.2588190451025205
 40
0.0
 40
1650.3899692999
 40
0.0
 40
0.0
 40
1.0
 40
-32.5
 40
0.0
 40
0.0
 40
0.0
 40
1.0
330
7F9
100
AcDbAssocArrayItem
 90
0
 90
8
 90
0
 90
0
 90
12
 40
-0.4999999999999955
 40
-0.866025403784439
 40
0.0
 40
2473.043253086313
 40
0.8660254037844415
 40
-0.4999999999999998
 40
0.0
 40
1647.892458737285
 40
0.0
 40
0.0
 40
1.0
 40
-32.5
 40
0.0
 40
0.0
 40
0.0
 40
1.0
330
7FA
100
AcDbAssocArrayItem
 90
0
 90
9
 90
0
 90
0
 90
12
 40
-0.7071067811865442
 40
-0.7071067811865479
 40
0.0
 40
2467.865583556649
 40
0.7071067811865513
 40
-0.7071067811865476
 40
0.0
 40
1643.919493172337
 40
0.0
 40
0.0
 40
1.0
 40
-32.5
 40
0.0
 40
0.0
 40
0.0
 40
1.0
330
7FB
100
AcDbAssocArrayItem
 90
0
 90
10
 90
0
 90
0
 90
12
 40
-0.8660254037844364
 40
-0.5000000000000002
 40
0.0
 40
2463.892617991702
 40
0.5000000000000047
 40
-0.8660254037844389
 40
0.0
 40
1638.741823642674
 40
0.0
 40
0.0
 40
1.0
 40
-32.5
 40
0.0
 40
0.0
 40
0.0
 40
1.0
330
7FC
100
AcDbAssocArrayItem
 90
0
 90
11
 90
0
 90
0
 90
12
 40
-0.965925826289067
 40
-0.2588190451025209
 40
0.0
 40
2461.395107429086
 40
0.2588190451025263
 40
-0.9659258262890684
 40
0.0
 40
1632.712299770236
 40
0.0
 40
0.0
 40
1.0
 40
-32.5
 40
0.0
 40
0.0
 40
0.0
 40
1.0
330
7FD
100
AcDbAssocArrayItem
 90
0
 90
12
 90
0
 90
0
 90
12
 40
-1.0
 40
-8e-16
 40
0.0
 40
2460.543253086313
 40
6.7e-15
 40
-1.0
 40
0.0
 40
1626.241823642674
 40
0.0
 40
0.0
 40
1.0
 40
-32.5
 40
0.0
 40
0.0
 40
0.0
 40
1.0
330
7FE
100
AcDbAssocArrayItem
 90
0
 90
13
 90
0
 90
0
 90
12
 40
-0.9659258262890702
 40
0.2588190451025202
 40
0.0
 40
2461.395107429086
 40
-0.2588190451025143
 40
-0.9659258262890688
 40
0.0
 40
1619.771347515111
 40
0.0
 40
0.0
 40
1.0
 40
-32.5
 40
0.0
 40
0.0
 40
0.0
 40
1.0
330
7FF
100
AcDbAssocArrayItem
 90
0
 90
14
 90
0
 90
0
 90
12
 40
-0.8660254037844421
 40
0.4999999999999997
 40
0.0
 40
2463.892617991702
 40
-0.4999999999999946
 40
-0.866025403784439
 40
0.0
 40
1613.741823642674
 40
0.0
 40
0.0
 40
1.0
 40
-32.5
 40
0.0
 40
0.0
 40
0.0
 40
1.0
330
800
100
AcDbAssocArrayItem
 90
0
 90
15
 90
0
 90
0
 90
12
 40
-0.7071067811865526
 40
0.7071067811865471
 40
0.0
 40
2467.865583556649
 40
-0.7071067811865428
 40
-0.707106781186548
 40
0.0
 40
1608.56415411301
 40
0.0
 40
0.0
 40
1.0
 40
-32.5
 40
0.0
 40
0.0
 40
0.0
 40
1.0
330
801
100
AcDbAssocArrayItem
 90
0
 90
16
 90
0
 90
0
 90
12
 40
-0.5000000000000071
 40
0.8660254037844385
 40
0.0
 40
2473.043253086313
 40
-0.8660254037844349
 40
-0.5000000000000007
 40
0.0
 40
1604.591188548063
 40
0.0
 40
0.0
 40
1.0
 40
-32.5
 40
0.0
 40
0.0
 40
0.0
 40
1.0
330
802
100
AcDbAssocArrayItem
 90
0
 90
17
 90
0
 90
0
 90
12
 40
-0.2588190451025291
 40
0.9659258262890684
 40
0.0
 40
2479.07277695875
 40
-0.9659258262890663
 40
-0.258819045102521
 40
0.0
 40
1602.093677985447
 40
0.0
 40
0.0
 40
1.0
 40
-32.5
 40
0.0
 40
0.0
 40
0.0
 40
1.0
330
803
100
AcDbAssocArrayItem
 90
0
 90
18
 90
0
 90
0
 90
12
 40
-9.1e-15
 40
1.0
 40
0.0
 40
2485.543253086313
 40
-1.0
 40
-4e-16
 40
0.0
 40
1601.241823642674
 40
0.0
 40
0.0
 40
1.0
 40
-32.5
 40
0.0
 40
0.0
 40
0.0
 40
1.0
330
804
100
AcDbAssocArrayItem
 90
0
 90
19
 90
0
 90
0
 90
12
 40
0.2588190451025115
 40
0.9659258262890688
 40
0.0
 40
2492.013729213876
 40
-0.9659258262890711
 40
0.2588190451025201
 40
0.0
 40
1602.093677985447
 40
0.0
 40
0.0
 40
1.0
 40
-32.5
 40
0.0
 40
0.0
 40
0.0
 40
1.0
330
805
100
AcDbAssocArrayItem
 90
0
 90
20
 90
0
 90
0
 90
12
 40
0.4999999999999921
 40
0.8660254037844389
 40
0.0
 40
2498.043253086313
 40
-0.8660254037844435
 40
0.5
 40
0.0
 40
1604.591188548063
 40
0.0
 40
0.0
 40
1.0
 40
-32.5
 40
0.0
 40
0.0
 40
0.0
 40
1.0
330
806
100
AcDbAssocArrayItem
 90
0
 90
21
 90
0
 90
0
 90
12
 40
0.7071067811865399
 40
0.7071067811865487
 40
0.0
 40
2503.220922615976
 40
-0.7071067811865555
 40
0.7071067811865467
 40
0.0
 40
1608.56415411301
 40
0.0
 40
0.0
 40
1.0
 40
-32.5
 40
0.0
 40
0.0
 40
0.0
 40
1.0
330
807
100
AcDbAssocArrayItem
 90
0
 90
22
 90
0
 90
0
 90
12
 40
0.866025403784434
 40
0.5
 40
0.0
 40
2507.193888180924
 40
-0.5000000000000089
 40
0.866025403784439
 40
0.0
 40
1613.741823642674
 40
0.0
 40
0.0
 40
1.0
 40
-32.5
 40
0.0
 40
0.0
 40
0.0
 40
1.0
330
808
100
AcDbAssocArrayItem
 90
0
 90
23
 90
0
 90
0
 90
12
 40
0.9659258262890656
 40
0.2588190451025218
 40
0.0
 40
2509.69139874354
 40
-0.2588190451025323
 40
0.9659258262890681
 40
0.0
 40
1619.771347515111
 40
0.0
 40
0.0
 40
1.0
 40
-32.5
 40
0.0
 40
0.0
 40
0.0
 40
1.0
330
809
 40
1.0
 40
0.0
 40
0.0
 40
4276.650434195679
 40
0.0
 40
1.0
 40
0.0
 40
229.5614047711881
 40
0.0
 40
0.0
 40
1.0
 40
-1570.0
 40
0.0
 40
0.0
 40
0.0
 40
1.0
  0
ACDBASSOCDEPENDENCY
  5
7D8
330
7D6
100
AcDbAssocDependency
 90
2
 90
0
290
0
290
1
290
1
290
1
 90
0
330
7F0
290
0
330
0
330
0
360
0
 90
1
  0
ACDBASSOCDEPENDENCY
  5
7D9
330
7D6
100
AcDbAssocDependency
 90
2
 90
0
290
1
290
0
290
1
290
1
 90
0
330
7EC
290
0
330
0
330
0
360
0
 90
2
  0
ACDBASSOCDEPENDENCY
  5
7DA
330
7D6
100
AcDbAssocDependency
 90
2
 90
0
290
1
290
1
290
1
290
1
 90
-2147483648
330
7CA
290
0
330
0
330
0
360
0
 90
3
  0
ACDBASSOCVERTEXACTIONPARAM
  5
7DB
330
7D6
100
AcDbAssocActionParam
 90
1
 90
0
  1
BaseNormal
100
AcDbAssocSingleDependencyActionParam
 90
0
330
0
100
AcDbAssocVertexActionParam
 90
0
 10
0.0
 20
0.0
 30
1.0
  0
ACDBASSOCVERTEXACTIONPARAM
  5
7DC
330
7D6
100
AcDbAssocActionParam
 90
1
 90
0
  1
Origin
100
AcDbAssocSingleDependencyActionParam
 90
0
330
0
100
AcDbAssocVertexActionParam
 90
0
 10
2485.543253086313
 20
1626.241823642674
 30
-32.5
  0
ACDBASSOCVERTEXACTIONPARAM
  5
7DD
330
7D6
100
AcDbAssocActionParam
 90
1
 90
0
  1
basePoint
100
AcDbAssocSingleDependencyActionParam
 90
0
330
0
100
AcDbAssocVertexActionParam
 90
0
 10
0.0
 20
0.0
 30
0.0
  0
ACDBASSOCARRAYACTIONBODY
  5
815
330
814
100
AcDbAssocActionBody
 90
2
100
AcDbAssocArrayActionBody
 90
1
  1
AcDbAssocArrayPolarParameters
 90
0
 90
7
  1
AcDbAssocArrayItem
100
AcDbAssocArrayItem
 90
0
 90
0
 90
0
 90
0
 90
8
 11
2585.543253086314
 21
1600.874536331566
 31
-123.7874041846087
330
82A
100
AcDbAssocArrayItem
 90
0
 90
1
 90
0
 90
0
 90
12
 40
0.6234898018587341
 40
-0.7818314824680295
 40
0.0
 40
2605.376196930949
 40
0.7818314824680295
 40
0.6234898018587341
 40
0.0
 40
1610.425578703378
 40
0.0
 40
0.0
 40
1.0
 40
-123.7874041846087
 40
0.0
 40
0.0
 40
0.0
 40
1.0
330
82B
100
AcDbAssocArrayItem
 90
0
 90
2
 90
0
 90
0
 90
12
 40
-0.222520933956314
 40
-0.9749279121818236
 40
0.0
 40
2610.274529542248
 40
0.9749279121818236
 40
-0.2225209339563138
 40
0.0
 40
1631.88657610708
 40
0.0
 40
0.0
 40
1.0
 40
-123.7874041846087
 40
0.0
 40
0.0
 40
0.0
 40
1.0
330
82C
100
AcDbAssocArrayItem
 90
0
 90
3
 90
0
 90
0
 90
12
 40
-0.9009688679024188
 40
-0.4338837391175589
 40
0.0
 40
2596.549706556126
 40
0.4338837391175585
 40
-0.9009688679024186
 40
0.0
 40
1649.096959773118
 40
0.0
 40
0.0
 40
1.0
 40
-123.7874041846087
 40
0.0
 40
0.0
 40
0.0
 40
1.0
330
82D
100
AcDbAssocArrayItem
 90
0
 90
4
 90
0
 90
0
 90
12
 40
-0.9009688679024191
 40
0.4338837391175571
 40
0.0
 40
2574.536799616499
 40
-0.4338837391175577
 40
-0.9009688679024197
 40
0.0
 40
1649.096959773118
 40
0.0
 40
0.0
 40
1.0
 40
-123.7874041846087
 40
0.0
 40
0.0
 40
0.0
 40
1.0
330
82E
100
AcDbAssocArrayItem
 90
0
 90
5
 90
0
 90
0
 90
12
 40
-0.2225209339563131
 40
0.9749279121818236
 40
0.0
 40
2560.811976630378
 40
-0.974927912181824
 40
-0.2225209339563142
 40
0.0
 40
1631.886576107079
 40
0.0
 40
0.0
 40
1.0
 40
-123.7874041846087
 40
0.0
 40
0.0
 40
0.0
 40
1.0
330
82F
100
AcDbAssocArrayItem
 90
0
 90
6
 90
0
 90
0
 90
12
 40
0.6234898018587332
 40
0.7818314824680311
 40
0.0
 40
2565.710309241677
 40
-0.7818314824680302
 40
0.6234898018587323
 40
0.0
 40
1610.425578703377
 40
0.0
 40
0.0
 40
1.0
 40
-123.7874041846087
 40
0.0
 40
0.0
 40
0.0
 40
1.0
330
830
 40
1.0
 40
0.0
 40
0.0
 40
4176.650434195678
 40
0.0
 40
1.0
 40
0.0
 40
379.5614047711881
 40
0.0
 40
0.0
 40
1.0
 40
-1717.5
 40
0.0
 40
0.0
 40
0.0
 40
1.0
  0
ACDBASSOCDEPENDENCY
  5
816
330
814
100
AcDbAssocDependency
 90
2
 90
0
290
0
290
1
290
1
290
1
 90
0
330
828
290
0
330
0
330
0
360
0
 90
1
  0
ACDBASSOCDEPENDENCY
  5
817
330
814
100
AcDbAssocDependency
 90
2
 90
0
290
1
290
0
290
1
290
1
 90
0
330
824
290
0
330
0
330
0
360
0
 90
2
  0
ACDBASSOCDEPENDENCY
  5
818
330
814
100
AcDbAssocDependency
 90
2
 90
0
290
1
290
1
290
1
290
1
 90
-2147483648
330
80F
290
0
330
0
330
0
360
0
 90
3
  0
ACDBASSOCVERTEXACTIONPARAM
  5
819
330
814
100
AcDbAssocActionParam
 90
1
 90
0
  1
BaseNormal
100
AcDbAssocSingleDependencyActionParam
 90
0
330
0
100
AcDbAssocVertexActionParam
 90
0
 10
0.0
 20
0.0
 30
1.0
  0
ACDBASSOCVERTEXACTIONPARAM
  5
81A
330
814
100
AcDbAssocActionParam
 90
1
 90
0
  1
Origin
100
AcDbAssocSingleDependencyActionParam
 90
0
330
0
100
AcDbAssocVertexActionParam
 90
0
 10
2585.543253086313
 20
1626.241823642674
 30
-123.7874041846087
  0
ACDBASSOCVERTEXACTIONPARAM
  5
81B
330
814
100
AcDbAssocActionParam
 90
1
 90
0
  1
basePoint
100
AcDbAssocSingleDependencyActionParam
 90
0
330
0
100
AcDbAssocVertexActionParam
 90
0
 10
0.0
 20
0.0
 30
0.0
  0
ACDBASSOCARRAYACTIONBODY
  5
81D
330
81C
100
AcDbAssocActionBody
 90
2
100
AcDbAssocArrayActionBody
 90
1
  1
AcDbAssocArrayPolarParameters
 90
0
 90
24
  1
AcDbAssocArrayItem
100
AcDbAssocArrayItem
 90
0
 90
0
 90
0
 90
0
 90
8
 11
2510.543253086313
 21
1626.241823642674
 31
-32.5
330
838
100
AcDbAssocArrayItem
 90
0
 90
1
 90
0
 90
0
 90
12
 40
0.9659258262890688
 40
-0.2588190451025206
 40
0.0
 40
2509.69139874354
 40
0.2588190451025201
 40
0.9659258262890688
 40
0.0
 40
1632.712299770236
 40
0.0
 40
0.0
 40
1.0
 40
-32.5
 40
0.0
 40
0.0
 40
0.0
 40
1.0
330
839
100
AcDbAssocArrayItem
 90
0
 90
2
 90
0
 90
0
 90
12
 40
0.8660254037844397
 40
-0.4999999999999999
 40
0.0
 40
2507.193888180924
 40
0.4999999999999986
 40
0.866025403784439
 40
0.0
 40
1638.741823642674
 40
0.0
 40
0.0
 40
1.0
 40
-32.5
 40
0.0
 40
0.0
 40
0.0
 40
1.0
330
83A
100
AcDbAssocArrayItem
 90
0
 90
3
 90
0
 90
0
 90
12
 40
0.7071067811865493
 40
-0.7071067811865475
 40
0.0
 40
2503.220922615976
 40
0.7071067811865462
 40
0.7071067811865479
 40
0.0
 40
1643.919493172337
 40
0.0
 40
0.0
 40
1.0
 40
-32.5
 40
0.0
 40
0.0
 40
0.0
 40
1.0
330
83B
100
AcDbAssocArrayItem
 90
0
 90
4
 90
0
 90
0
 90
12
 40
0.5000000000000026
 40
-0.8660254037844385
 40
0.0
 40
2498.043253086313
 40
0.8660254037844376
 40
0.5000000000000006
 40
0.0
 40
1647.892458737285
 40
0.0
 40
0.0
 40
1.0
 40
-32.5
 40
0.0
 40
0.0
 40
0.0
 40
1.0
330
83C
100
AcDbAssocArrayItem
 90
0
 90
5
 90
0
 90
0
 90
12
 40
0.2588190451025245
 40
-0.9659258262890684
 40
0.0
 40
2492.013729213876
 40
0.9659258262890675
 40
0.2588190451025211
 40
0.0
 40
1650.3899692999
 40
0.0
 40
0.0
 40
1.0
 40
-32.5
 40
0.0
 40
0.0
 40
0.0
 40
1.0
330
83D
100
AcDbAssocArrayItem
 90
0
 90
6
 90
0
 90
0
 90
12
 40
4.7e-15
 40
-1.0
 40
0.0
 40
2485.543253086313
 40
1.0
 40
5e-16
 40
0.0
 40
1651.241823642674
 40
0.0
 40
0.0
 40
1.0
 40
-32.5
 40
0.0
 40
0.0
 40
0.0
 40
1.0
330
83E
100
AcDbAssocArrayItem
 90
0
 90
7
 90
0
 90
0
 90
12
 40
-0.2588190451025161
 40
-0.9659258262890688
 40
0.0
 40
2479.07277695875
 40
0.9659258262890698
 40
-0.2588190451025205
 40
0.0
 40
1650.3899692999
 40
0.0
 40
0.0
 40
1.0
 40
-32.5
 40
0.0
 40
0.0
 40
0.0
 40
1.0
330
83F
100
AcDbAssocArrayItem
 90
0
 90
8
 90
0
 90
0
 90
12
 40
-0.4999999999999955
 40
-0.866025403784439
 40
0.0
 40
2473.043253086313
 40
0.8660254037844415
 40
-0.4999999999999998
 40
0.0
 40
1647.892458737285
 40
0.0
 40
0.0
 40
1.0
 40
-32.5
 40
0.0
 40
0.0
 40
0.0
 40
1.0
330
840
100
AcDbAssocArrayItem
 90
0
 90
9
 90
0
 90
0
 90
12
 40
-0.7071067811865442
 40
-0.7071067811865479
 40
0.0
 40
2467.865583556649
 40
0.7071067811865513
 40
-0.7071067811865476
 40
0.0
 40
1643.919493172337
 40
0.0
 40
0.0
 40
1.0
 40
-32.5
 40
0.0
 40
0.0
 40
0.0
 40
1.0
330
841
100
AcDbAssocArrayItem
 90
0
 90
10
 90
0
 90
0
 90
12
 40
-0.8660254037844364
 40
-0.5000000000000002
 40
0.0
 40
2463.892617991702
 40
0.5000000000000047
 40
-0.8660254037844389
 40
0.0
 40
1638.741823642674
 40
0.0
 40
0.0
 40
1.0
 40
-32.5
 40
0.0
 40
0.0
 40
0.0
 40
1.0
330
842
100
AcDbAssocArrayItem
 90
0
 90
11
 90
0
 90
0
 90
12
 40
-0.965925826289067
 40
-0.2588190451025209
 40
0.0
 40
2461.395107429086
 40
0.2588190451025263
 40
-0.9659258262890684
 40
0.0
 40
1632.712299770236
 40
0.0
 40
0.0
 40
1.0
 40
-32.5
 40
0.0
 40
0.0
 40
0.0
 40
1.0
330
843
100
AcDbAssocArrayItem
 90
0
 90
12
 90
0
 90
0
 90
12
 40
-1.0
 40
-8e-16
 40
0.0
 40
2460.543253086313
 40
6.7e-15
 40
-1.0
 40
0.0
 40
1626.241823642674
 40
0.0
 40
0.0
 40
1.0
 40
-32.5
 40
0.0
 40
0.0
 40
0.0
 40
1.0
330
844
100
AcDbAssocArrayItem
 90
0
 90
13
 90
0
 90
0
 90
12
 40
-0.9659258262890702
 40
0.2588190451025202
 40
0.0
 40
2461.395107429086
 40
-0.2588190451025143
 40
-0.9659258262890688
 40
0.0
 40
1619.771347515111
 40
0.0
 40
0.0
 40
1.0
 40
-32.5
 40
0.0
 40
0.0
 40
0.0
 40
1.0
330
845
100
AcDbAssocArrayItem
 90
0
 90
14
 90
0
 90
0
 90
12
 40
-0.8660254037844421
 40
0.4999999999999997
 40
0.0
 40
2463.892617991702
 40
-0.4999999999999946
 40
-0.866025403784439
 40
0.0
 40
1613.741823642674
 40
0.0
 40
0.0
 40
1.0
 40
-32.5
 40
0.0
 40
0.0
 40
0.0
 40
1.0
330
846
100
AcDbAssocArrayItem
 90
0
 90
15
 90
0
 90
0
 90
12
 40
-0.7071067811865526
 40
0.7071067811865471
 40
0.0
 40
2467.865583556649
 40
-0.7071067811865428
 40
-0.707106781186548
 40
0.0
 40
1608.56415411301
 40
0.0
 40
0.0
 40
1.0
 40
-32.5
 40
0.0
 40
0.0
 40
0.0
 40
1.0
330
847
100
AcDbAssocArrayItem
 90
0
 90
16
 90
0
 90
0
 90
12
 40
-0.5000000000000071
 40
0.8660254037844385
 40
0.0
 40
2473.043253086313
 40
-0.8660254037844349
 40
-0.5000000000000007
 40
0.0
 40
1604.591188548063
 40
0.0
 40
0.0
 40
1.0
 40
-32.5
 40
0.0
 40
0.0
 40
0.0
 40
1.0
330
848
100
AcDbAssocArrayItem
 90
0
 90
17
 90
0
 90
0
 90
12
 40
-0.2588190451025291
 40
0.9659258262890684
 40
0.0
 40
2479.07277695875
 40
-0.9659258262890663
 40
-0.258819045102521
 40
0.0
 40
1602.093677985447
 40
0.0
 40
0.0
 40
1.0
 40
-32.5
 40
0.0
 40
0.0
 40
0.0
 40
1.0
330
849
100
AcDbAssocArrayItem
 90
0
 90
18
 90
0
 90
0
 90
12
 40
-9.1e-15
 40
1.0
 40
0.0
 40
2485.543253086313
 40
-1.0
 40
-4e-16
 40
0.0
 40
1601.241823642674
 40
0.0
 40
0.0
 40
1.0
 40
-32.5
 40
0.0
 40
0.0
 40
0.0
 40
1.0
330
84A
100
AcDbAssocArrayItem
 90
0
 90
19
 90
0
 90
0
 90
12
 40
0.2588190451025115
 40
0.9659258262890688
 40
0.0
 40
2492.013729213876
 40
-0.9659258262890711
 40
0.2588190451025201
 40
0.0
 40
1602.093677985447
 40
0.0
 40
0.0
 40
1.0
 40
-32.5
 40
0.0
 40
0.0
 40
0.0
 40
1.0
330
84B
100
AcDbAssocArrayItem
 90
0
 90
20
 90
0
 90
0
 90
12
 40
0.4999999999999921
 40
0.8660254037844389
 40
0.0
 40
2498.043253086313
 40
-0.8660254037844435
 40
0.5
 40
0.0
 40
1604.591188548063
 40
0.0
 40
0.0
 40
1.0
 40
-32.5
 40
0.0
 40
0.0
 40
0.0
 40
1.0
330
84C
100
AcDbAssocArrayItem
 90
0
 90
21
 90
0
 90
0
 90
12
 40
0.7071067811865399
 40
0.7071067811865487
 40
0.0
 40
2503.220922615976
 40
-0.7071067811865555
 40
0.7071067811865467
 40
0.0
 40
1608.56415411301
 40
0.0
 40
0.0
 40
1.0
 40
-32.5
 40
0.0
 40
0.0
 40
0.0
 40
1.0
330
84D
100
AcDbAssocArrayItem
 90
0
 90
22
 90
0
 90
0
 90
12
 40
0.866025403784434
 40
0.5
 40
0.0
 40
2507.193888180924
 40
-0.5000000000000089
 40
0.866025403784439
 40
0.0
 40
1613.741823642674
 40
0.0
 40
0.0
 40
1.0
 40
-32.5
 40
0.0
 40
0.0
 40
0.0
 40
1.0
330
84E
100
AcDbAssocArrayItem
 90
0
 90
23
 90
0
 90
0
 90
12
 40
0.9659258262890656
 40
0.2588190451025218
 40
0.0
 40
2509.69139874354
 40
-0.2588190451025323
 40
0.9659258262890681
 40
0.0
 40
1619.771347515111
 40
0.0
 40
0.0
 40
1.0
 40
-32.5
 40
0.0
 40
0.0
 40
0.0
 40
1.0
330
84F
 40
1.0
 40
0.0
 40
0.0
 40
4276.650434195679
 40
0.0
 40
1.0
 40
0.0
 40
379.5614047711881
 40
0.0
 40
0.0
 40
1.0
 40
-1720.0
 40
0.0
 40
0.0
 40
0.0
 40
1.0
  0
ACDBASSOCDEPENDENCY
  5
81E
330
81C
100
AcDbAssocDependency
 90
2
 90
0
290
0
290
1
290
1
290
1
 90
0
330
836
290
0
330
0
330
0
360
0
 90
1
  0
ACDBASSOCDEPENDENCY
  5
81F
330
81C
100
AcDbAssocDependency
 90
2
 90
0
290
1
290
0
290
1
290
1
 90
0
330
832
290
0
330
0
330
0
360
0
 90
2
  0
ACDBASSOCDEPENDENCY
  5
820
330
81C
100
AcDbAssocDependency
 90
2
 90
0
290
1
290
1
290
1
290
1
 90
-2147483648
330
810
290
0
330
0
330
0
360
0
 90
3
  0
ACDBASSOCVERTEXACTIONPARAM
  5
821
330
81C
100
AcDbAssocActionParam
 90
1
 90
0
  1
BaseNormal
100
AcDbAssocSingleDependencyActionParam
 90
0
330
0
100
AcDbAssocVertexActionParam
 90
0
 10
0.0
 20
0.0
 30
1.0
  0
ACDBASSOCVERTEXACTIONPARAM
  5
822
330
81C
100
AcDbAssocActionParam
 90
1
 90
0
  1
Origin
100
AcDbAssocSingleDependencyActionParam
 90
0
330
0
100
AcDbAssocVertexActionParam
 90
0
 10
2485.543253086313
 20
1626.241823642674
 30
-32.5
  0
ACDBASSOCVERTEXACTIONPARAM
  5
823
330
81C
100
AcDbAssocActionParam
 90
1
 90
0
  1
basePoint
100
AcDbAssocSingleDependencyActionParam
 90
0
330
0
100
AcDbAssocVertexActionParam
 90
0
 10
0.0
 20
0.0
 30
0.0
  0
ACDBASSOCARRAYACTIONBODY
  5
85B
330
85A
100
AcDbAssocActionBody
 90
2
100
AcDbAssocArrayActionBody
 90
1
  1
AcDbAssocArrayPolarParameters
 90
0
 90
7
  1
AcDbAssocArrayItem
100
AcDbAssocArrayItem
 90
0
 90
0
 90
0
 90
0
 90
8
 11
2585.543253086314
 21
1600.874536331566
 31
-123.7874041846087
330
870
100
AcDbAssocArrayItem
 90
0
 90
1
 90
0
 90
0
 90
12
 40
0.6234898018587341
 40
-0.7818314824680295
 40
0.0
 40
2605.376196930949
 40
0.7818314824680295
 40
0.6234898018587341
 40
0.0
 40
1610.425578703378
 40
0.0
 40
0.0
 40
1.0
 40
-123.7874041846087
 40
0.0
 40
0.0
 40
0.0
 40
1.0
330
871
100
AcDbAssocArrayItem
 90
0
 90
2
 90
0
 90
0
 90
12
 40
-0.222520933956314
 40
-0.9749279121818236
 40
0.0
 40
2610.274529542248
 40
0.9749279121818236
 40
-0.2225209339563138
 40
0.0
 40
1631.88657610708
 40
0.0
 40
0.0
 40
1.0
 40
-123.7874041846087
 40
0.0
 40
0.0
 40
0.0
 40
1.0
330
872
100
AcDbAssocArrayItem
 90
0
 90
3
 90
0
 90
0
 90
12
 40
-0.9009688679024188
 40
-0.4338837391175589
 40
0.0
 40
2596.549706556126
 40
0.4338837391175585
 40
-0.9009688679024186
 40
0.0
 40
1649.096959773118
 40
0.0
 40
0.0
 40
1.0
 40
-123.7874041846087
 40
0.0
 40
0.0
 40
0.0
 40
1.0
330
873
100
AcDbAssocArrayItem
 90
0
 90
4
 90
0
 90
0
 90
12
 40
-0.9009688679024191
 40
0.4338837391175571
 40
0.0
 40
2574.536799616499
 40
-0.4338837391175577
 40
-0.9009688679024197
 40
0.0
 40
1649.096959773118
 40
0.0
 40
0.0
 40
1.0
 40
-123.7874041846087
 40
0.0
 40
0.0
 40
0.0
 40
1.0
330
874
100
AcDbAssocArrayItem
 90
0
 90
5
 90
0
 90
0
 90
12
 40
-0.2225209339563131
 40
0.9749279121818236
 40
0.0
 40
2560.811976630378
 40
-0.974927912181824
 40
-0.2225209339563142
 40
0.0
 40
1631.886576107079
 40
0.0
 40
0.0
 40
1.0
 40
-123.7874041846087
 40
0.0
 40
0.0
 40
0.0
 40
1.0
330
875
100
AcDbAssocArrayItem
 90
0
 90
6
 90
0
 90
0
 90
12
 40
0.6234898018587332
 40
0.7818314824680311
 40
0.0
 40
2565.710309241677
 40
-0.7818314824680302
 40
0.6234898018587323
 40
0.0
 40
1610.425578703377
 40
0.0
 40
0.0
 40
1.0
 40
-123.7874041846087
 40
0.0
 40
0.0
 40
0.0
 40
1.0
330
876
 40
1.0
 40
0.0
 40
0.0
 40
4176.650434195678
 40
0.0
 40
1.0
 40
0.0
 40
529.5614047711883
 40
0.0
 40
0.0
 40
1.0
 40
-1867.5
 40
0.0
 40
0.0
 40
0.0
 40
1.0
  0
ACDBASSOCDEPENDENCY
  5
85C
330
85A
100
AcDbAssocDependency
 90
2
 90
0
290
0
290
1
290
1
290
1
 90
0
330
86E
290
0
330
0
330
0
360
0
 90
1
  0
ACDBASSOCDEPENDENCY
  5
85D
330
85A
100
AcDbAssocDependency
 90
2
 90
0
290
1
290
0
290
1
290
1
 90
0
330
86A
290
0
330
0
330
0
360
0
 90
2
  0
ACDBASSOCDEPENDENCY
  5
85E
330
85A
100
AcDbAssocDependency
 90
2
 90
0
290
1
290
1
290
1
290
1
 90
-2147483648
330
855
290
0
330
0
330
0
360
0
 90
3
  0
ACDBASSOCVERTEXACTIONPARAM
  5
85F
330
85A
100
AcDbAssocActionParam
 90
1
 90
0
  1
BaseNormal
100
AcDbAssocSingleDependencyActionParam
 90
0
330
0
100
AcDbAssocVertexActionParam
 90
0
 10
0.0
 20
0.0
 30
1.0
  0
ACDBASSOCVERTEXACTIONPARAM
  5
860
330
85A
100
AcDbAssocActionParam
 90
1
 90
0
  1
Origin
100
AcDbAssocSingleDependencyActionParam
 90
0
330
0
100
AcDbAssocVertexActionParam
 90
0
 10
2585.543253086313
 20
1626.241823642674
 30
-123.7874041846087
  0
ACDBASSOCVERTEXACTIONPARAM
  5
861
330
85A
100
AcDbAssocActionParam
 90
1
 90
0
  1
basePoint
100
AcDbAssocSingleDependencyActionParam
 90
0
330
0
100
AcDbAssocVertexActionParam
 90
0
 10
0.0
 20
0.0
 30
0.0
  0
ACDBASSOCARRAYACTIONBODY
  5
863
330
862
100
AcDbAssocActionBody
 90
2
100
AcDbAssocArrayActionBody
 90
1
  1
AcDbAssocArrayPolarParameters
 90
0
 90
24
  1
AcDbAssocArrayItem
100
AcDbAssocArrayItem
 90
0
 90
0
 90
0
 90
0
 90
8
 11
2510.543253086313
 21
1626.241823642674
 31
-32.5
330
87E
100
AcDbAssocArrayItem
 90
0
 90
1
 90
0
 90
0
 90
12
 40
0.9659258262890688
 40
-0.2588190451025206
 40
0.0
 40
2509.69139874354
 40
0.2588190451025201
 40
0.9659258262890688
 40
0.0
 40
1632.712299770236
 40
0.0
 40
0.0
 40
1.0
 40
-32.5
 40
0.0
 40
0.0
 40
0.0
 40
1.0
330
87F
100
AcDbAssocArrayItem
 90
0
 90
2
 90
0
 90
0
 90
12
 40
0.8660254037844397
 40
-0.4999999999999999
 40
0.0
 40
2507.193888180924
 40
0.4999999999999986
 40
0.866025403784439
 40
0.0
 40
1638.741823642674
 40
0.0
 40
0.0
 40
1.0
 40
-32.5
 40
0.0
 40
0.0
 40
0.0
 40
1.0
330
880
100
AcDbAssocArrayItem
 90
0
 90
3
 90
0
 90
0
 90
12
 40
0.7071067811865493
 40
-0.7071067811865475
 40
0.0
 40
2503.220922615976
 40
0.7071067811865462
 40
0.7071067811865479
 40
0.0
 40
1643.919493172337
 40
0.0
 40
0.0
 40
1.0
 40
-32.5
 40
0.0
 40
0.0
 40
0.0
 40
1.0
330
881
100
AcDbAssocArrayItem
 90
0
 90
4
 90
0
 90
0
 90
12
 40
0.5000000000000026
 40
-0.8660254037844385
 40
0.0
 40
2498.043253086313
 40
0.8660254037844376
 40
0.5000000000000006
 40
0.0
 40
1647.892458737285
 40
0.0
 40
0.0
 40
1.0
 40
-32.5
 40
0.0
 40
0.0
 40
0.0
 40
1.0
330
882
100
AcDbAssocArrayItem
 90
0
 90
5
 90
0
 90
0
 90
12
 40
0.2588190451025245
 40
-0.9659258262890684
 40
0.0
 40
2492.013729213876
 40
0.9659258262890675
 40
0.2588190451025211
 40
0.0
 40
1650.3899692999
 40
0.0
 40
0.0
 40
1.0
 40
-32.5
 40
0.0
 40
0.0
 40
0.0
 40
1.0
330
883
100
AcDbAssocArrayItem
 90
0
 90
6
 90
0
 90
0
 90
12
 40
4.7e-15
 40
-1.0
 40
0.0
 40
2485.543253086313
 40
1.0
 40
5e-16
 40
0.0
 40
1651.241823642674
 40
0.0
 40
0.0
 40
1.0
 40
-32.5
 40
0.0
 40
0.0
 40
0.0
 40
1.0
330
884
100
AcDbAssocArrayItem
 90
0
 90
7
 90
0
 90
0
 90
12
 40
-0.2588190451025161
 40
-0.9659258262890688
 40
0.0
 40
2479.07277695875
 40
0.9659258262890698
 40
-0.2588190451025205
 40
0.0
 40
1650.3899692999
 40
0.0
 40
0.0
 40
1.0
 40
-32.5
 40
0.0
 40
0.0
 40
0.0
 40
1.0
330
885
100
AcDbAssocArrayItem
 90
0
 90
8
 90
0
 90
0
 90
12
 40
-0.4999999999999955
 40
-0.866025403784439
 40
0.0
 40
2473.043253086313
 40
0.8660254037844415
 40
-0.4999999999999998
 40
0.0
 40
1647.892458737285
 40
0.0
 40
0.0
 40
1.0
 40
-32.5
 40
0.0
 40
0.0
 40
0.0
 40
1.0
330
886
100
AcDbAssocArrayItem
 90
0
 90
9
 90
0
 90
0
 90
12
 40
-0.7071067811865442
 40
-0.7071067811865479
 40
0.0
 40
2467.865583556649
 40
0.7071067811865513
 40
-0.7071067811865476
 40
0.0
 40
1643.919493172337
 40
0.0
 40
0.0
 40
1.0
 40
-32.5
 40
0.0
 40
0.0
 40
0.0
 40
1.0
330
887
100
AcDbAssocArrayItem
 90
0
 90
10
 90
0
 90
0
 90
12
 40
-0.8660254037844364
 40
-0.5000000000000002
 40
0.0
 40
2463.892617991702
 40
0.5000000000000047
 40
-0.8660254037844389
 40
0.0
 40
1638.741823642674
 40
0.0
 40
0.0
 40
1.0
 40
-32.5
 40
0.0
 40
0.0
 40
0.0
 40
1.0
330
888
100
AcDbAssocArrayItem
 90
0
 90
11
 90
0
 90
0
 90
12
 40
-0.965925826289067
 40
-0.2588190451025209
 40
0.0
 40
2461.395107429086
 40
0.2588190451025263
 40
-0.9659258262890684
 40
0.0
 40
1632.712299770236
 40
0.0
 40
0.0
 40
1.0
 40
-32.5
 40
0.0
 40
0.0
 40
0.0
 40
1.0
330
889
100
AcDbAssocArrayItem
 90
0
 90
12
 90
0
 90
0
 90
12
 40
-1.0
 40
-8e-16
 40
0.0
 40
2460.543253086313
 40
6.7e-15
 40
-1.0
 40
0.0
 40
1626.241823642674
 40
0.0
 40
0.0
 40
1.0
 40
-32.5
 40
0.0
 40
0.0
 40
0.0
 40
1.0
330
88A
100
AcDbAssocArrayItem
 90
0
 90
13
 90
0
 90
0
 90
12
 40
-0.9659258262890702
 40
0.2588190451025202
 40
0.0
 40
2461.395107429086
 40
-0.2588190451025143
 40
-0.9659258262890688
 40
0.0
 40
1619.771347515111
 40
0.0
 40
0.0
 40
1.0
 40
-32.5
 40
0.0
 40
0.0
 40
0.0
 40
1.0
330
88B
100
AcDbAssocArrayItem
 90
0
 90
14
 90
0
 90
0
 90
12
 40
-0.8660254037844421
 40
0.4999999999999997
 40
0.0
 40
2463.892617991702
 40
-0.4999999999999946
 40
-0.866025403784439
 40
0.0
 40
1613.741823642674
 40
0.0
 40
0.0
 40
1.0
 40
-32.5
 40
0.0
 40
0.0
 40
0.0
 40
1.0
330
88C
100
AcDbAssocArrayItem
 90
0
 90
15
 90
0
 90
0
 90
12
 40
-0.7071067811865526
 40
0.7071067811865471
 40
0.0
 40
2467.865583556649
 40
-0.7071067811865428
 40
-0.707106781186548
 40
0.0
 40
1608.56415411301
 40
0.0
 40
0.0
 40
1.0
 40
-32.5
 40
0.0
 40
0.0
 40
0.0
 40
1.0
330
88D
100
AcDbAssocArrayItem
 90
0
 90
16
 90
0
 90
0
 90
12
 40
-0.5000000000000071
 40
0.8660254037844385
 40
0.0
 40
2473.043253086313
 40
-0.8660254037844349
 40
-0.5000000000000007
 40
0.0
 40
1604.591188548063
 40
0.0
 40
0.0
 40
1.0
 40
-32.5
 40
0.0
 40
0.0
 40
0.0
 40
1.0
330
88E
100
AcDbAssocArrayItem
 90
0
 90
17
 90
0
 90
0
 90
12
 40
-0.2588190451025291
 40
0.9659258262890684
 40
0.0
 40
2479.07277695875
 40
-0.9659258262890663
 40
-0.258819045102521
 40
0.0
 40
1602.093677985447
 40
0.0
 40
0.0
 40
1.0
 40
-32.5
 40
0.0
 40
0.0
 40
0.0
 40
1.0
330
88F
100
AcDbAssocArrayItem
 90
0
 90
18
 90
0
 90
0
 90
12
 40
-9.1e-15
 40
1.0
 40
0.0
 40
2485.543253086313
 40
-1.0
 40
-4e-16
 40
0.0
 40
1601.241823642674
 40
0.0
 40
0.0
 40
1.0
 40
-32.5
 40
0.0
 40
0.0
 40
0.0
 40
1.0
330
890
100
AcDbAssocArrayItem
 90
0
 90
19
 90
0
 90
0
 90
12
 40
0.2588190451025115
 40
0.9659258262890688
 40
0.0
 40
2492.013729213876
 40
-0.9659258262890711
 40
0.2588190451025201
 40
0.0
 40
1602.093677985447
 40
0.0
 40
0.0
 40
1.0
 40
-32.5
 40
0.0
 40
0.0
 40
0.0
 40
1.0
330
891
100
AcDbAssocArrayItem
 90
0
 90
20
 90
0
 90
0
 90
12
 40
0.4999999999999921
 40
0.8660254037844389
 40
0.0
 40
2498.043253086313
 40
-0.8660254037844435
 40
0.5
 40
0.0
 40
1604.591188548063
 40
0.0
 40
0.0
 40
1.0
 40
-32.5
 40
0.0
 40
0.0
 40
0.0
 40
1.0
330
892
100
AcDbAssocArrayItem
 90
0
 90
21
 90
0
 90
0
 90
12
 40
0.7071067811865399
 40
0.7071067811865487
 40
0.0
 40
2503.220922615976
 40
-0.7071067811865555
 40
0.7071067811865467
 40
0.0
 40
1608.56415411301
 40
0.0
 40
0.0
 40
1.0
 40
-32.5
 40
0.0
 40
0.0
 40
0.0
 40
1.0
330
893
100
AcDbAssocArrayItem
 90
0
 90
22
 90
0
 90
0
 90
12
 40
0.866025403784434
 40
0.5
 40
0.0
 40
2507.193888180924
 40
-0.5000000000000089
 40
0.866025403784439
 40
0.0
 40
1613.741823642674
 40
0.0
 40
0.0
 40
1.0
 40
-32.5
 40
0.0
 40
0.0
 40
0.0
 40
1.0
330
894
100
AcDbAssocArrayItem
 90
0
 90
23
 90
0
 90
0
 90
12
 40
0.9659258262890656
 40
0.2588190451025218
 40
0.0
 40
2509.69139874354
 40
-0.2588190451025323
 40
0.9659258262890681
 40
0.0
 40
1619.771347515111
 40
0.0
 40
0.0
 40
1.0
 40
-32.5
 40
0.0
 40
0.0
 40
0.0
 40
1.0
330
895
 40
1.0
 40
0.0
 40
0.0
 40
4276.650434195679
 40
0.0
 40
1.0
 40
0.0
 40
529.5614047711883
 40
0.0
 40
0.0
 40
1.0
 40
-1870.0
 40
0.0
 40
0.0
 40
0.0
 40
1.0
  0
ACDBASSOCDEPENDENCY
  5
864
330
862
100
AcDbAssocDependency
 90
2
 90
0
290
0
290
1
290
1
290
1
 90
0
330
87C
290
0
330
0
330
0
360
0
 90
1
  0
ACDBASSOCDEPENDENCY
  5
865
330
862
100
AcDbAssocDependency
 90
2
 90
0
290
1
290
0
290
1
290
1
 90
0
330
878
290
0
330
0
330
0
360
0
 90
2
  0
ACDBASSOCDEPENDENCY
  5
866
330
862
100
AcDbAssocDependency
 90
2
 90
0
290
1
290
1
290
1
290
1
 90
-2147483648
330
856
290
0
330
0
330
0
360
0
 90
3
  0
ACDBASSOCVERTEXACTIONPARAM
  5
867
330
862
100
AcDbAssocActionParam
 90
1
 90
0
  1
BaseNormal
100
AcDbAssocSingleDependencyActionParam
 90
0
330
0
100
AcDbAssocVertexActionParam
 90
0
 10
0.0
 20
0.0
 30
1.0
  0
ACDBASSOCVERTEXACTIONPARAM
  5
868
330
862
100
AcDbAssocActionParam
 90
1
 90
0
  1
Origin
100
AcDbAssocSingleDependencyActionParam
 90
0
330
0
100
AcDbAssocVertexActionParam
 90
0
 10
2485.543253086313
 20
1626.241823642674
 30
-32.5
  0
ACDBASSOCVERTEXACTIONPARAM
  5
869
330
862
100
AcDbAssocActionParam
 90
1
 90
0
  1
basePoint
100
AcDbAssocSingleDependencyActionParam
 90
0
330
0
100
AcDbAssocVertexActionParam
 90
0
 10
0.0
 20
0.0
 30
0.0
  0
ACDBASSOCARRAYACTIONBODY
  5
8A1
330
8A0
100
AcDbAssocActionBody
 90
2
100
AcDbAssocArrayActionBody
 90
1
  1
AcDbAssocArrayPolarParameters
 90
0
 90
7
  1
AcDbAssocArrayItem
100
AcDbAssocArrayItem
 90
0
 90
0
 90
0
 90
0
 90
8
 11
2585.543253086314
 21
1600.874536331566
 31
-123.7874041846087
330
8B6
100
AcDbAssocArrayItem
 90
0
 90
1
 90
0
 90
0
 90
12
 40
0.6234898018587341
 40
-0.7818314824680295
 40
0.0
 40
2605.376196930949
 40
0.7818314824680295
 40
0.6234898018587341
 40
0.0
 40
1610.425578703378
 40
0.0
 40
0.0
 40
1.0
 40
-123.7874041846087
 40
0.0
 40
0.0
 40
0.0
 40
1.0
330
8B7
100
AcDbAssocArrayItem
 90
0
 90
2
 90
0
 90
0
 90
12
 40
-0.222520933956314
 40
-0.9749279121818236
 40
0.0
 40
2610.274529542248
 40
0.9749279121818236
 40
-0.2225209339563138
 40
0.0
 40
1631.88657610708
 40
0.0
 40
0.0
 40
1.0
 40
-123.7874041846087
 40
0.0
 40
0.0
 40
0.0
 40
1.0
330
8B8
100
AcDbAssocArrayItem
 90
0
 90
3
 90
0
 90
0
 90
12
 40
-0.9009688679024188
 40
-0.4338837391175589
 40
0.0
 40
2596.549706556126
 40
0.4338837391175585
 40
-0.9009688679024186
 40
0.0
 40
1649.096959773118
 40
0.0
 40
0.0
 40
1.0
 40
-123.7874041846087
 40
0.0
 40
0.0
 40
0.0
 40
1.0
330
8B9
100
AcDbAssocArrayItem
 90
0
 90
4
 90
0
 90
0
 90
12
 40
-0.9009688679024191
 40
0.4338837391175571
 40
0.0
 40
2574.536799616499
 40
-0.4338837391175577
 40
-0.9009688679024197
 40
0.0
 40
1649.096959773118
 40
0.0
 40
0.0
 40
1.0
 40
-123.7874041846087
 40
0.0
 40
0.0
 40
0.0
 40
1.0
330
8BA
100
AcDbAssocArrayItem
 90
0
 90
5
 90
0
 90
0
 90
12
 40
-0.2225209339563131
 40
0.9749279121818236
 40
0.0
 40
2560.811976630378
 40
-0.974927912181824
 40
-0.2225209339563142
 40
0.0
 40
1631.886576107079
 40
0.0
 40
0.0
 40
1.0
 40
-123.7874041846087
 40
0.0
 40
0.0
 40
0.0
 40
1.0
330
8BB
100
AcDbAssocArrayItem
 90
0
 90
6
 90
0
 90
0
 90
12
 40
0.6234898018587332
 40
0.7818314824680311
 40
0.0
 40
2565.710309241677
 40
-0.7818314824680302
 40
0.6234898018587323
 40
0.0
 40
1610.425578703377
 40
0.0
 40
0.0
 40
1.0
 40
-123.7874041846087
 40
0.0
 40
0.0
 40
0.0
 40
1.0
330
8BC
 40
1.0
 40
0.0
 40
0.0
 40
4176.650434195681
 40
0.0
 40
1.0
 40
0.0
 40
679.5614047711883
 40
0.0
 40
0.0
 40
1.0
 40
-2017.5
 40
0.0
 40
0.0
 40
0.0
 40
1.0
  0
ACDBASSOCDEPENDENCY
  5
8A2
330
8A0
100
AcDbAssocDependency
 90
2
 90
0
290
0
290
1
290
1
290
1
 90
0
330
8B4
290
0
330
0
330
0
360
0
 90
1
  0
ACDBASSOCDEPENDENCY
  5
8A3
330
8A0
100
AcDbAssocDependency
 90
2
 90
0
290
1
290
0
290
1
290
1
 90
0
330
8B0
290
0
330
0
330
0
360
0
 90
2
  0
ACDBASSOCDEPENDENCY
  5
8A4
330
8A0
100
AcDbAssocDependency
 90
2
 90
0
290
1
290
1
290
1
290
1
 90
-2147483648
330
89B
290
0
330
0
330
0
360
0
 90
3
  0
ACDBASSOCVERTEXACTIONPARAM
  5
8A5
330
8A0
100
AcDbAssocActionParam
 90
1
 90
0
  1
BaseNormal
100
AcDbAssocSingleDependencyActionParam
 90
0
330
0
100
AcDbAssocVertexActionParam
 90
0
 10
0.0
 20
0.0
 30
1.0
  0
ACDBASSOCVERTEXACTIONPARAM
  5
8A6
330
8A0
100
AcDbAssocActionParam
 90
1
 90
0
  1
Origin
100
AcDbAssocSingleDependencyActionParam
 90
0
330
0
100
AcDbAssocVertexActionParam
 90
0
 10
2585.543253086313
 20
1626.241823642674
 30
-123.7874041846087
  0
ACDBASSOCVERTEXACTIONPARAM
  5
8A7
330
8A0
100
AcDbAssocActionParam
 90
1
 90
0
  1
basePoint
100
AcDbAssocSingleDependencyActionParam
 90
0
330
0
100
AcDbAssocVertexActionParam
 90
0
 10
0.0
 20
0.0
 30
0.0
  0
ACDBASSOCARRAYACTIONBODY
  5
8A9
330
8A8
100
AcDbAssocActionBody
 90
2
100
AcDbAssocArrayActionBody
 90
1
  1
AcDbAssocArrayPolarParameters
 90
0
 90
24
  1
AcDbAssocArrayItem
100
AcDbAssocArrayItem
 90
0
 90
0
 90
0
 90
0
 90
8
 11
2510.543253086313
 21
1626.241823642674
 31
-32.5
330
8C4
100
AcDbAssocArrayItem
 90
0
 90
1
 90
0
 90
0
 90
12
 40
0.9659258262890688
 40
-0.2588190451025206
 40
0.0
 40
2509.69139874354
 40
0.2588190451025201
 40
0.9659258262890688
 40
0.0
 40
1632.712299770236
 40
0.0
 40
0.0
 40
1.0
 40
-32.5
 40
0.0
 40
0.0
 40
0.0
 40
1.0
330
8C5
100
AcDbAssocArrayItem
 90
0
 90
2
 90
0
 90
0
 90
12
 40
0.8660254037844397
 40
-0.4999999999999999
 40
0.0
 40
2507.193888180924
 40
0.4999999999999986
 40
0.866025403784439
 40
0.0
 40
1638.741823642674
 40
0.0
 40
0.0
 40
1.0
 40
-32.5
 40
0.0
 40
0.0
 40
0.0
 40
1.0
330
8C6
100
AcDbAssocArrayItem
 90
0
 90
3
 90
0
 90
0
 90
12
 40
0.7071067811865493
 40
-0.7071067811865475
 40
0.0
 40
2503.220922615976
 40
0.7071067811865462
 40
0.7071067811865479
 40
0.0
 40
1643.919493172337
 40
0.0
 40
0.0
 40
1.0
 40
-32.5
 40
0.0
 40
0.0
 40
0.0
 40
1.0
330
8C7
100
AcDbAssocArrayItem
 90
0
 90
4
 90
0
 90
0
 90
12
 40
0.5000000000000026
 40
-0.8660254037844385
 40
0.0
 40
2498.043253086313
 40
0.8660254037844376
 40
0.5000000000000006
 40
0.0
 40
1647.892458737285
 40
0.0
 40
0.0
 40
1.0
 40
-32.5
 40
0.0
 40
0.0
 40
0.0
 40
1.0
330
8C8
100
AcDbAssocArrayItem
 90
0
 90
5
 90
0
 90
0
 90
12
 40
0.2588190451025245
 40
-0.9659258262890684
 40
0.0
 40
2492.013729213876
 40
0.9659258262890675
 40
0.2588190451025211
 40
0.0
 40
1650.3899692999
 40
0.0
 40
0.0
 40
1.0
 40
-32.5
 40
0.0
 40
0.0
 40
0.0
 40
1.0
330
8C9
100
AcDbAssocArrayItem
 90
0
 90
6
 90
0
 90
0
 90
12
 40
4.7e-15
 40
-1.0
 40
0.0
 40
2485.543253086313
 40
1.0
 40
5e-16
 40
0.0
 40
1651.241823642674
 40
0.0
 40
0.0
 40
1.0
 40
-32.5
 40
0.0
 40
0.0
 40
0.0
 40
1.0
330
8CA
100
AcDbAssocArrayItem
 90
0
 90
7
 90
0
 90
0
 90
12
 40
-0.2588190451025161
 40
-0.9659258262890688
 40
0.0
 40
2479.07277695875
 40
0.9659258262890698
 40
-0.2588190451025205
 40
0.0
 40
1650.3899692999
 40
0.0
 40
0.0
 40
1.0
 40
-32.5
 40
0.0
 40
0.0
 40
0.0
 40
1.0
330
8CB
100
AcDbAssocArrayItem
 90
0
 90
8
 90
0
 90
0
 90
12
 40
-0.4999999999999955
 40
-0.866025403784439
 40
0.0
 40
2473.043253086313
 40
0.8660254037844415
 40
-0.4999999999999998
 40
0.0
 40
1647.892458737285
 40
0.0
 40
0.0
 40
1.0
 40
-32.5
 40
0.0
 40
0.0
 40
0.0
 40
1.0
330
8CC
100
AcDbAssocArrayItem
 90
0
 90
9
 90
0
 90
0
 90
12
 40
-0.7071067811865442
 40
-0.7071067811865479
 40
0.0
 40
2467.865583556649
 40
0.7071067811865513
 40
-0.7071067811865476
 40
0.0
 40
1643.919493172337
 40
0.0
 40
0.0
 40
1.0
 40
-32.5
 40
0.0
 40
0.0
 40
0.0
 40
1.0
330
8CD
100
AcDbAssocArrayItem
 90
0
 90
10
 90
0
 90
0
 90
12
 40
-0.8660254037844364
 40
-0.5000000000000002
 40
0.0
 40
2463.892617991702
 40
0.5000000000000047
 40
-0.8660254037844389
 40
0.0
 40
1638.741823642674
 40
0.0
 40
0.0
 40
1.0
 40
-32.5
 40
0.0
 40
0.0
 40
0.0
 40
1.0
330
8CE
100
AcDbAssocArrayItem
 90
0
 90
11
 90
0
 90
0
 90
12
 40
-0.965925826289067
 40
-0.2588190451025209
 40
0.0
 40
2461.395107429086
 40
0.2588190451025263
 40
-0.9659258262890684
 40
0.0
 40
1632.712299770236
 40
0.0
 40
0.0
 40
1.0
 40
-32.5
 40
0.0
 40
0.0
 40
0.0
 40
1.0
330
8CF
100
AcDbAssocArrayItem
 90
0
 90
12
 90
0
 90
0
 90
12
 40
-1.0
 40
-8e-16
 40
0.0
 40
2460.543253086313
 40
6.7e-15
 40
-1.0
 40
0.0
 40
1626.241823642674
 40
0.0
 40
0.0
 40
1.0
 40
-32.5
 40
0.0
 40
0.0
 40
0.0
 40
1.0
330
8D0
100
AcDbAssocArrayItem
 90
0
 90
13
 90
0
 90
0
 90
12
 40
-0.9659258262890702
 40
0.2588190451025202
 40
0.0
 40
2461.395107429086
 40
-0.2588190451025143
 40
-0.9659258262890688
 40
0.0
 40
1619.771347515111
 40
0.0
 40
0.0
 40
1.0
 40
-32.5
 40
0.0
 40
0.0
 40
0.0
 40
1.0
330
8D1
100
AcDbAssocArrayItem
 90
0
 90
14
 90
0
 90
0
 90
12
 40
-0.8660254037844421
 40
0.4999999999999997
 40
0.0
 40
2463.892617991702
 40
-0.4999999999999946
 40
-0.866025403784439
 40
0.0
 40
1613.741823642674
 40
0.0
 40
0.0
 40
1.0
 40
-32.5
 40
0.0
 40
0.0
 40
0.0
 40
1.0
330
8D2
100
AcDbAssocArrayItem
 90
0
 90
15
 90
0
 90
0
 90
12
 40
-0.7071067811865526
 40
0.7071067811865471
 40
0.0
 40
2467.865583556649
 40
-0.7071067811865428
 40
-0.707106781186548
 40
0.0
 40
1608.56415411301
 40
0.0
 40
0.0
 40
1.0
 40
-32.5
 40
0.0
 40
0.0
 40
0.0
 40
1.0
330
8D3
100
AcDbAssocArrayItem
 90
0
 90
16
 90
0
 90
0
 90
12
 40
-0.5000000000000071
 40
0.8660254037844385
 40
0.0
 40
2473.043253086313
 40
-0.8660254037844349
 40
-0.5000000000000007
 40
0.0
 40
1604.591188548063
 40
0.0
 40
0.0
 40
1.0
 40
-32.5
 40
0.0
 40
0.0
 40
0.0
 40
1.0
330
8D4
100
AcDbAssocArrayItem
 90
0
 90
17
 90
0
 90
0
 90
12
 40
-0.2588190451025291
 40
0.9659258262890684
 40
0.0
 40
2479.07277695875
 40
-0.9659258262890663
 40
-0.258819045102521
 40
0.0
 40
1602.093677985447
 40
0.0
 40
0.0
 40
1.0
 40
-32.5
 40
0.0
 40
0.0
 40
0.0
 40
1.0
330
8D5
100
AcDbAssocArrayItem
 90
0
 90
18
 90
0
 90
0
 90
12
 40
-9.1e-15
 40
1.0
 40
0.0
 40
2485.543253086313
 40
-1.0
 40
-4e-16
 40
0.0
 40
1601.241823642674
 40
0.0
 40
0.0
 40
1.0
 40
-32.5
 40
0.0
 40
0.0
 40
0.0
 40
1.0
330
8D6
100
AcDbAssocArrayItem
 90
0
 90
19
 90
0
 90
0
 90
12
 40
0.2588190451025115
 40
0.9659258262890688
 40
0.0
 40
2492.013729213876
 40
-0.9659258262890711
 40
0.2588190451025201
 40
0.0
 40
1602.093677985447
 40
0.0
 40
0.0
 40
1.0
 40
-32.5
 40
0.0
 40
0.0
 40
0.0
 40
1.0
330
8D7
100
AcDbAssocArrayItem
 90
0
 90
20
 90
0
 90
0
 90
12
 40
0.4999999999999921
 40
0.8660254037844389
 40
0.0
 40
2498.043253086313
 40
-0.8660254037844435
 40
0.5
 40
0.0
 40
1604.591188548063
 40
0.0
 40
0.0
 40
1.0
 40
-32.5
 40
0.0
 40
0.0
 40
0.0
 40
1.0
330
8D8
100
AcDbAssocArrayItem
 90
0
 90
21
 90
0
 90
0
 90
12
 40
0.7071067811865399
 40
0.7071067811865487
 40
0.0
 40
2503.220922615976
 40
-0.7071067811865555
 40
0.7071067811865467
 40
0.0
 40
1608.56415411301
 40
0.0
 40
0.0
 40
1.0
 40
-32.5
 40
0.0
 40
0.0
 40
0.0
 40
1.0
330
8D9
100
AcDbAssocArrayItem
 90
0
 90
22
 90
0
 90
0
 90
12
 40
0.866025403784434
 40
0.5
 40
0.0
 40
2507.193888180924
 40
-0.5000000000000089
 40
0.866025403784439
 40
0.0
 40
1613.741823642674
 40
0.0
 40
0.0
 40
1.0
 40
-32.5
 40
0.0
 40
0.0
 40
0.0
 40
1.0
330
8DA
100
AcDbAssocArrayItem
 90
0
 90
23
 90
0
 90
0
 90
12
 40
0.9659258262890656
 40
0.2588190451025218
 40
0.0
 40
2509.69139874354
 40
-0.2588190451025323
 40
0.9659258262890681
 40
0.0
 40
1619.771347515111
 40
0.0
 40
0.0
 40
1.0
 40
-32.5
 40
0.0
 40
0.0
 40
0.0
 40
1.0
330
8DB
 40
1.0
 40
0.0
 40
0.0
 40
4276.650434195681
 40
0.0
 40
1.0
 40
0.0
 40
679.5614047711883
 40
0.0
 40
0.0
 40
1.0
 40
-2020.0
 40
0.0
 40
0.0
 40
0.0
 40
1.0
  0
ACDBASSOCDEPENDENCY
  5
8AA
330
8A8
100
AcDbAssocDependency
 90
2
 90
0
290
0
290
1
290
1
290
1
 90
0
330
8C2
290
0
330
0
330
0
360
0
 90
1
  0
ACDBASSOCDEPENDENCY
  5
8AB
330
8A8
100
AcDbAssocDependency
 90
2
 90
0
290
1
290
0
290
1
290
1
 90
0
330
8BE
290
0
330
0
330
0
360
0
 90
2
  0
ACDBASSOCDEPENDENCY
  5
8AC
330
8A8
100
AcDbAssocDependency
 90
2
 90
0
290
1
290
1
290
1
290
1
 90
-2147483648
330
89C
290
0
330
0
330
0
360
0
 90
3
  0
ACDBASSOCVERTEXACTIONPARAM
  5
8AD
330
8A8
100
AcDbAssocActionParam
 90
1
 90
0
  1
BaseNormal
100
AcDbAssocSingleDependencyActionParam
 90
0
330
0
100
AcDbAssocVertexActionParam
 90
0
 10
0.0
 20
0.0
 30
1.0
  0
ACDBASSOCVERTEXACTIONPARAM
  5
8AE
330
8A8
100
AcDbAssocActionParam
 90
1
 90
0
  1
Origin
100
AcDbAssocSingleDependencyActionParam
 90
0
330
0
100
AcDbAssocVertexActionParam
 90
0
 10
2485.543253086313
 20
1626.241823642674
 30
-32.5
  0
ACDBASSOCVERTEXACTIONPARAM
  5
8AF
330
8A8
100
AcDbAssocActionParam
 90
1
 90
0
  1
basePoint
100
AcDbAssocSingleDependencyActionParam
 90
0
330
0
100
AcDbAssocVertexActionParam
 90
0
 10
0.0
 20
0.0
 30
0.0
  0
ACDBASSOCARRAYACTIONBODY
  5
8E7
330
8E6
100
AcDbAssocActionBody
 90
2
100
AcDbAssocArrayActionBody
 90
1
  1
AcDbAssocArrayPolarParameters
 90
0
 90
7
  1
AcDbAssocArrayItem
100
AcDbAssocArrayItem
 90
0
 90
0
 90
0
 90
0
 90
8
 11
2585.543253086314
 21
1600.874536331566
 31
-123.7874041846087
330
8FC
100
AcDbAssocArrayItem
 90
0
 90
1
 90
0
 90
0
 90
12
 40
0.6234898018587341
 40
-0.7818314824680295
 40
0.0
 40
2605.376196930949
 40
0.7818314824680295
 40
0.6234898018587341
 40
0.0
 40
1610.425578703378
 40
0.0
 40
0.0
 40
1.0
 40
-123.7874041846087
 40
0.0
 40
0.0
 40
0.0
 40
1.0
330
8FD
100
AcDbAssocArrayItem
 90
0
 90
2
 90
0
 90
0
 90
12
 40
-0.222520933956314
 40
-0.9749279121818236
 40
0.0
 40
2610.274529542248
 40
0.9749279121818236
 40
-0.2225209339563138
 40
0.0
 40
1631.88657610708
 40
0.0
 40
0.0
 40
1.0
 40
-123.7874041846087
 40
0.0
 40
0.0
 40
0.0
 40
1.0
330
8FE
100
AcDbAssocArrayItem
 90
0
 90
3
 90
0
 90
0
 90
12
 40
-0.9009688679024188
 40
-0.4338837391175589
 40
0.0
 40
2596.549706556126
 40
0.4338837391175585
 40
-0.9009688679024186
 40
0.0
 40
1649.096959773118
 40
0.0
 40
0.0
 40
1.0
 40
-123.7874041846087
 40
0.0
 40
0.0
 40
0.0
 40
1.0
330
8FF
100
AcDbAssocArrayItem
 90
0
 90
4
 90
0
 90
0
 90
12
 40
-0.9009688679024191
 40
0.4338837391175571
 40
0.0
 40
2574.536799616499
 40
-0.4338837391175577
 40
-0.9009688679024197
 40
0.0
 40
1649.096959773118
 40
0.0
 40
0.0
 40
1.0
 40
-123.7874041846087
 40
0.0
 40
0.0
 40
0.0
 40
1.0
330
900
100
AcDbAssocArrayItem
 90
0
 90
5
 90
0
 90
0
 90
12
 40
-0.2225209339563131
 40
0.9749279121818236
 40
0.0
 40
2560.811976630378
 40
-0.974927912181824
 40
-0.2225209339563142
 40
0.0
 40
1631.886576107079
 40
0.0
 40
0.0
 40
1.0
 40
-123.7874041846087
 40
0.0
 40
0.0
 40
0.0
 40
1.0
330
901
100
AcDbAssocArrayItem
 90
0
 90
6
 90
0
 90
0
 90
12
 40
0.6234898018587332
 40
0.7818314824680311
 40
0.0
 40
2565.710309241677
 40
-0.7818314824680302
 40
0.6234898018587323
 40
0.0
 40
1610.425578703377
 40
0.0
 40
0.0
 40
1.0
 40
-123.7874041846087
 40
0.0
 40
0.0
 40
0.0
 40
1.0
330
902
 40
1.0
 40
0.0
 40
0.0
 40
4326.650434195681
 40
0.0
 40
1.0
 40
0.0
 40
-70.43859522881189
 40
0.0
 40
0.0
 40
1.0
 40
-2617.5
 40
0.0
 40
0.0
 40
0.0
 40
1.0
  0
ACDBASSOCDEPENDENCY
  5
8E8
330
8E6
100
AcDbAssocDependency
 90
2
 90
0
290
0
290
1
290
1
290
1
 90
0
330
8FA
290
0
330
0
330
0
360
0
 90
1
  0
ACDBASSOCDEPENDENCY
  5
8E9
330
8E6
100
AcDbAssocDependency
 90
2
 90
0
290
1
290
0
290
1
290
1
 90
0
330
8F6
290
0
330
0
330
0
360
0
 90
2
  0
ACDBASSOCDEPENDENCY
  5
8EA
330
8E6
100
AcDbAssocDependency
 90
2
 90
0
290
1
290
1
290
1
290
1
 90
-2147483648
330
8E1
290
0
330
0
330
0
360
0
 90
3
  0
ACDBASSOCVERTEXACTIONPARAM
  5
8EB
330
8E6
100
AcDbAssocActionParam
 90
1
 90
0
  1
BaseNormal
100
AcDbAssocSingleDependencyActionParam
 90
0
330
0
100
AcDbAssocVertexActionParam
 90
0
 10
0.0
 20
0.0
 30
1.0
  0
ACDBASSOCVERTEXACTIONPARAM
  5
8EC
330
8E6
100
AcDbAssocActionParam
 90
1
 90
0
  1
Origin
100
AcDbAssocSingleDependencyActionParam
 90
0
330
0
100
AcDbAssocVertexActionParam
 90
0
 10
2585.543253086313
 20
1626.241823642674
 30
-123.7874041846087
  0
ACDBASSOCVERTEXACTIONPARAM
  5
8ED
330
8E6
100
AcDbAssocActionParam
 90
1
 90
0
  1
basePoint
100
AcDbAssocSingleDependencyActionParam
 90
0
330
0
100
AcDbAssocVertexActionParam
 90
0
 10
0.0
 20
0.0
 30
0.0
  0
ACDBASSOCARRAYACTIONBODY
  5
8EF
330
8EE
100
AcDbAssocActionBody
 90
2
100
AcDbAssocArrayActionBody
 90
1
  1
AcDbAssocArrayPolarParameters
 90
0
 90
24
  1
AcDbAssocArrayItem
100
AcDbAssocArrayItem
 90
0
 90
0
 90
0
 90
0
 90
8
 11
2510.543253086313
 21
1626.241823642674
 31
-32.5
330
90A
100
AcDbAssocArrayItem
 90
0
 90
1
 90
0
 90
0
 90
12
 40
0.9659258262890688
 40
-0.2588190451025206
 40
0.0
 40
2509.69139874354
 40
0.2588190451025201
 40
0.9659258262890688
 40
0.0
 40
1632.712299770236
 40
0.0
 40
0.0
 40
1.0
 40
-32.5
 40
0.0
 40
0.0
 40
0.0
 40
1.0
330
90B
100
AcDbAssocArrayItem
 90
0
 90
2
 90
0
 90
0
 90
12
 40
0.8660254037844397
 40
-0.4999999999999999
 40
0.0
 40
2507.193888180924
 40
0.4999999999999986
 40
0.866025403784439
 40
0.0
 40
1638.741823642674
 40
0.0
 40
0.0
 40
1.0
 40
-32.5
 40
0.0
 40
0.0
 40
0.0
 40
1.0
330
90C
100
AcDbAssocArrayItem
 90
0
 90
3
 90
0
 90
0
 90
12
 40
0.7071067811865493
 40
-0.7071067811865475
 40
0.0
 40
2503.220922615976
 40
0.7071067811865462
 40
0.7071067811865479
 40
0.0
 40
1643.919493172337
 40
0.0
 40
0.0
 40
1.0
 40
-32.5
 40
0.0
 40
0.0
 40
0.0
 40
1.0
330
90D
100
AcDbAssocArrayItem
 90
0
 90
4
 90
0
 90
0
 90
12
 40
0.5000000000000026
 40
-0.8660254037844385
 40
0.0
 40
2498.043253086313
 40
0.8660254037844376
 40
0.5000000000000006
 40
0.0
 40
1647.892458737285
 40
0.0
 40
0.0
 40
1.0
 40
-32.5
 40
0.0
 40
0.0
 40
0.0
 40
1.0
330
90E
100
AcDbAssocArrayItem
 90
0
 90
5
 90
0
 90
0
 90
12
 40
0.2588190451025245
 40
-0.9659258262890684
 40
0.0
 40
2492.013729213876
 40
0.9659258262890675
 40
0.2588190451025211
 40
0.0
 40
1650.3899692999
 40
0.0
 40
0.0
 40
1.0
 40
-32.5
 40
0.0
 40
0.0
 40
0.0
 40
1.0
330
90F
100
AcDbAssocArrayItem
 90
0
 90
6
 90
0
 90
0
 90
12
 40
4.7e-15
 40
-1.0
 40
0.0
 40
2485.543253086313
 40
1.0
 40
5e-16
 40
0.0
 40
1651.241823642674
 40
0.0
 40
0.0
 40
1.0
 40
-32.5
 40
0.0
 40
0.0
 40
0.0
 40
1.0
330
910
100
AcDbAssocArrayItem
 90
0
 90
7
 90
0
 90
0
 90
12
 40
-0.2588190451025161
 40
-0.9659258262890688
 40
0.0
 40
2479.07277695875
 40
0.9659258262890698
 40
-0.2588190451025205
 40
0.0
 40
1650.3899692999
 40
0.0
 40
0.0
 40
1.0
 40
-32.5
 40
0.0
 40
0.0
 40
0.0
 40
1.0
330
911
100
AcDbAssocArrayItem
 90
0
 90
8
 90
0
 90
0
 90
12
 40
-0.4999999999999955
 40
-0.866025403784439
 40
0.0
 40
2473.043253086313
 40
0.8660254037844415
 40
-0.4999999999999998
 40
0.0
 40
1647.892458737285
 40
0.0
 40
0.0
 40
1.0
 40
-32.5
 40
0.0
 40
0.0
 40
0.0
 40
1.0
330
912
100
AcDbAssocArrayItem
 90
0
 90
9
 90
0
 90
0
 90
12
 40
-0.7071067811865442
 40
-0.7071067811865479
 40
0.0
 40
2467.865583556649
 40
0.7071067811865513
 40
-0.7071067811865476
 40
0.0
 40
1643.919493172337
 40
0.0
 40
0.0
 40
1.0
 40
-32.5
 40
0.0
 40
0.0
 40
0.0
 40
1.0
330
913
100
AcDbAssocArrayItem
 90
0
 90
10
 90
0
 90
0
 90
12
 40
-0.8660254037844364
 40
-0.5000000000000002
 40
0.0
 40
2463.892617991702
 40
0.5000000000000047
 40
-0.8660254037844389
 40
0.0
 40
1638.741823642674
 40
0.0
 40
0.0
 40
1.0
 40
-32.5
 40
0.0
 40
0.0
 40
0.0
 40
1.0
330
914
100
AcDbAssocArrayItem
 90
0
 90
11
 90
0
 90
0
 90
12
 40
-0.965925826289067
 40
-0.2588190451025209
 40
0.0
 40
2461.395107429086
 40
0.2588190451025263
 40
-0.9659258262890684
 40
0.0
 40
1632.712299770236
 40
0.0
 40
0.0
 40
1.0
 40
-32.5
 40
0.0
 40
0.0
 40
0.0
 40
1.0
330
915
100
AcDbAssocArrayItem
 90
0
 90
12
 90
0
 90
0
 90
12
 40
-1.0
 40
-8e-16
 40
0.0
 40
2460.543253086313
 40
6.7e-15
 40
-1.0
 40
0.0
 40
1626.241823642674
 40
0.0
 40
0.0
 40
1.0
 40
-32.5
 40
0.0
 40
0.0
 40
0.0
 40
1.0
330
916
100
AcDbAssocArrayItem
 90
0
 90
13
 90
0
 90
0
 90
12
 40
-0.9659258262890702
 40
0.2588190451025202
 40
0.0
 40
2461.395107429086
 40
-0.2588190451025143
 40
-0.9659258262890688
 40
0.0
 40
1619.771347515111
 40
0.0
 40
0.0
 40
1.0
 40
-32.5
 40
0.0
 40
0.0
 40
0.0
 40
1.0
330
917
100
AcDbAssocArrayItem
 90
0
 90
14
 90
0
 90
0
 90
12
 40
-0.8660254037844421
 40
0.4999999999999997
 40
0.0
 40
2463.892617991702
 40
-0.4999999999999946
 40
-0.866025403784439
 40
0.0
 40
1613.741823642674
 40
0.0
 40
0.0
 40
1.0
 40
-32.5
 40
0.0
 40
0.0
 40
0.0
 40
1.0
330
918
100
AcDbAssocArrayItem
 90
0
 90
15
 90
0
 90
0
 90
12
 40
-0.7071067811865526
 40
0.7071067811865471
 40
0.0
 40
2467.865583556649
 40
-0.7071067811865428
 40
-0.707106781186548
 40
0.0
 40
1608.56415411301
 40
0.0
 40
0.0
 40
1.0
 40
-32.5
 40
0.0
 40
0.0
 40
0.0
 40
1.0
330
919
100
AcDbAssocArrayItem
 90
0
 90
16
 90
0
 90
0
 90
12
 40
-0.5000000000000071
 40
0.8660254037844385
 40
0.0
 40
2473.043253086313
 40
-0.8660254037844349
 40
-0.5000000000000007
 40
0.0
 40
1604.591188548063
 40
0.0
 40
0.0
 40
1.0
 40
-32.5
 40
0.0
 40
0.0
 40
0.0
 40
1.0
330
91A
100
AcDbAssocArrayItem
 90
0
 90
17
 90
0
 90
0
 90
12
 40
-0.2588190451025291
 40
0.9659258262890684
 40
0.0
 40
2479.07277695875
 40
-0.9659258262890663
 40
-0.258819045102521
 40
0.0
 40
1602.093677985447
 40
0.0
 40
0.0
 40
1.0
 40
-32.5
 40
0.0
 40
0.0
 40
0.0
 40
1.0
330
91B
100
AcDbAssocArrayItem
 90
0
 90
18
 90
0
 90
0
 90
12
 40
-9.1e-15
 40
1.0
 40
0.0
 40
2485.543253086313
 40
-1.0
 40
-4e-16
 40
0.0
 40
1601.241823642674
 40
0.0
 40
0.0
 40
1.0
 40
-32.5
 40
0.0
 40
0.0
 40
0.0
 40
1.0
330
91C
100
AcDbAssocArrayItem
 90
0
 90
19
 90
0
 90
0
 90
12
 40
0.2588190451025115
 40
0.9659258262890688
 40
0.0
 40
2492.013729213876
 40
-0.9659258262890711
 40
0.2588190451025201
 40
0.0
 40
1602.093677985447
 40
0.0
 40
0.0
 40
1.0
 40
-32.5
 40
0.0
 40
0.0
 40
0.0
 40
1.0
330
91D
100
AcDbAssocArrayItem
 90
0
 90
20
 90
0
 90
0
 90
12
 40
0.4999999999999921
 40
0.8660254037844389
 40
0.0
 40
2498.043253086313
 40
-0.8660254037844435
 40
0.5
 40
0.0
 40
1604.591188548063
 40
0.0
 40
0.0
 40
1.0
 40
-32.5
 40
0.0
 40
0.0
 40
0.0
 40
1.0
330
91E
100
AcDbAssocArrayItem
 90
0
 90
21
 90
0
 90
0
 90
12
 40
0.7071067811865399
 40
0.7071067811865487
 40
0.0
 40
2503.220922615976
 40
-0.7071067811865555
 40
0.7071067811865467
 40
0.0
 40
1608.56415411301
 40
0.0
 40
0.0
 40
1.0
 40
-32.5
 40
0.0
 40
0.0
 40
0.0
 40
1.0
330
91F
100
AcDbAssocArrayItem
 90
0
 90
22
 90
0
 90
0
 90
12
 40
0.866025403784434
 40
0.5
 40
0.0
 40
2507.193888180924
 40
-0.5000000000000089
 40
0.866025403784439
 40
0.0
 40
1613.741823642674
 40
0.0
 40
0.0
 40
1.0
 40
-32.5
 40
0.0
 40
0.0
 40
0.0
 40
1.0
330
920
100
AcDbAssocArrayItem
 90
0
 90
23
 90
0
 90
0
 90
12
 40
0.9659258262890656
 40
0.2588190451025218
 40
0.0
 40
2509.69139874354
 40
-0.2588190451025323
 40
0.9659258262890681
 40
0.0
 40
1619.771347515111
 40
0.0
 40
0.0
 40
1.0
 40
-32.5
 40
0.0
 40
0.0
 40
0.0
 40
1.0
330
921
 40
1.0
 40
0.0
 40
0.0
 40
4426.650434195681
 40
0.0
 40
1.0
 40
0.0
 40
-70.43859522881189
 40
0.0
 40
0.0
 40
1.0
 40
-2620.0
 40
0.0
 40
0.0
 40
0.0
 40
1.0
  0
ACDBASSOCDEPENDENCY
  5
8F0
330
8EE
100
AcDbAssocDependency
 90
2
 90
0
290
0
290
1
290
1
290
1
 90
0
330
908
290
0
330
0
330
0
360
0
 90
1
  0
ACDBASSOCDEPENDENCY
  5
8F1
330
8EE
100
AcDbAssocDependency
 90
2
 90
0
290
1
290
0
290
1
290
1
 90
0
330
904
290
0
330
0
330
0
360
0
 90
2
  0
ACDBASSOCDEPENDENCY
  5
8F2
330
8EE
100
AcDbAssocDependency
 90
2
 90
0
290
1
290
1
290
1
290
1
 90
-2147483648
330
8E2
290
0
330
0
330
0
360
0
 90
3
  0
ACDBASSOCVERTEXACTIONPARAM
  5
8F3
330
8EE
100
AcDbAssocActionParam
 90
1
 90
0
  1
BaseNormal
100
AcDbAssocSingleDependencyActionParam
 90
0
330
0
100
AcDbAssocVertexActionParam
 90
0
 10
0.0
 20
0.0
 30
1.0
  0
ACDBASSOCVERTEXACTIONPARAM
  5
8F4
330
8EE
100
AcDbAssocActionParam
 90
1
 90
0
  1
Origin
100
AcDbAssocSingleDependencyActionParam
 90
0
330
0
100
AcDbAssocVertexActionParam
 90
0
 10
2485.543253086313
 20
1626.241823642674
 30
-32.5
  0
ACDBASSOCVERTEXACTIONPARAM
  5
8F5
330
8EE
100
AcDbAssocActionParam
 90
1
 90
0
  1
basePoint
100
AcDbAssocSingleDependencyActionParam
 90
0
330
0
100
AcDbAssocVertexActionParam
 90
0
 10
0.0
 20
0.0
 30
0.0
  0
ACDBASSOCARRAYACTIONBODY
  5
92D
330
92C
100
AcDbAssocActionBody
 90
2
100
AcDbAssocArrayActionBody
 90
1
  1
AcDbAssocArrayPolarParameters
 90
0
 90
7
  1
AcDbAssocArrayItem
100
AcDbAssocArrayItem
 90
0
 90
0
 90
0
 90
0
 90
8
 11
2585.543253086314
 21
1600.874536331566
 31
-123.7874041846087
330
942
100
AcDbAssocArrayItem
 90
0
 90
1
 90
0
 90
0
 90
12
 40
0.6234898018587341
 40
-0.7818314824680295
 40
0.0
 40
2605.376196930949
 40
0.7818314824680295
 40
0.6234898018587341
 40
0.0
 40
1610.425578703378
 40
0.0
 40
0.0
 40
1.0
 40
-123.7874041846087
 40
0.0
 40
0.0
 40
0.0
 40
1.0
330
943
100
AcDbAssocArrayItem
 90
0
 90
2
 90
0
 90
0
 90
12
 40
-0.222520933956314
 40
-0.9749279121818236
 40
0.0
 40
2610.274529542248
 40
0.9749279121818236
 40
-0.2225209339563138
 40
0.0
 40
1631.88657610708
 40
0.0
 40
0.0
 40
1.0
 40
-123.7874041846087
 40
0.0
 40
0.0
 40
0.0
 40
1.0
330
944
100
AcDbAssocArrayItem
 90
0
 90
3
 90
0
 90
0
 90
12
 40
-0.9009688679024188
 40
-0.4338837391175589
 40
0.0
 40
2596.549706556126
 40
0.4338837391175585
 40
-0.9009688679024186
 40
0.0
 40
1649.096959773118
 40
0.0
 40
0.0
 40
1.0
 40
-123.7874041846087
 40
0.0
 40
0.0
 40
0.0
 40
1.0
330
945
100
AcDbAssocArrayItem
 90
0
 90
4
 90
0
 90
0
 90
12
 40
-0.9009688679024191
 40
0.4338837391175571
 40
0.0
 40
2574.536799616499
 40
-0.4338837391175577
 40
-0.9009688679024197
 40
0.0
 40
1649.096959773118
 40
0.0
 40
0.0
 40
1.0
 40
-123.7874041846087
 40
0.0
 40
0.0
 40
0.0
 40
1.0
330
946
100
AcDbAssocArrayItem
 90
0
 90
5
 90
0
 90
0
 90
12
 40
-0.2225209339563131
 40
0.9749279121818236
 40
0.0
 40
2560.811976630378
 40
-0.974927912181824
 40
-0.2225209339563142
 40
0.0
 40
1631.886576107079
 40
0.0
 40
0.0
 40
1.0
 40
-123.7874041846087
 40
0.0
 40
0.0
 40
0.0
 40
1.0
330
947
100
AcDbAssocArrayItem
 90
0
 90
6
 90
0
 90
0
 90
12
 40
0.6234898018587332
 40
0.7818314824680311
 40
0.0
 40
2565.710309241677
 40
-0.7818314824680302
 40
0.6234898018587323
 40
0.0
 40
1610.425578703377
 40
0.0
 40
0.0
 40
1.0
 40
-123.7874041846087
 40
0.0
 40
0.0
 40
0.0
 40
1.0
330
948
 40
1.0
 40
0.0
 40
0.0
 40
4326.650434195676
 40
0.0
 40
1.0
 40
0.0
 40
79.56140477118811
 40
0.0
 40
0.0
 40
1.0
 40
-2767.5
 40
0.0
 40
0.0
 40
0.0
 40
1.0
  0
ACDBASSOCDEPENDENCY
  5
92E
330
92C
100
AcDbAssocDependency
 90
2
 90
0
290
0
290
1
290
1
290
1
 90
0
330
940
290
0
330
0
330
0
360
0
 90
1
  0
ACDBASSOCDEPENDENCY
  5
92F
330
92C
100
AcDbAssocDependency
 90
2
 90
0
290
1
290
0
290
1
290
1
 90
0
330
93C
290
0
330
0
330
0
360
0
 90
2
  0
ACDBASSOCDEPENDENCY
  5
930
330
92C
100
AcDbAssocDependency
 90
2
 90
0
290
1
290
1
290
1
290
1
 90
-2147483648
330
927
290
0
330
0
330
0
360
0
 90
3
  0
ACDBASSOCVERTEXACTIONPARAM
  5
931
330
92C
100
AcDbAssocActionParam
 90
1
 90
0
  1
BaseNormal
100
AcDbAssocSingleDependencyActionParam
 90
0
330
0
100
AcDbAssocVertexActionParam
 90
0
 10
0.0
 20
0.0
 30
1.0
  0
ACDBASSOCVERTEXACTIONPARAM
  5
932
330
92C
100
AcDbAssocActionParam
 90
1
 90
0
  1
Origin
100
AcDbAssocSingleDependencyActionParam
 90
0
330
0
100
AcDbAssocVertexActionParam
 90
0
 10
2585.543253086313
 20
1626.241823642674
 30
-123.7874041846087
  0
ACDBASSOCVERTEXACTIONPARAM
  5
933
330
92C
100
AcDbAssocActionParam
 90
1
 90
0
  1
basePoint
100
AcDbAssocSingleDependencyActionParam
 90
0
330
0
100
AcDbAssocVertexActionParam
 90
0
 10
0.0
 20
0.0
 30
0.0
  0
ACDBASSOCARRAYACTIONBODY
  5
935
330
934
100
AcDbAssocActionBody
 90
2
100
AcDbAssocArrayActionBody
 90
1
  1
AcDbAssocArrayPolarParameters
 90
0
 90
24
  1
AcDbAssocArrayItem
100
AcDbAssocArrayItem
 90
0
 90
0
 90
0
 90
0
 90
8
 11
2510.543253086313
 21
1626.241823642674
 31
-32.5
330
950
100
AcDbAssocArrayItem
 90
0
 90
1
 90
0
 90
0
 90
12
 40
0.9659258262890688
 40
-0.2588190451025206
 40
0.0
 40
2509.69139874354
 40
0.2588190451025201
 40
0.9659258262890688
 40
0.0
 40
1632.712299770236
 40
0.0
 40
0.0
 40
1.0
 40
-32.5
 40
0.0
 40
0.0
 40
0.0
 40
1.0
330
951
100
AcDbAssocArrayItem
 90
0
 90
2
 90
0
 90
0
 90
12
 40
0.8660254037844397
 40
-0.4999999999999999
 40
0.0
 40
2507.193888180924
 40
0.4999999999999986
 40
0.866025403784439
 40
0.0
 40
1638.741823642674
 40
0.0
 40
0.0
 40
1.0
 40
-32.5
 40
0.0
 40
0.0
 40
0.0
 40
1.0
330
952
100
AcDbAssocArrayItem
 90
0
 90
3
 90
0
 90
0
 90
12
 40
0.7071067811865493
 40
-0.7071067811865475
 40
0.0
 40
2503.220922615976
 40
0.7071067811865462
 40
0.7071067811865479
 40
0.0
 40
1643.919493172337
 40
0.0
 40
0.0
 40
1.0
 40
-32.5
 40
0.0
 40
0.0
 40
0.0
 40
1.0
330
953
100
AcDbAssocArrayItem
 90
0
 90
4
 90
0
 90
0
 90
12
 40
0.5000000000000026
 40
-0.8660254037844385
 40
0.0
 40
2498.043253086313
 40
0.8660254037844376
 40
0.5000000000000006
 40
0.0
 40
1647.892458737285
 40
0.0
 40
0.0
 40
1.0
 40
-32.5
 40
0.0
 40
0.0
 40
0.0
 40
1.0
330
954
100
AcDbAssocArrayItem
 90
0
 90
5
 90
0
 90
0
 90
12
 40
0.2588190451025245
 40
-0.9659258262890684
 40
0.0
 40
2492.013729213876
 40
0.9659258262890675
 40
0.2588190451025211
 40
0.0
 40
1650.3899692999
 40
0.0
 40
0.0
 40
1.0
 40
-32.5
 40
0.0
 40
0.0
 40
0.0
 40
1.0
330
955
100
AcDbAssocArrayItem
 90
0
 90
6
 90
0
 90
0
 90
12
 40
4.7e-15
 40
-1.0
 40
0.0
 40
2485.543253086313
 40
1.0
 40
5e-16
 40
0.0
 40
1651.241823642674
 40
0.0
 40
0.0
 40
1.0
 40
-32.5
 40
0.0
 40
0.0
 40
0.0
 40
1.0
330
956
100
AcDbAssocArrayItem
 90
0
 90
7
 90
0
 90
0
 90
12
 40
-0.2588190451025161
 40
-0.9659258262890688
 40
0.0
 40
2479.07277695875
 40
0.9659258262890698
 40
-0.2588190451025205
 40
0.0
 40
1650.3899692999
 40
0.0
 40
0.0
 40
1.0
 40
-32.5
 40
0.0
 40
0.0
 40
0.0
 40
1.0
330
957
100
AcDbAssocArrayItem
 90
0
 90
8
 90
0
 90
0
 90
12
 40
-0.4999999999999955
 40
-0.866025403784439
 40
0.0
 40
2473.043253086313
 40
0.8660254037844415
 40
-0.4999999999999998
 40
0.0
 40
1647.892458737285
 40
0.0
 40
0.0
 40
1.0
 40
-32.5
 40
0.0
 40
0.0
 40
0.0
 40
1.0
330
958
100
AcDbAssocArrayItem
 90
0
 90
9
 90
0
 90
0
 90
12
 40
-0.7071067811865442
 40
-0.7071067811865479
 40
0.0
 40
2467.865583556649
 40
0.7071067811865513
 40
-0.7071067811865476
 40
0.0
 40
1643.919493172337
 40
0.0
 40
0.0
 40
1.0
 40
-32.5
 40
0.0
 40
0.0
 40
0.0
 40
1.0
330
959
100
AcDbAssocArrayItem
 90
0
 90
10
 90
0
 90
0
 90
12
 40
-0.8660254037844364
 40
-0.5000000000000002
 40
0.0
 40
2463.892617991702
 40
0.5000000000000047
 40
-0.8660254037844389
 40
0.0
 40
1638.741823642674
 40
0.0
 40
0.0
 40
1.0
 40
-32.5
 40
0.0
 40
0.0
 40
0.0
 40
1.0
330
95A
100
AcDbAssocArrayItem
 90
0
 90
11
 90
0
 90
0
 90
12
 40
-0.965925826289067
 40
-0.2588190451025209
 40
0.0
 40
2461.395107429086
 40
0.2588190451025263
 40
-0.9659258262890684
 40
0.0
 40
1632.712299770236
 40
0.0
 40
0.0
 40
1.0
 40
-32.5
 40
0.0
 40
0.0
 40
0.0
 40
1.0
330
95B
100
AcDbAssocArrayItem
 90
0
 90
12
 90
0
 90
0
 90
12
 40
-1.0
 40
-8e-16
 40
0.0
 40
2460.543253086313
 40
6.7e-15
 40
-1.0
 40
0.0
 40
1626.241823642674
 40
0.0
 40
0.0
 40
1.0
 40
-32.5
 40
0.0
 40
0.0
 40
0.0
 40
1.0
330
95C
100
AcDbAssocArrayItem
 90
0
 90
13
 90
0
 90
0
 90
12
 40
-0.9659258262890702
 40
0.2588190451025202
 40
0.0
 40
2461.395107429086
 40
-0.2588190451025143
 40
-0.9659258262890688
 40
0.0
 40
1619.771347515111
 40
0.0
 40
0.0
 40
1.0
 40
-32.5
 40
0.0
 40
0.0
 40
0.0
 40
1.0
330
95D
100
AcDbAssocArrayItem
 90
0
 90
14
 90
0
 90
0
 90
12
 40
-0.8660254037844421
 40
0.4999999999999997
 40
0.0
 40
2463.892617991702
 40
-0.4999999999999946
 40
-0.866025403784439
 40
0.0
 40
1613.741823642674
 40
0.0
 40
0.0
 40
1.0
 40
-32.5
 40
0.0
 40
0.0
 40
0.0
 40
1.0
330
95E
100
AcDbAssocArrayItem
 90
0
 90
15
 90
0
 90
0
 90
12
 40
-0.7071067811865526
 40
0.7071067811865471
 40
0.0
 40
2467.865583556649
 40
-0.7071067811865428
 40
-0.707106781186548
 40
0.0
 40
1608.56415411301
 40
0.0
 40
0.0
 40
1.0
 40
-32.5
 40
0.0
 40
0.0
 40
0.0
 40
1.0
330
95F
100
AcDbAssocArrayItem
 90
0
 90
16
 90
0
 90
0
 90
12
 40
-0.5000000000000071
 40
0.8660254037844385
 40
0.0
 40
2473.043253086313
 40
-0.8660254037844349
 40
-0.5000000000000007
 40
0.0
 40
1604.591188548063
 40
0.0
 40
0.0
 40
1.0
 40
-32.5
 40
0.0
 40
0.0
 40
0.0
 40
1.0
330
960
100
AcDbAssocArrayItem
 90
0
 90
17
 90
0
 90
0
 90
12
 40
-0.2588190451025291
 40
0.9659258262890684
 40
0.0
 40
2479.07277695875
 40
-0.9659258262890663
 40
-0.258819045102521
 40
0.0
 40
1602.093677985447
 40
0.0
 40
0.0
 40
1.0
 40
-32.5
 40
0.0
 40
0.0
 40
0.0
 40
1.0
330
961
100
AcDbAssocArrayItem
 90
0
 90
18
 90
0
 90
0
 90
12
 40
-9.1e-15
 40
1.0
 40
0.0
 40
2485.543253086313
 40
-1.0
 40
-4e-16
 40
0.0
 40
1601.241823642674
 40
0.0
 40
0.0
 40
1.0
 40
-32.5
 40
0.0
 40
0.0
 40
0.0
 40
1.0
330
962
100
AcDbAssocArrayItem
 90
0
 90
19
 90
0
 90
0
 90
12
 40
0.2588190451025115
 40
0.9659258262890688
 40
0.0
 40
2492.013729213876
 40
-0.9659258262890711
 40
0.2588190451025201
 40
0.0
 40
1602.093677985447
 40
0.0
 40
0.0
 40
1.0
 40
-32.5
 40
0.0
 40
0.0
 40
0.0
 40
1.0
330
963
100
AcDbAssocArrayItem
 90
0
 90
20
 90
0
 90
0
 90
12
 40
0.4999999999999921
 40
0.8660254037844389
 40
0.0
 40
2498.043253086313
 40
-0.8660254037844435
 40
0.5
 40
0.0
 40
1604.591188548063
 40
0.0
 40
0.0
 40
1.0
 40
-32.5
 40
0.0
 40
0.0
 40
0.0
 40
1.0
330
964
100
AcDbAssocArrayItem
 90
0
 90
21
 90
0
 90
0
 90
12
 40
0.7071067811865399
 40
0.7071067811865487
 40
0.0
 40
2503.220922615976
 40
-0.7071067811865555
 40
0.7071067811865467
 40
0.0
 40
1608.56415411301
 40
0.0
 40
0.0
 40
1.0
 40
-32.5
 40
0.0
 40
0.0
 40
0.0
 40
1.0
330
965
100
AcDbAssocArrayItem
 90
0
 90
22
 90
0
 90
0
 90
12
 40
0.866025403784434
 40
0.5
 40
0.0
 40
2507.193888180924
 40
-0.5000000000000089
 40
0.866025403784439
 40
0.0
 40
1613.741823642674
 40
0.0
 40
0.0
 40
1.0
 40
-32.5
 40
0.0
 40
0.0
 40
0.0
 40
1.0
330
966
100
AcDbAssocArrayItem
 90
0
 90
23
 90
0
 90
0
 90
12
 40
0.9659258262890656
 40
0.2588190451025218
 40
0.0
 40
2509.69139874354
 40
-0.2588190451025323
 40
0.9659258262890681
 40
0.0
 40
1619.771347515111
 40
0.0
 40
0.0
 40
1.0
 40
-32.5
 40
0.0
 40
0.0
 40
0.0
 40
1.0
330
967
 40
1.0
 40
0.0
 40
0.0
 40
4426.650434195677
 40
0.0
 40
1.0
 40
0.0
 40
79.56140477118811
 40
0.0
 40
0.0
 40
1.0
 40
-2770.0
 40
0.0
 40
0.0
 40
0.0
 40
1.0
  0
ACDBASSOCDEPENDENCY
  5
936
330
934
100
AcDbAssocDependency
 90
2
 90
0
290
0
290
1
290
1
290
1
 90
0
330
94E
290
0
330
0
330
0
360
0
 90
1
  0
ACDBASSOCDEPENDENCY
  5
937
330
934
100
AcDbAssocDependency
 90
2
 90
0
290
1
290
0
290
1
290
1
 90
0
330
94A
290
0
330
0
330
0
360
0
 90
2
  0
ACDBASSOCDEPENDENCY
  5
938
330
934
100
AcDbAssocDependency
 90
2
 90
0
290
1
290
1
290
1
290
1
 90
-2147483648
330
928
290
0
330
0
330
0
360
0
 90
3
  0
ACDBASSOCVERTEXACTIONPARAM
  5
939
330
934
100
AcDbAssocActionParam
 90
1
 90
0
  1
BaseNormal
100
AcDbAssocSingleDependencyActionParam
 90
0
330
0
100
AcDbAssocVertexActionParam
 90
0
 10
0.0
 20
0.0
 30
1.0
  0
ACDBASSOCVERTEXACTIONPARAM
  5
93A
330
934
100
AcDbAssocActionParam
 90
1
 90
0
  1
Origin
100
AcDbAssocSingleDependencyActionParam
 90
0
330
0
100
AcDbAssocVertexActionParam
 90
0
 10
2485.543253086313
 20
1626.241823642674
 30
-32.5
  0
ACDBASSOCVERTEXACTIONPARAM
  5
93B
330
934
100
AcDbAssocActionParam
 90
1
 90
0
  1
basePoint
100
AcDbAssocSingleDependencyActionParam
 90
0
330
0
100
AcDbAssocVertexActionParam
 90
0
 10
0.0
 20
0.0
 30
0.0
  0
ACDBASSOCARRAYACTIONBODY
  5
973
330
972
100
AcDbAssocActionBody
 90
2
100
AcDbAssocArrayActionBody
 90
1
  1
AcDbAssocArrayPolarParameters
 90
0
 90
7
  1
AcDbAssocArrayItem
100
AcDbAssocArrayItem
 90
0
 90
0
 90
0
 90
0
 90
8
 11
2585.543253086314
 21
1600.874536331566
 31
-123.7874041846087
330
988
100
AcDbAssocArrayItem
 90
0
 90
1
 90
0
 90
0
 90
12
 40
0.6234898018587341
 40
-0.7818314824680295
 40
0.0
 40
2605.376196930949
 40
0.7818314824680295
 40
0.6234898018587341
 40
0.0
 40
1610.425578703378
 40
0.0
 40
0.0
 40
1.0
 40
-123.7874041846087
 40
0.0
 40
0.0
 40
0.0
 40
1.0
330
989
100
AcDbAssocArrayItem
 90
0
 90
2
 90
0
 90
0
 90
12
 40
-0.222520933956314
 40
-0.9749279121818236
 40
0.0
 40
2610.274529542248
 40
0.9749279121818236
 40
-0.2225209339563138
 40
0.0
 40
1631.88657610708
 40
0.0
 40
0.0
 40
1.0
 40
-123.7874041846087
 40
0.0
 40
0.0
 40
0.0
 40
1.0
330
98A
100
AcDbAssocArrayItem
 90
0
 90
3
 90
0
 90
0
 90
12
 40
-0.9009688679024188
 40
-0.4338837391175589
 40
0.0
 40
2596.549706556126
 40
0.4338837391175585
 40
-0.9009688679024186
 40
0.0
 40
1649.096959773118
 40
0.0
 40
0.0
 40
1.0
 40
-123.7874041846087
 40
0.0
 40
0.0
 40
0.0
 40
1.0
330
98B
100
AcDbAssocArrayItem
 90
0
 90
4
 90
0
 90
0
 90
12
 40
-0.9009688679024191
 40
0.4338837391175571
 40
0.0
 40
2574.536799616499
 40
-0.4338837391175577
 40
-0.9009688679024197
 40
0.0
 40
1649.096959773118
 40
0.0
 40
0.0
 40
1.0
 40
-123.7874041846087
 40
0.0
 40
0.0
 40
0.0
 40
1.0
330
98C
100
AcDbAssocArrayItem
 90
0
 90
5
 90
0
 90
0
 90
12
 40
-0.2225209339563131
 40
0.9749279121818236
 40
0.0
 40
2560.811976630378
 40
-0.974927912181824
 40
-0.2225209339563142
 40
0.0
 40
1631.886576107079
 40
0.0
 40
0.0
 40
1.0
 40
-123.7874041846087
 40
0.0
 40
0.0
 40
0.0
 40
1.0
330
98D
100
AcDbAssocArrayItem
 90
0
 90
6
 90
0
 90
0
 90
12
 40
0.6234898018587332
 40
0.7818314824680311
 40
0.0
 40
2565.710309241677
 40
-0.7818314824680302
 40
0.6234898018587323
 40
0.0
 40
1610.425578703377
 40
0.0
 40
0.0
 40
1.0
 40
-123.7874041846087
 40
0.0
 40
0.0
 40
0.0
 40
1.0
330
98E
 40
1.0
 40
0.0
 40
0.0
 40
4326.650434195676
 40
0.0
 40
1.0
 40
0.0
 40
229.5614047711881
 40
0.0
 40
0.0
 40
1.0
 40
-2917.5
 40
0.0
 40
0.0
 40
0.0
 40
1.0
  0
ACDBASSOCDEPENDENCY
  5
974
330
972
100
AcDbAssocDependency
 90
2
 90
0
290
0
290
1
290
1
290
1
 90
0
330
986
290
0
330
0
330
0
360
0
 90
1
  0
ACDBASSOCDEPENDENCY
  5
975
330
972
100
AcDbAssocDependency
 90
2
 90
0
290
1
290
0
290
1
290
1
 90
0
330
982
290
0
330
0
330
0
360
0
 90
2
  0
ACDBASSOCDEPENDENCY
  5
976
330
972
100
AcDbAssocDependency
 90
2
 90
0
290
1
290
1
290
1
290
1
 90
-2147483648
330
96D
290
0
330
0
330
0
360
0
 90
3
  0
ACDBASSOCVERTEXACTIONPARAM
  5
977
330
972
100
AcDbAssocActionParam
 90
1
 90
0
  1
BaseNormal
100
AcDbAssocSingleDependencyActionParam
 90
0
330
0
100
AcDbAssocVertexActionParam
 90
0
 10
0.0
 20
0.0
 30
1.0
  0
ACDBASSOCVERTEXACTIONPARAM
  5
978
330
972
100
AcDbAssocActionParam
 90
1
 90
0
  1
Origin
100
AcDbAssocSingleDependencyActionParam
 90
0
330
0
100
AcDbAssocVertexActionParam
 90
0
 10
2585.543253086313
 20
1626.241823642674
 30
-123.7874041846087
  0
ACDBASSOCVERTEXACTIONPARAM
  5
979
330
972
100
AcDbAssocActionParam
 90
1
 90
0
  1
basePoint
100
AcDbAssocSingleDependencyActionParam
 90
0
330
0
100
AcDbAssocVertexActionParam
 90
0
 10
0.0
 20
0.0
 30
0.0
  0
ACDBASSOCARRAYACTIONBODY
  5
97B
330
97A
100
AcDbAssocActionBody
 90
2
100
AcDbAssocArrayActionBody
 90
1
  1
AcDbAssocArrayPolarParameters
 90
0
 90
24
  1
AcDbAssocArrayItem
100
AcDbAssocArrayItem
 90
0
 90
0
 90
0
 90
0
 90
8
 11
2510.543253086313
 21
1626.241823642674
 31
-32.5
330
996
100
AcDbAssocArrayItem
 90
0
 90
1
 90
0
 90
0
 90
12
 40
0.9659258262890688
 40
-0.2588190451025206
 40
0.0
 40
2509.69139874354
 40
0.2588190451025201
 40
0.9659258262890688
 40
0.0
 40
1632.712299770236
 40
0.0
 40
0.0
 40
1.0
 40
-32.5
 40
0.0
 40
0.0
 40
0.0
 40
1.0
330
997
100
AcDbAssocArrayItem
 90
0
 90
2
 90
0
 90
0
 90
12
 40
0.8660254037844397
 40
-0.4999999999999999
 40
0.0
 40
2507.193888180924
 40
0.4999999999999986
 40
0.866025403784439
 40
0.0
 40
1638.741823642674
 40
0.0
 40
0.0
 40
1.0
 40
-32.5
 40
0.0
 40
0.0
 40
0.0
 40
1.0
330
998
100
AcDbAssocArrayItem
 90
0
 90
3
 90
0
 90
0
 90
12
 40
0.7071067811865493
 40
-0.7071067811865475
 40
0.0
 40
2503.220922615976
 40
0.7071067811865462
 40
0.7071067811865479
 40
0.0
 40
1643.919493172337
 40
0.0
 40
0.0
 40
1.0
 40
-32.5
 40
0.0
 40
0.0
 40
0.0
 40
1.0
330
999
100
AcDbAssocArrayItem
 90
0
 90
4
 90
0
 90
0
 90
12
 40
0.5000000000000026
 40
-0.8660254037844385
 40
0.0
 40
2498.043253086313
 40
0.8660254037844376
 40
0.5000000000000006
 40
0.0
 40
1647.892458737285
 40
0.0
 40
0.0
 40
1.0
 40
-32.5
 40
0.0
 40
0.0
 40
0.0
 40
1.0
330
99A
100
AcDbAssocArrayItem
 90
0
 90
5
 90
0
 90
0
 90
12
 40
0.2588190451025245
 40
-0.9659258262890684
 40
0.0
 40
2492.013729213876
 40
0.9659258262890675
 40
0.2588190451025211
 40
0.0
 40
1650.3899692999
 40
0.0
 40
0.0
 40
1.0
 40
-32.5
 40
0.0
 40
0.0
 40
0.0
 40
1.0
330
99B
100
AcDbAssocArrayItem
 90
0
 90
6
 90
0
 90
0
 90
12
 40
4.7e-15
 40
-1.0
 40
0.0
 40
2485.543253086313
 40
1.0
 40
5e-16
 40
0.0
 40
1651.241823642674
 40
0.0
 40
0.0
 40
1.0
 40
-32.5
 40
0.0
 40
0.0
 40
0.0
 40
1.0
330
99C
100
AcDbAssocArrayItem
 90
0
 90
7
 90
0
 90
0
 90
12
 40
-0.2588190451025161
 40
-0.9659258262890688
 40
0.0
 40
2479.07277695875
 40
0.9659258262890698
 40
-0.2588190451025205
 40
0.0
 40
1650.3899692999
 40
0.0
 40
0.0
 40
1.0
 40
-32.5
 40
0.0
 40
0.0
 40
0.0
 40
1.0
330
99D
100
AcDbAssocArrayItem
 90
0
 90
8
 90
0
 90
0
 90
12
 40
-0.4999999999999955
 40
-0.866025403784439
 40
0.0
 40
2473.043253086313
 40
0.8660254037844415
 40
-0.4999999999999998
 40
0.0
 40
1647.892458737285
 40
0.0
 40
0.0
 40
1.0
 40
-32.5
 40
0.0
 40
0.0
 40
0.0
 40
1.0
330
99E
100
AcDbAssocArrayItem
 90
0
 90
9
 90
0
 90
0
 90
12
 40
-0.7071067811865442
 40
-0.7071067811865479
 40
0.0
 40
2467.865583556649
 40
0.7071067811865513
 40
-0.7071067811865476
 40
0.0
 40
1643.919493172337
 40
0.0
 40
0.0
 40
1.0
 40
-32.5
 40
0.0
 40
0.0
 40
0.0
 40
1.0
330
99F
100
AcDbAssocArrayItem
 90
0
 90
10
 90
0
 90
0
 90
12
 40
-0.8660254037844364
 40
-0.5000000000000002
 40
0.0
 40
2463.892617991702
 40
0.5000000000000047
 40
-0.8660254037844389
 40
0.0
 40
1638.741823642674
 40
0.0
 40
0.0
 40
1.0
 40
-32.5
 40
0.0
 40
0.0
 40
0.0
 40
1.0
330
9A0
100
AcDbAssocArrayItem
 90
0
 90
11
 90
0
 90
0
 90
12
 40
-0.965925826289067
 40
-0.2588190451025209
 40
0.0
 40
2461.395107429086
 40
0.2588190451025263
 40
-0.9659258262890684
 40
0.0
 40
1632.712299770236
 40
0.0
 40
0.0
 40
1.0
 40
-32.5
 40
0.0
 40
0.0
 40
0.0
 40
1.0
330
9A1
100
AcDbAssocArrayItem
 90
0
 90
12
 90
0
 90
0
 90
12
 40
-1.0
 40
-8e-16
 40
0.0
 40
2460.543253086313
 40
6.7e-15
 40
-1.0
 40
0.0
 40
1626.241823642674
 40
0.0
 40
0.0
 40
1.0
 40
-32.5
 40
0.0
 40
0.0
 40
0.0
 40
1.0
330
9A2
100
AcDbAssocArrayItem
 90
0
 90
13
 90
0
 90
0
 90
12
 40
-0.9659258262890702
 40
0.2588190451025202
 40
0.0
 40
2461.395107429086
 40
-0.2588190451025143
 40
-0.9659258262890688
 40
0.0
 40
1619.771347515111
 40
0.0
 40
0.0
 40
1.0
 40
-32.5
 40
0.0
 40
0.0
 40
0.0
 40
1.0
330
9A3
100
AcDbAssocArrayItem
 90
0
 90
14
 90
0
 90
0
 90
12
 40
-0.8660254037844421
 40
0.4999999999999997
 40
0.0
 40
2463.892617991702
 40
-0.4999999999999946
 40
-0.866025403784439
 40
0.0
 40
1613.741823642674
 40
0.0
 40
0.0
 40
1.0
 40
-32.5
 40
0.0
 40
0.0
 40
0.0
 40
1.0
330
9A4
100
AcDbAssocArrayItem
 90
0
 90
15
 90
0
 90
0
 90
12
 40
-0.7071067811865526
 40
0.7071067811865471
 40
0.0
 40
2467.865583556649
 40
-0.7071067811865428
 40
-0.707106781186548
 40
0.0
 40
1608.56415411301
 40
0.0
 40
0.0
 40
1.0
 40
-32.5
 40
0.0
 40
0.0
 40
0.0
 40
1.0
330
9A5
100
AcDbAssocArrayItem
 90
0
 90
16
 90
0
 90
0
 90
12
 40
-0.5000000000000071
 40
0.8660254037844385
 40
0.0
 40
2473.043253086313
 40
-0.8660254037844349
 40
-0.5000000000000007
 40
0.0
 40
1604.591188548063
 40
0.0
 40
0.0
 40
1.0
 40
-32.5
 40
0.0
 40
0.0
 40
0.0
 40
1.0
330
9A6
100
AcDbAssocArrayItem
 90
0
 90
17
 90
0
 90
0
 90
12
 40
-0.2588190451025291
 40
0.9659258262890684
 40
0.0
 40
2479.07277695875
 40
-0.9659258262890663
 40
-0.258819045102521
 40
0.0
 40
1602.093677985447
 40
0.0
 40
0.0
 40
1.0
 40
-32.5
 40
0.0
 40
0.0
 40
0.0
 40
1.0
330
9A7
100
AcDbAssocArrayItem
 90
0
 90
18
 90
0
 90
0
 90
12
 40
-9.1e-15
 40
1.0
 40
0.0
 40
2485.543253086313
 40
-1.0
 40
-4e-16
 40
0.0
 40
1601.241823642674
 40
0.0
 40
0.0
 40
1.0
 40
-32.5
 40
0.0
 40
0.0
 40
0.0
 40
1.0
330
9A8
100
AcDbAssocArrayItem
 90
0
 90
19
 90
0
 90
0
 90
12
 40
0.2588190451025115
 40
0.9659258262890688
 40
0.0
 40
2492.013729213876
 40
-0.9659258262890711
 40
0.2588190451025201
 40
0.0
 40
1602.093677985447
 40
0.0
 40
0.0
 40
1.0
 40
-32.5
 40
0.0
 40
0.0
 40
0.0
 40
1.0
330
9A9
100
AcDbAssocArrayItem
 90
0
 90
20
 90
0
 90
0
 90
12
 40
0.4999999999999921
 40
0.8660254037844389
 40
0.0
 40
2498.043253086313
 40
-0.8660254037844435
 40
0.5
 40
0.0
 40
1604.591188548063
 40
0.0
 40
0.0
 40
1.0
 40
-32.5
 40
0.0
 40
0.0
 40
0.0
 40
1.0
330
9AA
100
AcDbAssocArrayItem
 90
0
 90
21
 90
0
 90
0
 90
12
 40
0.7071067811865399
 40
0.7071067811865487
 40
0.0
 40
2503.220922615976
 40
-0.7071067811865555
 40
0.7071067811865467
 40
0.0
 40
1608.56415411301
 40
0.0
 40
0.0
 40
1.0
 40
-32.5
 40
0.0
 40
0.0
 40
0.0
 40
1.0
330
9AB
100
AcDbAssocArrayItem
 90
0
 90
22
 90
0
 90
0
 90
12
 40
0.866025403784434
 40
0.5
 40
0.0
 40
2507.193888180924
 40
-0.5000000000000089
 40
0.866025403784439
 40
0.0
 40
1613.741823642674
 40
0.0
 40
0.0
 40
1.0
 40
-32.5
 40
0.0
 40
0.0
 40
0.0
 40
1.0
330
9AC
100
AcDbAssocArrayItem
 90
0
 90
23
 90
0
 90
0
 90
12
 40
0.9659258262890656
 40
0.2588190451025218
 40
0.0
 40
2509.69139874354
 40
-0.2588190451025323
 40
0.9659258262890681
 40
0.0
 40
1619.771347515111
 40
0.0
 40
0.0
 40
1.0
 40
-32.5
 40
0.0
 40
0.0
 40
0.0
 40
1.0
330
9AD
 40
1.0
 40
0.0
 40
0.0
 40
4426.650434195677
 40
0.0
 40
1.0
 40
0.0
 40
229.5614047711881
 40
0.0
 40
0.0
 40
1.0
 40
-2920.0
 40
0.0
 40
0.0
 40
0.0
 40
1.0
  0
ACDBASSOCDEPENDENCY
  5
97C
330
97A
100
AcDbAssocDependency
 90
2
 90
0
290
0
290
1
290
1
290
1
 90
0
330
994
290
0
330
0
330
0
360
0
 90
1
  0
ACDBASSOCDEPENDENCY
  5
97D
330
97A
100
AcDbAssocDependency
 90
2
 90
0
290
1
290
0
290
1
290
1
 90
0
330
990
290
0
330
0
330
0
360
0
 90
2
  0
ACDBASSOCDEPENDENCY
  5
97E
330
97A
100
AcDbAssocDependency
 90
2
 90
0
290
1
290
1
290
1
290
1
 90
-2147483648
330
96E
290
0
330
0
330
0
360
0
 90
3
  0
ACDBASSOCVERTEXACTIONPARAM
  5
97F
330
97A
100
AcDbAssocActionParam
 90
1
 90
0
  1
BaseNormal
100
AcDbAssocSingleDependencyActionParam
 90
0
330
0
100
AcDbAssocVertexActionParam
 90
0
 10
0.0
 20
0.0
 30
1.0
  0
ACDBASSOCVERTEXACTIONPARAM
  5
980
330
97A
100
AcDbAssocActionParam
 90
1
 90
0
  1
Origin
100
AcDbAssocSingleDependencyActionParam
 90
0
330
0
100
AcDbAssocVertexActionParam
 90
0
 10
2485.543253086313
 20
1626.241823642674
 30
-32.5
  0
ACDBASSOCVERTEXACTIONPARAM
  5
981
330
97A
100
AcDbAssocActionParam
 90
1
 90
0
  1
basePoint
100
AcDbAssocSingleDependencyActionParam
 90
0
330
0
100
AcDbAssocVertexActionParam
 90
0
 10
0.0
 20
0.0
 30
0.0
  0
ACDBASSOCARRAYACTIONBODY
  5
9B9
330
9B8
100
AcDbAssocActionBody
 90
2
100
AcDbAssocArrayActionBody
 90
1
  1
AcDbAssocArrayPolarParameters
 90
0
 90
7
  1
AcDbAssocArrayItem
100
AcDbAssocArrayItem
 90
0
 90
0
 90
0
 90
0
 90
8
 11
2585.543253086314
 21
1600.874536331566
 31
-123.7874041846087
330
9CE
100
AcDbAssocArrayItem
 90
0
 90
1
 90
0
 90
0
 90
12
 40
0.6234898018587341
 40
-0.7818314824680295
 40
0.0
 40
2605.376196930949
 40
0.7818314824680295
 40
0.6234898018587341
 40
0.0
 40
1610.425578703378
 40
0.0
 40
0.0
 40
1.0
 40
-123.7874041846087
 40
0.0
 40
0.0
 40
0.0
 40
1.0
330
9CF
100
AcDbAssocArrayItem
 90
0
 90
2
 90
0
 90
0
 90
12
 40
-0.222520933956314
 40
-0.9749279121818236
 40
0.0
 40
2610.274529542248
 40
0.9749279121818236
 40
-0.2225209339563138
 40
0.0
 40
1631.88657610708
 40
0.0
 40
0.0
 40
1.0
 40
-123.7874041846087
 40
0.0
 40
0.0
 40
0.0
 40
1.0
330
9D0
100
AcDbAssocArrayItem
 90
0
 90
3
 90
0
 90
0
 90
12
 40
-0.9009688679024188
 40
-0.4338837391175589
 40
0.0
 40
2596.549706556126
 40
0.4338837391175585
 40
-0.9009688679024186
 40
0.0
 40
1649.096959773118
 40
0.0
 40
0.0
 40
1.0
 40
-123.7874041846087
 40
0.0
 40
0.0
 40
0.0
 40
1.0
330
9D1
100
AcDbAssocArrayItem
 90
0
 90
4
 90
0
 90
0
 90
12
 40
-0.9009688679024191
 40
0.4338837391175571
 40
0.0
 40
2574.536799616499
 40
-0.4338837391175577
 40
-0.9009688679024197
 40
0.0
 40
1649.096959773118
 40
0.0
 40
0.0
 40
1.0
 40
-123.7874041846087
 40
0.0
 40
0.0
 40
0.0
 40
1.0
330
9D2
100
AcDbAssocArrayItem
 90
0
 90
5
 90
0
 90
0
 90
12
 40
-0.2225209339563131
 40
0.9749279121818236
 40
0.0
 40
2560.811976630378
 40
-0.974927912181824
 40
-0.2225209339563142
 40
0.0
 40
1631.886576107079
 40
0.0
 40
0.0
 40
1.0
 40
-123.7874041846087
 40
0.0
 40
0.0
 40
0.0
 40
1.0
330
9D3
100
AcDbAssocArrayItem
 90
0
 90
6
 90
0
 90
0
 90
12
 40
0.6234898018587332
 40
0.7818314824680311
 40
0.0
 40
2565.710309241677
 40
-0.7818314824680302
 40
0.6234898018587323
 40
0.0
 40
1610.425578703377
 40
0.0
 40
0.0
 40
1.0
 40
-123.7874041846087
 40
0.0
 40
0.0
 40
0.0
 40
1.0
330
9D4
 40
1.0
 40
0.0
 40
0.0
 40
4326.650434195681
 40
0.0
 40
1.0
 40
0.0
 40
379.5614047711881
 40
0.0
 40
0.0
 40
1.0
 40
-3067.5
 40
0.0
 40
0.0
 40
0.0
 40
1.0
  0
ACDBASSOCDEPENDENCY
  5
9BA
330
9B8
100
AcDbAssocDependency
 90
2
 90
0
290
0
290
1
290
1
290
1
 90
0
330
9CC
290
0
330
0
330
0
360
0
 90
1
  0
ACDBASSOCDEPENDENCY
  5
9BB
330
9B8
100
AcDbAssocDependency
 90
2
 90
0
290
1
290
0
290
1
290
1
 90
0
330
9C8
290
0
330
0
330
0
360
0
 90
2
  0
ACDBASSOCDEPENDENCY
  5
9BC
330
9B8
100
AcDbAssocDependency
 90
2
 90
0
290
1
290
1
290
1
290
1
 90
-2147483648
330
9B3
290
0
330
0
330
0
360
0
 90
3
  0
ACDBASSOCVERTEXACTIONPARAM
  5
9BD
330
9B8
100
AcDbAssocActionParam
 90
1
 90
0
  1
BaseNormal
100
AcDbAssocSingleDependencyActionParam
 90
0
330
0
100
AcDbAssocVertexActionParam
 90
0
 10
0.0
 20
0.0
 30
1.0
  0
ACDBASSOCVERTEXACTIONPARAM
  5
9BE
330
9B8
100
AcDbAssocActionParam
 90
1
 90
0
  1
Origin
100
AcDbAssocSingleDependencyActionParam
 90
0
330
0
100
AcDbAssocVertexActionParam
 90
0
 10
2585.543253086313
 20
1626.241823642674
 30
-123.7874041846087
  0
ACDBASSOCVERTEXACTIONPARAM
  5
9BF
330
9B8
100
AcDbAssocActionParam
 90
1
 90
0
  1
basePoint
100
AcDbAssocSingleDependencyActionParam
 90
0
330
0
100
AcDbAssocVertexActionParam
 90
0
 10
0.0
 20
0.0
 30
0.0
  0
ACDBASSOCARRAYACTIONBODY
  5
9C1
330
9C0
100
AcDbAssocActionBody
 90
2
100
AcDbAssocArrayActionBody
 90
1
  1
AcDbAssocArrayPolarParameters
 90
0
 90
24
  1
AcDbAssocArrayItem
100
AcDbAssocArrayItem
 90
0
 90
0
 90
0
 90
0
 90
8
 11
2510.543253086313
 21
1626.241823642674
 31
-32.5
330
9DC
100
AcDbAssocArrayItem
 90
0
 90
1
 90
0
 90
0
 90
12
 40
0.9659258262890688
 40
-0.2588190451025206
 40
0.0
 40
2509.69139874354
 40
0.2588190451025201
 40
0.9659258262890688
 40
0.0
 40
1632.712299770236
 40
0.0
 40
0.0
 40
1.0
 40
-32.5
 40
0.0
 40
0.0
 40
0.0
 40
1.0
330
9DD
100
AcDbAssocArrayItem
 90
0
 90
2
 90
0
 90
0
 90
12
 40
0.8660254037844397
 40
-0.4999999999999999
 40
0.0
 40
2507.193888180924
 40
0.4999999999999986
 40
0.866025403784439
 40
0.0
 40
1638.741823642674
 40
0.0
 40
0.0
 40
1.0
 40
-32.5
 40
0.0
 40
0.0
 40
0.0
 40
1.0
330
9DE
100
AcDbAssocArrayItem
 90
0
 90
3
 90
0
 90
0
 90
12
 40
0.7071067811865493
 40
-0.7071067811865475
 40
0.0
 40
2503.220922615976
 40
0.7071067811865462
 40
0.7071067811865479
 40
0.0
 40
1643.919493172337
 40
0.0
 40
0.0
 40
1.0
 40
-32.5
 40
0.0
 40
0.0
 40
0.0
 40
1.0
330
9DF
100
AcDbAssocArrayItem
 90
0
 90
4
 90
0
 90
0
 90
12
 40
0.5000000000000026
 40
-0.8660254037844385
 40
0.0
 40
2498.043253086313
 40
0.8660254037844376
 40
0.5000000000000006
 40
0.0
 40
1647.892458737285
 40
0.0
 40
0.0
 40
1.0
 40
-32.5
 40
0.0
 40
0.0
 40
0.0
 40
1.0
330
9E0
100
AcDbAssocArrayItem
 90
0
 90
5
 90
0
 90
0
 90
12
 40
0.2588190451025245
 40
-0.9659258262890684
 40
0.0
 40
2492.013729213876
 40
0.9659258262890675
 40
0.2588190451025211
 40
0.0
 40
1650.3899692999
 40
0.0
 40
0.0
 40
1.0
 40
-32.5
 40
0.0
 40
0.0
 40
0.0
 40
1.0
330
9E1
100
AcDbAssocArrayItem
 90
0
 90
6
 90
0
 90
0
 90
12
 40
4.7e-15
 40
-1.0
 40
0.0
 40
2485.543253086313
 40
1.0
 40
5e-16
 40
0.0
 40
1651.241823642674
 40
0.0
 40
0.0
 40
1.0
 40
-32.5
 40
0.0
 40
0.0
 40
0.0
 40
1.0
330
9E2
100
AcDbAssocArrayItem
 90
0
 90
7
 90
0
 90
0
 90
12
 40
-0.2588190451025161
 40
-0.9659258262890688
 40
0.0
 40
2479.07277695875
 40
0.9659258262890698
 40
-0.2588190451025205
 40
0.0
 40
1650.3899692999
 40
0.0
 40
0.0
 40
1.0
 40
-32.5
 40
0.0
 40
0.0
 40
0.0
 40
1.0
330
9E3
100
AcDbAssocArrayItem
 90
0
 90
8
 90
0
 90
0
 90
12
 40
-0.4999999999999955
 40
-0.866025403784439
 40
0.0
 40
2473.043253086313
 40
0.8660254037844415
 40
-0.4999999999999998
 40
0.0
 40
1647.892458737285
 40
0.0
 40
0.0
 40
1.0
 40
-32.5
 40
0.0
 40
0.0
 40
0.0
 40
1.0
330
9E4
100
AcDbAssocArrayItem
 90
0
 90
9
 90
0
 90
0
 90
12
 40
-0.7071067811865442
 40
-0.7071067811865479
 40
0.0
 40
2467.865583556649
 40
0.7071067811865513
 40
-0.7071067811865476
 40
0.0
 40
1643.919493172337
 40
0.0
 40
0.0
 40
1.0
 40
-32.5
 40
0.0
 40
0.0
 40
0.0
 40
1.0
330
9E5
100
AcDbAssocArrayItem
 90
0
 90
10
 90
0
 90
0
 90
12
 40
-0.8660254037844364
 40
-0.5000000000000002
 40
0.0
 40
2463.892617991702
 40
0.5000000000000047
 40
-0.8660254037844389
 40
0.0
 40
1638.741823642674
 40
0.0
 40
0.0
 40
1.0
 40
-32.5
 40
0.0
 40
0.0
 40
0.0
 40
1.0
330
9E6
100
AcDbAssocArrayItem
 90
0
 90
11
 90
0
 90
0
 90
12
 40
-0.965925826289067
 40
-0.2588190451025209
 40
0.0
 40
2461.395107429086
 40
0.2588190451025263
 40
-0.9659258262890684
 40
0.0
 40
1632.712299770236
 40
0.0
 40
0.0
 40
1.0
 40
-32.5
 40
0.0
 40
0.0
 40
0.0
 40
1.0
330
9E7
100
AcDbAssocArrayItem
 90
0
 90
12
 90
0
 90
0
 90
12
 40
-1.0
 40
-8e-16
 40
0.0
 40
2460.543253086313
 40
6.7e-15
 40
-1.0
 40
0.0
 40
1626.241823642674
 40
0.0
 40
0.0
 40
1.0
 40
-32.5
 40
0.0
 40
0.0
 40
0.0
 40
1.0
330
9E8
100
AcDbAssocArrayItem
 90
0
 90
13
 90
0
 90
0
 90
12
 40
-0.9659258262890702
 40
0.2588190451025202
 40
0.0
 40
2461.395107429086
 40
-0.2588190451025143
 40
-0.9659258262890688
 40
0.0
 40
1619.771347515111
 40
0.0
 40
0.0
 40
1.0
 40
-32.5
 40
0.0
 40
0.0
 40
0.0
 40
1.0
330
9E9
100
AcDbAssocArrayItem
 90
0
 90
14
 90
0
 90
0
 90
12
 40
-0.8660254037844421
 40
0.4999999999999997
 40
0.0
 40
2463.892617991702
 40
-0.4999999999999946
 40
-0.866025403784439
 40
0.0
 40
1613.741823642674
 40
0.0
 40
0.0
 40
1.0
 40
-32.5
 40
0.0
 40
0.0
 40
0.0
 40
1.0
330
9EA
100
AcDbAssocArrayItem
 90
0
 90
15
 90
0
 90
0
 90
12
 40
-0.7071067811865526
 40
0.7071067811865471
 40
0.0
 40
2467.865583556649
 40
-0.7071067811865428
 40
-0.707106781186548
 40
0.0
 40
1608.56415411301
 40
0.0
 40
0.0
 40
1.0
 40
-32.5
 40
0.0
 40
0.0
 40
0.0
 40
1.0
330
9EB
100
AcDbAssocArrayItem
 90
0
 90
16
 90
0
 90
0
 90
12
 40
-0.5000000000000071
 40
0.8660254037844385
 40
0.0
 40
2473.043253086313
 40
-0.8660254037844349
 40
-0.5000000000000007
 40
0.0
 40
1604.591188548063
 40
0.0
 40
0.0
 40
1.0
 40
-32.5
 40
0.0
 40
0.0
 40
0.0
 40
1.0
330
9EC
100
AcDbAssocArrayItem
 90
0
 90
17
 90
0
 90
0
 90
12
 40
-0.2588190451025291
 40
0.9659258262890684
 40
0.0
 40
2479.07277695875
 40
-0.9659258262890663
 40
-0.258819045102521
 40
0.0
 40
1602.093677985447
 40
0.0
 40
0.0
 40
1.0
 40
-32.5
 40
0.0
 40
0.0
 40
0.0
 40
1.0
330
9ED
100
AcDbAssocArrayItem
 90
0
 90
18
 90
0
 90
0
 90
12
 40
-9.1e-15
 40
1.0
 40
0.0
 40
2485.543253086313
 40
-1.0
 40
-4e-16
 40
0.0
 40
1601.241823642674
 40
0.0
 40
0.0
 40
1.0
 40
-32.5
 40
0.0
 40
0.0
 40
0.0
 40
1.0
330
9EE
100
AcDbAssocArrayItem
 90
0
 90
19
 90
0
 90
0
 90
12
 40
0.2588190451025115
 40
0.9659258262890688
 40
0.0
 40
2492.013729213876
 40
-0.9659258262890711
 40
0.2588190451025201
 40
0.0
 40
1602.093677985447
 40
0.0
 40
0.0
 40
1.0
 40
-32.5
 40
0.0
 40
0.0
 40
0.0
 40
1.0
330
9EF
100
AcDbAssocArrayItem
 90
0
 90
20
 90
0
 90
0
 90
12
 40
0.4999999999999921
 40
0.8660254037844389
 40
0.0
 40
2498.043253086313
 40
-0.8660254037844435
 40
0.5
 40
0.0
 40
1604.591188548063
 40
0.0
 40
0.0
 40
1.0
 40
-32.5
 40
0.0
 40
0.0
 40
0.0
 40
1.0
330
9F0
100
AcDbAssocArrayItem
 90
0
 90
21
 90
0
 90
0
 90
12
 40
0.7071067811865399
 40
0.7071067811865487
 40
0.0
 40
2503.220922615976
 40
-0.7071067811865555
 40
0.7071067811865467
 40
0.0
 40
1608.56415411301
 40
0.0
 40
0.0
 40
1.0
 40
-32.5
 40
0.0
 40
0.0
 40
0.0
 40
1.0
330
9F1
100
AcDbAssocArrayItem
 90
0
 90
22
 90
0
 90
0
 90
12
 40
0.866025403784434
 40
0.5
 40
0.0
 40
2507.193888180924
 40
-0.5000000000000089
 40
0.866025403784439
 40
0.0
 40
1613.741823642674
 40
0.0
 40
0.0
 40
1.0
 40
-32.5
 40
0.0
 40
0.0
 40
0.0
 40
1.0
330
9F2
100
AcDbAssocArrayItem
 90
0
 90
23
 90
0
 90
0
 90
12
 40
0.9659258262890656
 40
0.2588190451025218
 40
0.0
 40
2509.69139874354
 40
-0.2588190451025323
 40
0.9659258262890681
 40
0.0
 40
1619.771347515111
 40
0.0
 40
0.0
 40
1.0
 40
-32.5
 40
0.0
 40
0.0
 40
0.0
 40
1.0
330
9F3
 40
1.0
 40
0.0
 40
0.0
 40
4426.650434195681
 40
0.0
 40
1.0
 40
0.0
 40
379.5614047711881
 40
0.0
 40
0.0
 40
1.0
 40
-3070.0
 40
0.0
 40
0.0
 40
0.0
 40
1.0
  0
ACDBASSOCDEPENDENCY
  5
9C2
330
9C0
100
AcDbAssocDependency
 90
2
 90
0
290
0
290
1
290
1
290
1
 90
0
330
9DA
290
0
330
0
330
0
360
0
 90
1
  0
ACDBASSOCDEPENDENCY
  5
9C3
330
9C0
100
AcDbAssocDependency
 90
2
 90
0
290
1
290
0
290
1
290
1
 90
0
330
9D6
290
0
330
0
330
0
360
0
 90
2
  0
ACDBASSOCDEPENDENCY
  5
9C4
330
9C0
100
AcDbAssocDependency
 90
2
 90
0
290
1
290
1
290
1
290
1
 90
-2147483648
330
9B4
290
0
330
0
330
0
360
0
 90
3
  0
ACDBASSOCVERTEXACTIONPARAM
  5
9C5
330
9C0
100
AcDbAssocActionParam
 90
1
 90
0
  1
BaseNormal
100
AcDbAssocSingleDependencyActionParam
 90
0
330
0
100
AcDbAssocVertexActionParam
 90
0
 10
0.0
 20
0.0
 30
1.0
  0
ACDBASSOCVERTEXACTIONPARAM
  5
9C6
330
9C0
100
AcDbAssocActionParam
 90
1
 90
0
  1
Origin
100
AcDbAssocSingleDependencyActionParam
 90
0
330
0
100
AcDbAssocVertexActionParam
 90
0
 10
2485.543253086313
 20
1626.241823642674
 30
-32.5
  0
ACDBASSOCVERTEXACTIONPARAM
  5
9C7
330
9C0
100
AcDbAssocActionParam
 90
1
 90
0
  1
basePoint
100
AcDbAssocSingleDependencyActionParam
 90
0
330
0
100
AcDbAssocVertexActionParam
 90
0
 10
0.0
 20
0.0
 30
0.0
  0
ACDBASSOCARRAYACTIONBODY
  5
9FF
330
9FE
100
AcDbAssocActionBody
 90
2
100
AcDbAssocArrayActionBody
 90
1
  1
AcDbAssocArrayPolarParameters
 90
0
 90
7
  1
AcDbAssocArrayItem
100
AcDbAssocArrayItem
 90
0
 90
0
 90
0
 90
0
 90
8
 11
2585.543253086314
 21
1600.874536331566
 31
-123.7874041846087
330
A14
100
AcDbAssocArrayItem
 90
0
 90
1
 90
0
 90
0
 90
12
 40
0.6234898018587341
 40
-0.7818314824680295
 40
0.0
 40
2605.376196930949
 40
0.7818314824680295
 40
0.6234898018587341
 40
0.0
 40
1610.425578703378
 40
0.0
 40
0.0
 40
1.0
 40
-123.7874041846087
 40
0.0
 40
0.0
 40
0.0
 40
1.0
330
A15
100
AcDbAssocArrayItem
 90
0
 90
2
 90
0
 90
0
 90
12
 40
-0.222520933956314
 40
-0.9749279121818236
 40
0.0
 40
2610.274529542248
 40
0.9749279121818236
 40
-0.2225209339563138
 40
0.0
 40
1631.88657610708
 40
0.0
 40
0.0
 40
1.0
 40
-123.7874041846087
 40
0.0
 40
0.0
 40
0.0
 40
1.0
330
A16
100
AcDbAssocArrayItem
 90
0
 90
3
 90
0
 90
0
 90
12
 40
-0.9009688679024188
 40
-0.4338837391175589
 40
0.0
 40
2596.549706556126
 40
0.4338837391175585
 40
-0.9009688679024186
 40
0.0
 40
1649.096959773118
 40
0.0
 40
0.0
 40
1.0
 40
-123.7874041846087
 40
0.0
 40
0.0
 40
0.0
 40
1.0
330
A17
100
AcDbAssocArrayItem
 90
0
 90
4
 90
0
 90
0
 90
12
 40
-0.9009688679024191
 40
0.4338837391175571
 40
0.0
 40
2574.536799616499
 40
-0.4338837391175577
 40
-0.9009688679024197
 40
0.0
 40
1649.096959773118
 40
0.0
 40
0.0
 40
1.0
 40
-123.7874041846087
 40
0.0
 40
0.0
 40
0.0
 40
1.0
330
A18
100
AcDbAssocArrayItem
 90
0
 90
5
 90
0
 90
0
 90
12
 40
-0.2225209339563131
 40
0.9749279121818236
 40
0.0
 40
2560.811976630378
 40
-0.974927912181824
 40
-0.2225209339563142
 40
0.0
 40
1631.886576107079
 40
0.0
 40
0.0
 40
1.0
 40
-123.7874041846087
 40
0.0
 40
0.0
 40
0.0
 40
1.0
330
A19
100
AcDbAssocArrayItem
 90
0
 90
6
 90
0
 90
0
 90
12
 40
0.6234898018587332
 40
0.7818314824680311
 40
0.0
 40
2565.710309241677
 40
-0.7818314824680302
 40
0.6234898018587323
 40
0.0
 40
1610.425578703377
 40
0.0
 40
0.0
 40
1.0
 40
-123.7874041846087
 40
0.0
 40
0.0
 40
0.0
 40
1.0
330
A1A
 40
1.0
 40
0.0
 40
0.0
 40
4326.650434195681
 40
0.0
 40
1.0
 40
0.0
 40
529.5614047711883
 40
0.0
 40
0.0
 40
1.0
 40
-3217.5
 40
0.0
 40
0.0
 40
0.0
 40
1.0
  0
ACDBASSOCDEPENDENCY
  5
A00
330
9FE
100
AcDbAssocDependency
 90
2
 90
0
290
0
290
1
290
1
290
1
 90
0
330
A12
290
0
330
0
330
0
360
0
 90
1
  0
ACDBASSOCDEPENDENCY
  5
A01
330
9FE
100
AcDbAssocDependency
 90
2
 90
0
290
1
290
0
290
1
290
1
 90
0
330
A0E
290
0
330
0
330
0
360
0
 90
2
  0
ACDBASSOCDEPENDENCY
  5
A02
330
9FE
100
AcDbAssocDependency
 90
2
 90
0
290
1
290
1
290
1
290
1
 90
-2147483648
330
9F9
290
0
330
0
330
0
360
0
 90
3
  0
ACDBASSOCVERTEXACTIONPARAM
  5
A03
330
9FE
100
AcDbAssocActionParam
 90
1
 90
0
  1
BaseNormal
100
AcDbAssocSingleDependencyActionParam
 90
0
330
0
100
AcDbAssocVertexActionParam
 90
0
 10
0.0
 20
0.0
 30
1.0
  0
ACDBASSOCVERTEXACTIONPARAM
  5
A04
330
9FE
100
AcDbAssocActionParam
 90
1
 90
0
  1
Origin
100
AcDbAssocSingleDependencyActionParam
 90
0
330
0
100
AcDbAssocVertexActionParam
 90
0
 10
2585.543253086313
 20
1626.241823642674
 30
-123.7874041846087
  0
ACDBASSOCVERTEXACTIONPARAM
  5
A05
330
9FE
100
AcDbAssocActionParam
 90
1
 90
0
  1
basePoint
100
AcDbAssocSingleDependencyActionParam
 90
0
330
0
100
AcDbAssocVertexActionParam
 90
0
 10
0.0
 20
0.0
 30
0.0
  0
ACDBASSOCARRAYACTIONBODY
  5
A07
330
A06
100
AcDbAssocActionBody
 90
2
100
AcDbAssocArrayActionBody
 90
1
  1
AcDbAssocArrayPolarParameters
 90
0
 90
24
  1
AcDbAssocArrayItem
100
AcDbAssocArrayItem
 90
0
 90
0
 90
0
 90
0
 90
8
 11
2510.543253086313
 21
1626.241823642674
 31
-32.5
330
A22
100
AcDbAssocArrayItem
 90
0
 90
1
 90
0
 90
0
 90
12
 40
0.9659258262890688
 40
-0.2588190451025206
 40
0.0
 40
2509.69139874354
 40
0.2588190451025201
 40
0.9659258262890688
 40
0.0
 40
1632.712299770236
 40
0.0
 40
0.0
 40
1.0
 40
-32.5
 40
0.0
 40
0.0
 40
0.0
 40
1.0
330
A23
100
AcDbAssocArrayItem
 90
0
 90
2
 90
0
 90
0
 90
12
 40
0.8660254037844397
 40
-0.4999999999999999
 40
0.0
 40
2507.193888180924
 40
0.4999999999999986
 40
0.866025403784439
 40
0.0
 40
1638.741823642674
 40
0.0
 40
0.0
 40
1.0
 40
-32.5
 40
0.0
 40
0.0
 40
0.0
 40
1.0
330
A24
100
AcDbAssocArrayItem
 90
0
 90
3
 90
0
 90
0
 90
12
 40
0.7071067811865493
 40
-0.7071067811865475
 40
0.0
 40
2503.220922615976
 40
0.7071067811865462
 40
0.7071067811865479
 40
0.0
 40
1643.919493172337
 40
0.0
 40
0.0
 40
1.0
 40
-32.5
 40
0.0
 40
0.0
 40
0.0
 40
1.0
330
A25
100
AcDbAssocArrayItem
 90
0
 90
4
 90
0
 90
0
 90
12
 40
0.5000000000000026
 40
-0.8660254037844385
 40
0.0
 40
2498.043253086313
 40
0.8660254037844376
 40
0.5000000000000006
 40
0.0
 40
1647.892458737285
 40
0.0
 40
0.0
 40
1.0
 40
-32.5
 40
0.0
 40
0.0
 40
0.0
 40
1.0
330
A26
100
AcDbAssocArrayItem
 90
0
 90
5
 90
0
 90
0
 90
12
 40
0.2588190451025245
 40
-0.9659258262890684
 40
0.0
 40
2492.013729213876
 40
0.9659258262890675
 40
0.2588190451025211
 40
0.0
 40
1650.3899692999
 40
0.0
 40
0.0
 40
1.0
 40
-32.5
 40
0.0
 40
0.0
 40
0.0
 40
1.0
330
A27
100
AcDbAssocArrayItem
 90
0
 90
6
 90
0
 90
0
 90
12
 40
4.7e-15
 40
-1.0
 40
0.0
 40
2485.543253086313
 40
1.0
 40
5e-16
 40
0.0
 40
1651.241823642674
 40
0.0
 40
0.0
 40
1.0
 40
-32.5
 40
0.0
 40
0.0
 40
0.0
 40
1.0
330
A28
100
AcDbAssocArrayItem
 90
0
 90
7
 90
0
 90
0
 90
12
 40
-0.2588190451025161
 40
-0.9659258262890688
 40
0.0
 40
2479.07277695875
 40
0.9659258262890698
 40
-0.2588190451025205
 40
0.0
 40
1650.3899692999
 40
0.0
 40
0.0
 40
1.0
 40
-32.5
 40
0.0
 40
0.0
 40
0.0
 40
1.0
330
A29
100
AcDbAssocArrayItem
 90
0
 90
8
 90
0
 90
0
 90
12
 40
-0.4999999999999955
 40
-0.866025403784439
 40
0.0
 40
2473.043253086313
 40
0.8660254037844415
 40
-0.4999999999999998
 40
0.0
 40
1647.892458737285
 40
0.0
 40
0.0
 40
1.0
 40
-32.5
 40
0.0
 40
0.0
 40
0.0
 40
1.0
330
A2A
100
AcDbAssocArrayItem
 90
0
 90
9
 90
0
 90
0
 90
12
 40
-0.7071067811865442
 40
-0.7071067811865479
 40
0.0
 40
2467.865583556649
 40
0.7071067811865513
 40
-0.7071067811865476
 40
0.0
 40
1643.919493172337
 40
0.0
 40
0.0
 40
1.0
 40
-32.5
 40
0.0
 40
0.0
 40
0.0
 40
1.0
330
A2B
100
AcDbAssocArrayItem
 90
0
 90
10
 90
0
 90
0
 90
12
 40
-0.8660254037844364
 40
-0.5000000000000002
 40
0.0
 40
2463.892617991702
 40
0.5000000000000047
 40
-0.8660254037844389
 40
0.0
 40
1638.741823642674
 40
0.0
 40
0.0
 40
1.0
 40
-32.5
 40
0.0
 40
0.0
 40
0.0
 40
1.0
330
A2C
100
AcDbAssocArrayItem
 90
0
 90
11
 90
0
 90
0
 90
12
 40
-0.965925826289067
 40
-0.2588190451025209
 40
0.0
 40
2461.395107429086
 40
0.2588190451025263
 40
-0.9659258262890684
 40
0.0
 40
1632.712299770236
 40
0.0
 40
0.0
 40
1.0
 40
-32.5
 40
0.0
 40
0.0
 40
0.0
 40
1.0
330
A2D
100
AcDbAssocArrayItem
 90
0
 90
12
 90
0
 90
0
 90
12
 40
-1.0
 40
-8e-16
 40
0.0
 40
2460.543253086313
 40
6.7e-15
 40
-1.0
 40
0.0
 40
1626.241823642674
 40
0.0
 40
0.0
 40
1.0
 40
-32.5
 40
0.0
 40
0.0
 40
0.0
 40
1.0
330
A2E
100
AcDbAssocArrayItem
 90
0
 90
13
 90
0
 90
0
 90
12
 40
-0.9659258262890702
 40
0.2588190451025202
 40
0.0
 40
2461.395107429086
 40
-0.2588190451025143
 40
-0.9659258262890688
 40
0.0
 40
1619.771347515111
 40
0.0
 40
0.0
 40
1.0
 40
-32.5
 40
0.0
 40
0.0
 40
0.0
 40
1.0
330
A2F
100
AcDbAssocArrayItem
 90
0
 90
14
 90
0
 90
0
 90
12
 40
-0.8660254037844421
 40
0.4999999999999997
 40
0.0
 40
2463.892617991702
 40
-0.4999999999999946
 40
-0.866025403784439
 40
0.0
 40
1613.741823642674
 40
0.0
 40
0.0
 40
1.0
 40
-32.5
 40
0.0
 40
0.0
 40
0.0
 40
1.0
330
A30
100
AcDbAssocArrayItem
 90
0
 90
15
 90
0
 90
0
 90
12
 40
-0.7071067811865526
 40
0.7071067811865471
 40
0.0
 40
2467.865583556649
 40
-0.7071067811865428
 40
-0.707106781186548
 40
0.0
 40
1608.56415411301
 40
0.0
 40
0.0
 40
1.0
 40
-32.5
 40
0.0
 40
0.0
 40
0.0
 40
1.0
330
A31
100
AcDbAssocArrayItem
 90
0
 90
16
 90
0
 90
0
 90
12
 40
-0.5000000000000071
 40
0.8660254037844385
 40
0.0
 40
2473.043253086313
 40
-0.8660254037844349
 40
-0.5000000000000007
 40
0.0
 40
1604.591188548063
 40
0.0
 40
0.0
 40
1.0
 40
-32.5
 40
0.0
 40
0.0
 40
0.0
 40
1.0
330
A32
100
AcDbAssocArrayItem
 90
0
 90
17
 90
0
 90
0
 90
12
 40
-0.2588190451025291
 40
0.9659258262890684
 40
0.0
 40
2479.07277695875
 40
-0.9659258262890663
 40
-0.258819045102521
 40
0.0
 40
1602.093677985447
 40
0.0
 40
0.0
 40
1.0
 40
-32.5
 40
0.0
 40
0.0
 40
0.0
 40
1.0
330
A33
100
AcDbAssocArrayItem
 90
0
 90
18
 90
0
 90
0
 90
12
 40
-9.1e-15
 40
1.0
 40
0.0
 40
2485.543253086313
 40
-1.0
 40
-4e-16
 40
0.0
 40
1601.241823642674
 40
0.0
 40
0.0
 40
1.0
 40
-32.5
 40
0.0
 40
0.0
 40
0.0
 40
1.0
330
A34
100
AcDbAssocArrayItem
 90
0
 90
19
 90
0
 90
0
 90
12
 40
0.2588190451025115
 40
0.9659258262890688
 40
0.0
 40
2492.013729213876
 40
-0.9659258262890711
 40
0.2588190451025201
 40
0.0
 40
1602.093677985447
 40
0.0
 40
0.0
 40
1.0
 40
-32.5
 40
0.0
 40
0.0
 40
0.0
 40
1.0
330
A35
100
AcDbAssocArrayItem
 90
0
 90
20
 90
0
 90
0
 90
12
 40
0.4999999999999921
 40
0.8660254037844389
 40
0.0
 40
2498.043253086313
 40
-0.8660254037844435
 40
0.5
 40
0.0
 40
1604.591188548063
 40
0.0
 40
0.0
 40
1.0
 40
-32.5
 40
0.0
 40
0.0
 40
0.0
 40
1.0
330
A36
100
AcDbAssocArrayItem
 90
0
 90
21
 90
0
 90
0
 90
12
 40
0.7071067811865399
 40
0.7071067811865487
 40
0.0
 40
2503.220922615976
 40
-0.7071067811865555
 40
0.7071067811865467
 40
0.0
 40
1608.56415411301
 40
0.0
 40
0.0
 40
1.0
 40
-32.5
 40
0.0
 40
0.0
 40
0.0
 40
1.0
330
A37
100
AcDbAssocArrayItem
 90
0
 90
22
 90
0
 90
0
 90
12
 40
0.866025403784434
 40
0.5
 40
0.0
 40
2507.193888180924
 40
-0.5000000000000089
 40
0.866025403784439
 40
0.0
 40
1613.741823642674
 40
0.0
 40
0.0
 40
1.0
 40
-32.5
 40
0.0
 40
0.0
 40
0.0
 40
1.0
330
A38
100
AcDbAssocArrayItem
 90
0
 90
23
 90
0
 90
0
 90
12
 40
0.9659258262890656
 40
0.2588190451025218
 40
0.0
 40
2509.69139874354
 40
-0.2588190451025323
 40
0.9659258262890681
 40
0.0
 40
1619.771347515111
 40
0.0
 40
0.0
 40
1.0
 40
-32.5
 40
0.0
 40
0.0
 40
0.0
 40
1.0
330
A39
 40
1.0
 40
0.0
 40
0.0
 40
4426.650434195681
 40
0.0
 40
1.0
 40
0.0
 40
529.5614047711883
 40
0.0
 40
0.0
 40
1.0
 40
-3220.0
 40
0.0
 40
0.0
 40
0.0
 40
1.0
  0
ACDBASSOCDEPENDENCY
  5
A08
330
A06
100
AcDbAssocDependency
 90
2
 90
0
290
0
290
1
290
1
290
1
 90
0
330
A20
290
0
330
0
330
0
360
0
 90
1
  0
ACDBASSOCDEPENDENCY
  5
A09
330
A06
100
AcDbAssocDependency
 90
2
 90
0
290
1
290
0
290
1
290
1
 90
0
330
A1C
290
0
330
0
330
0
360
0
 90
2
  0
ACDBASSOCDEPENDENCY
  5
A0A
330
A06
100
AcDbAssocDependency
 90
2
 90
0
290
1
290
1
290
1
290
1
 90
-2147483648
330
9FA
290
0
330
0
330
0
360
0
 90
3
  0
ACDBASSOCVERTEXACTIONPARAM
  5
A0B
330
A06
100
AcDbAssocActionParam
 90
1
 90
0
  1
BaseNormal
100
AcDbAssocSingleDependencyActionParam
 90
0
330
0
100
AcDbAssocVertexActionParam
 90
0
 10
0.0
 20
0.0
 30
1.0
  0
ACDBASSOCVERTEXACTIONPARAM
  5
A0C
330
A06
100
AcDbAssocActionParam
 90
1
 90
0
  1
Origin
100
AcDbAssocSingleDependencyActionParam
 90
0
330
0
100
AcDbAssocVertexActionParam
 90
0
 10
2485.543253086313
 20
1626.241823642674
 30
-32.5
  0
ACDBASSOCVERTEXACTIONPARAM
  5
A0D
330
A06
100
AcDbAssocActionParam
 90
1
 90
0
  1
basePoint
100
AcDbAssocSingleDependencyActionParam
 90
0
330
0
100
AcDbAssocVertexActionParam
 90
0
 10
0.0
 20
0.0
 30
0.0
  0
ACDBASSOCARRAYACTIONBODY
  5
A45
330
A44
100
AcDbAssocActionBody
 90
2
100
AcDbAssocArrayActionBody
 90
1
  1
AcDbAssocArrayPolarParameters
 90
0
 90
7
  1
AcDbAssocArrayItem
100
AcDbAssocArrayItem
 90
0
 90
0
 90
0
 90
0
 90
8
 11
2585.543253086314
 21
1600.874536331566
 31
-123.7874041846087
330
A5A
100
AcDbAssocArrayItem
 90
0
 90
1
 90
0
 90
0
 90
12
 40
0.6234898018587341
 40
-0.7818314824680295
 40
0.0
 40
2605.376196930949
 40
0.7818314824680295
 40
0.6234898018587341
 40
0.0
 40
1610.425578703378
 40
0.0
 40
0.0
 40
1.0
 40
-123.7874041846087
 40
0.0
 40
0.0
 40
0.0
 40
1.0
330
A5B
100
AcDbAssocArrayItem
 90
0
 90
2
 90
0
 90
0
 90
12
 40
-0.222520933956314
 40
-0.9749279121818236
 40
0.0
 40
2610.274529542248
 40
0.9749279121818236
 40
-0.2225209339563138
 40
0.0
 40
1631.88657610708
 40
0.0
 40
0.0
 40
1.0
 40
-123.7874041846087
 40
0.0
 40
0.0
 40
0.0
 40
1.0
330
A5C
100
AcDbAssocArrayItem
 90
0
 90
3
 90
0
 90
0
 90
12
 40
-0.9009688679024188
 40
-0.4338837391175589
 40
0.0
 40
2596.549706556126
 40
0.4338837391175585
 40
-0.9009688679024186
 40
0.0
 40
1649.096959773118
 40
0.0
 40
0.0
 40
1.0
 40
-123.7874041846087
 40
0.0
 40
0.0
 40
0.0
 40
1.0
330
A5D
100
AcDbAssocArrayItem
 90
0
 90
4
 90
0
 90
0
 90
12
 40
-0.9009688679024191
 40
0.4338837391175571
 40
0.0
 40
2574.536799616499
 40
-0.4338837391175577
 40
-0.9009688679024197
 40
0.0
 40
1649.096959773118
 40
0.0
 40
0.0
 40
1.0
 40
-123.7874041846087
 40
0.0
 40
0.0
 40
0.0
 40
1.0
330
A5E
100
AcDbAssocArrayItem
 90
0
 90
5
 90
0
 90
0
 90
12
 40
-0.2225209339563131
 40
0.9749279121818236
 40
0.0
 40
2560.811976630378
 40
-0.974927912181824
 40
-0.2225209339563142
 40
0.0
 40
1631.886576107079
 40
0.0
 40
0.0
 40
1.0
 40
-123.7874041846087
 40
0.0
 40
0.0
 40
0.0
 40
1.0
330
A5F
100
AcDbAssocArrayItem
 90
0
 90
6
 90
0
 90
0
 90
12
 40
0.6234898018587332
 40
0.7818314824680311
 40
0.0
 40
2565.710309241677
 40
-0.7818314824680302
 40
0.6234898018587323
 40
0.0
 40
1610.425578703377
 40
0.0
 40
0.0
 40
1.0
 40
-123.7874041846087
 40
0.0
 40
0.0
 40
0.0
 40
1.0
330
A60
 40
1.0
 40
0.0
 40
0.0
 40
4326.650434195679
 40
0.0
 40
1.0
 40
0.0
 40
679.5614047711883
 40
0.0
 40
0.0
 40
1.0
 40
-2167.5
 40
0.0
 40
0.0
 40
0.0
 40
1.0
  0
ACDBASSOCDEPENDENCY
  5
A46
330
A44
100
AcDbAssocDependency
 90
2
 90
0
290
0
290
1
290
1
290
1
 90
0
330
A58
290
0
330
0
330
0
360
0
 90
1
  0
ACDBASSOCDEPENDENCY
  5
A47
330
A44
100
AcDbAssocDependency
 90
2
 90
0
290
1
290
0
290
1
290
1
 90
0
330
A54
290
0
330
0
330
0
360
0
 90
2
  0
ACDBASSOCDEPENDENCY
  5
A48
330
A44
100
AcDbAssocDependency
 90
2
 90
0
290
1
290
1
290
1
290
1
 90
-2147483648
330
A3F
290
0
330
0
330
0
360
0
 90
3
  0
ACDBASSOCVERTEXACTIONPARAM
  5
A49
330
A44
100
AcDbAssocActionParam
 90
1
 90
0
  1
BaseNormal
100
AcDbAssocSingleDependencyActionParam
 90
0
330
0
100
AcDbAssocVertexActionParam
 90
0
 10
0.0
 20
0.0
 30
1.0
  0
ACDBASSOCVERTEXACTIONPARAM
  5
A4A
330
A44
100
AcDbAssocActionParam
 90
1
 90
0
  1
Origin
100
AcDbAssocSingleDependencyActionParam
 90
0
330
0
100
AcDbAssocVertexActionParam
 90
0
 10
2585.543253086313
 20
1626.241823642674
 30
-123.7874041846087
  0
ACDBASSOCVERTEXACTIONPARAM
  5
A4B
330
A44
100
AcDbAssocActionParam
 90
1
 90
0
  1
basePoint
100
AcDbAssocSingleDependencyActionParam
 90
0
330
0
100
AcDbAssocVertexActionParam
 90
0
 10
0.0
 20
0.0
 30
0.0
  0
ACDBASSOCARRAYACTIONBODY
  5
A4D
330
A4C
100
AcDbAssocActionBody
 90
2
100
AcDbAssocArrayActionBody
 90
1
  1
AcDbAssocArrayPolarParameters
 90
0
 90
24
  1
AcDbAssocArrayItem
100
AcDbAssocArrayItem
 90
0
 90
0
 90
0
 90
0
 90
8
 11
2510.543253086313
 21
1626.241823642674
 31
-32.5
330
A68
100
AcDbAssocArrayItem
 90
0
 90
1
 90
0
 90
0
 90
12
 40
0.9659258262890688
 40
-0.2588190451025206
 40
0.0
 40
2509.69139874354
 40
0.2588190451025201
 40
0.9659258262890688
 40
0.0
 40
1632.712299770236
 40
0.0
 40
0.0
 40
1.0
 40
-32.5
 40
0.0
 40
0.0
 40
0.0
 40
1.0
330
A69
100
AcDbAssocArrayItem
 90
0
 90
2
 90
0
 90
0
 90
12
 40
0.8660254037844397
 40
-0.4999999999999999
 40
0.0
 40
2507.193888180924
 40
0.4999999999999986
 40
0.866025403784439
 40
0.0
 40
1638.741823642674
 40
0.0
 40
0.0
 40
1.0
 40
-32.5
 40
0.0
 40
0.0
 40
0.0
 40
1.0
330
A6A
100
AcDbAssocArrayItem
 90
0
 90
3
 90
0
 90
0
 90
12
 40
0.7071067811865493
 40
-0.7071067811865475
 40
0.0
 40
2503.220922615976
 40
0.7071067811865462
 40
0.7071067811865479
 40
0.0
 40
1643.919493172337
 40
0.0
 40
0.0
 40
1.0
 40
-32.5
 40
0.0
 40
0.0
 40
0.0
 40
1.0
330
A6B
100
AcDbAssocArrayItem
 90
0
 90
4
 90
0
 90
0
 90
12
 40
0.5000000000000026
 40
-0.8660254037844385
 40
0.0
 40
2498.043253086313
 40
0.8660254037844376
 40
0.5000000000000006
 40
0.0
 40
1647.892458737285
 40
0.0
 40
0.0
 40
1.0
 40
-32.5
 40
0.0
 40
0.0
 40
0.0
 40
1.0
330
A6C
100
AcDbAssocArrayItem
 90
0
 90
5
 90
0
 90
0
 90
12
 40
0.2588190451025245
 40
-0.9659258262890684
 40
0.0
 40
2492.013729213876
 40
0.9659258262890675
 40
0.2588190451025211
 40
0.0
 40
1650.3899692999
 40
0.0
 40
0.0
 40
1.0
 40
-32.5
 40
0.0
 40
0.0
 40
0.0
 40
1.0
330
A6D
100
AcDbAssocArrayItem
 90
0
 90
6
 90
0
 90
0
 90
12
 40
4.7e-15
 40
-1.0
 40
0.0
 40
2485.543253086313
 40
1.0
 40
5e-16
 40
0.0
 40
1651.241823642674
 40
0.0
 40
0.0
 40
1.0
 40
-32.5
 40
0.0
 40
0.0
 40
0.0
 40
1.0
330
A6E
100
AcDbAssocArrayItem
 90
0
 90
7
 90
0
 90
0
 90
12
 40
-0.2588190451025161
 40
-0.9659258262890688
 40
0.0
 40
2479.07277695875
 40
0.9659258262890698
 40
-0.2588190451025205
 40
0.0
 40
1650.3899692999
 40
0.0
 40
0.0
 40
1.0
 40
-32.5
 40
0.0
 40
0.0
 40
0.0
 40
1.0
330
A6F
100
AcDbAssocArrayItem
 90
0
 90
8
 90
0
 90
0
 90
12
 40
-0.4999999999999955
 40
-0.866025403784439
 40
0.0
 40
2473.043253086313
 40
0.8660254037844415
 40
-0.4999999999999998
 40
0.0
 40
1647.892458737285
 40
0.0
 40
0.0
 40
1.0
 40
-32.5
 40
0.0
 40
0.0
 40
0.0
 40
1.0
330
A70
100
AcDbAssocArrayItem
 90
0
 90
9
 90
0
 90
0
 90
12
 40
-0.7071067811865442
 40
-0.7071067811865479
 40
0.0
 40
2467.865583556649
 40
0.7071067811865513
 40
-0.7071067811865476
 40
0.0
 40
1643.919493172337
 40
0.0
 40
0.0
 40
1.0
 40
-32.5
 40
0.0
 40
0.0
 40
0.0
 40
1.0
330
A71
100
AcDbAssocArrayItem
 90
0
 90
10
 90
0
 90
0
 90
12
 40
-0.8660254037844364
 40
-0.5000000000000002
 40
0.0
 40
2463.892617991702
 40
0.5000000000000047
 40
-0.8660254037844389
 40
0.0
 40
1638.741823642674
 40
0.0
 40
0.0
 40
1.0
 40
-32.5
 40
0.0
 40
0.0
 40
0.0
 40
1.0
330
A72
100
AcDbAssocArrayItem
 90
0
 90
11
 90
0
 90
0
 90
12
 40
-0.965925826289067
 40
-0.2588190451025209
 40
0.0
 40
2461.395107429086
 40
0.2588190451025263
 40
-0.9659258262890684
 40
0.0
 40
1632.712299770236
 40
0.0
 40
0.0
 40
1.0
 40
-32.5
 40
0.0
 40
0.0
 40
0.0
 40
1.0
330
A73
100
AcDbAssocArrayItem
 90
0
 90
12
 90
0
 90
0
 90
12
 40
-1.0
 40
-8e-16
 40
0.0
 40
2460.543253086313
 40
6.7e-15
 40
-1.0
 40
0.0
 40
1626.241823642674
 40
0.0
 40
0.0
 40
1.0
 40
-32.5
 40
0.0
 40
0.0
 40
0.0
 40
1.0
330
A74
100
AcDbAssocArrayItem
 90
0
 90
13
 90
0
 90
0
 90
12
 40
-0.9659258262890702
 40
0.2588190451025202
 40
0.0
 40
2461.395107429086
 40
-0.2588190451025143
 40
-0.9659258262890688
 40
0.0
 40
1619.771347515111
 40
0.0
 40
0.0
 40
1.0
 40
-32.5
 40
0.0
 40
0.0
 40
0.0
 40
1.0
330
A75
100
AcDbAssocArrayItem
 90
0
 90
14
 90
0
 90
0
 90
12
 40
-0.8660254037844421
 40
0.4999999999999997
 40
0.0
 40
2463.892617991702
 40
-0.4999999999999946
 40
-0.866025403784439
 40
0.0
 40
1613.741823642674
 40
0.0
 40
0.0
 40
1.0
 40
-32.5
 40
0.0
 40
0.0
 40
0.0
 40
1.0
330
A76
100
AcDbAssocArrayItem
 90
0
 90
15
 90
0
 90
0
 90
12
 40
-0.7071067811865526
 40
0.7071067811865471
 40
0.0
 40
2467.865583556649
 40
-0.7071067811865428
 40
-0.707106781186548
 40
0.0
 40
1608.56415411301
 40
0.0
 40
0.0
 40
1.0
 40
-32.5
 40
0.0
 40
0.0
 40
0.0
 40
1.0
330
A77
100
AcDbAssocArrayItem
 90
0
 90
16
 90
0
 90
0
 90
12
 40
-0.5000000000000071
 40
0.8660254037844385
 40
0.0
 40
2473.043253086313
 40
-0.8660254037844349
 40
-0.5000000000000007
 40
0.0
 40
1604.591188548063
 40
0.0
 40
0.0
 40
1.0
 40
-32.5
 40
0.0
 40
0.0
 40
0.0
 40
1.0
330
A78
100
AcDbAssocArrayItem
 90
0
 90
17
 90
0
 90
0
 90
12
 40
-0.2588190451025291
 40
0.9659258262890684
 40
0.0
 40
2479.07277695875
 40
-0.9659258262890663
 40
-0.258819045102521
 40
0.0
 40
1602.093677985447
 40
0.0
 40
0.0
 40
1.0
 40
-32.5
 40
0.0
 40
0.0
 40
0.0
 40
1.0
330
A79
100
AcDbAssocArrayItem
 90
0
 90
18
 90
0
 90
0
 90
12
 40
-9.1e-15
 40
1.0
 40
0.0
 40
2485.543253086313
 40
-1.0
 40
-4e-16
 40
0.0
 40
1601.241823642674
 40
0.0
 40
0.0
 40
1.0
 40
-32.5
 40
0.0
 40
0.0
 40
0.0
 40
1.0
330
A7A
100
AcDbAssocArrayItem
 90
0
 90
19
 90
0
 90
0
 90
12
 40
0.2588190451025115
 40
0.9659258262890688
 40
0.0
 40
2492.013729213876
 40
-0.9659258262890711
 40
0.2588190451025201
 40
0.0
 40
1602.093677985447
 40
0.0
 40
0.0
 40
1.0
 40
-32.5
 40
0.0
 40
0.0
 40
0.0
 40
1.0
330
A7B
100
AcDbAssocArrayItem
 90
0
 90
20
 90
0
 90
0
 90
12
 40
0.4999999999999921
 40
0.8660254037844389
 40
0.0
 40
2498.043253086313
 40
-0.8660254037844435
 40
0.5
 40
0.0
 40
1604.591188548063
 40
0.0
 40
0.0
 40
1.0
 40
-32.5
 40
0.0
 40
0.0
 40
0.0
 40
1.0
330
A7C
100
AcDbAssocArrayItem
 90
0
 90
21
 90
0
 90
0
 90
12
 40
0.7071067811865399
 40
0.7071067811865487
 40
0.0
 40
2503.220922615976
 40
-0.7071067811865555
 40
0.7071067811865467
 40
0.0
 40
1608.56415411301
 40
0.0
 40
0.0
 40
1.0
 40
-32.5
 40
0.0
 40
0.0
 40
0.0
 40
1.0
330
A7D
100
AcDbAssocArrayItem
 90
0
 90
22
 90
0
 90
0
 90
12
 40
0.866025403784434
 40
0.5
 40
0.0
 40
2507.193888180924
 40
-0.5000000000000089
 40
0.866025403784439
 40
0.0
 40
1613.741823642674
 40
0.0
 40
0.0
 40
1.0
 40
-32.5
 40
0.0
 40
0.0
 40
0.0
 40
1.0
330
A7E
100
AcDbAssocArrayItem
 90
0
 90
23
 90
0
 90
0
 90
12
 40
0.9659258262890656
 40
0.2588190451025218
 40
0.0
 40
2509.69139874354
 40
-0.2588190451025323
 40
0.9659258262890681
 40
0.0
 40
1619.771347515111
 40
0.0
 40
0.0
 40
1.0
 40
-32.5
 40
0.0
 40
0.0
 40
0.0
 40
1.0
330
A7F
 40
1.0
 40
0.0
 40
0.0
 40
4426.650434195678
 40
0.0
 40
1.0
 40
0.0
 40
679.5614047711883
 40
0.0
 40
0.0
 40
1.0
 40
-2170.0
 40
0.0
 40
0.0
 40
0.0
 40
1.0
  0
ACDBASSOCDEPENDENCY
  5
A4E
330
A4C
100
AcDbAssocDependency
 90
2
 90
0
290
0
290
1
290
1
290
1
 90
0
330
A66
290
0
330
0
330
0
360
0
 90
1
  0
ACDBASSOCDEPENDENCY
  5
A4F
330
A4C
100
AcDbAssocDependency
 90
2
 90
0
290
1
290
0
290
1
290
1
 90
0
330
A62
290
0
330
0
330
0
360
0
 90
2
  0
ACDBASSOCDEPENDENCY
  5
A50
330
A4C
100
AcDbAssocDependency
 90
2
 90
0
290
1
290
1
290
1
290
1
 90
-2147483648
330
A40
290
0
330
0
330
0
360
0
 90
3
  0
ACDBASSOCVERTEXACTIONPARAM
  5
A51
330
A4C
100
AcDbAssocActionParam
 90
1
 90
0
  1
BaseNormal
100
AcDbAssocSingleDependencyActionParam
 90
0
330
0
100
AcDbAssocVertexActionParam
 90
0
 10
0.0
 20
0.0
 30
1.0
  0
ACDBASSOCVERTEXACTIONPARAM
  5
A52
330
A4C
100
AcDbAssocActionParam
 90
1
 90
0
  1
Origin
100
AcDbAssocSingleDependencyActionParam
 90
0
330
0
100
AcDbAssocVertexActionParam
 90
0
 10
2485.543253086313
 20
1626.241823642674
 30
-32.5
  0
ACDBASSOCVERTEXACTIONPARAM
  5
A53
330
A4C
100
AcDbAssocActionParam
 90
1
 90
0
  1
basePoint
100
AcDbAssocSingleDependencyActionParam
 90
0
330
0
100
AcDbAssocVertexActionParam
 90
0
 10
0.0
 20
0.0
 30
0.0
  0
ACDBASSOCARRAYACTIONBODY
  5
A8B
330
A8A
100
AcDbAssocActionBody
 90
2
100
AcDbAssocArrayActionBody
 90
1
  1
AcDbAssocArrayPolarParameters
 90
0
 90
7
  1
AcDbAssocArrayItem
100
AcDbAssocArrayItem
 90
0
 90
0
 90
0
 90
0
 90
8
 11
2585.543253086314
 21
1600.874536331566
 31
-123.7874041846087
330
AA0
100
AcDbAssocArrayItem
 90
0
 90
1
 90
0
 90
0
 90
12
 40
0.6234898018587341
 40
-0.7818314824680295
 40
0.0
 40
2605.376196930949
 40
0.7818314824680295
 40
0.6234898018587341
 40
0.0
 40
1610.425578703378
 40
0.0
 40
0.0
 40
1.0
 40
-123.7874041846087
 40
0.0
 40
0.0
 40
0.0
 40
1.0
330
AA1
100
AcDbAssocArrayItem
 90
0
 90
2
 90
0
 90
0
 90
12
 40
-0.222520933956314
 40
-0.9749279121818236
 40
0.0
 40
2610.274529542248
 40
0.9749279121818236
 40
-0.2225209339563138
 40
0.0
 40
1631.88657610708
 40
0.0
 40
0.0
 40
1.0
 40
-123.7874041846087
 40
0.0
 40
0.0
 40
0.0
 40
1.0
330
AA2
100
AcDbAssocArrayItem
 90
0
 90
3
 90
0
 90
0
 90
12
 40
-0.9009688679024188
 40
-0.4338837391175589
 40
0.0
 40
2596.549706556126
 40
0.4338837391175585
 40
-0.9009688679024186
 40
0.0
 40
1649.096959773118
 40
0.0
 40
0.0
 40
1.0
 40
-123.7874041846087
 40
0.0
 40
0.0
 40
0.0
 40
1.0
330
AA3
100
AcDbAssocArrayItem
 90
0
 90
4
 90
0
 90
0
 90
12
 40
-0.9009688679024191
 40
0.4338837391175571
 40
0.0
 40
2574.536799616499
 40
-0.4338837391175577
 40
-0.9009688679024197
 40
0.0
 40
1649.096959773118
 40
0.0
 40
0.0
 40
1.0
 40
-123.7874041846087
 40
0.0
 40
0.0
 40
0.0
 40
1.0
330
AA4
100
AcDbAssocArrayItem
 90
0
 90
5
 90
0
 90
0
 90
12
 40
-0.2225209339563131
 40
0.9749279121818236
 40
0.0
 40
2560.811976630378
 40
-0.974927912181824
 40
-0.2225209339563142
 40
0.0
 40
1631.886576107079
 40
0.0
 40
0.0
 40
1.0
 40
-123.7874041846087
 40
0.0
 40
0.0
 40
0.0
 40
1.0
330
AA5
100
AcDbAssocArrayItem
 90
0
 90
6
 90
0
 90
0
 90
12
 40
0.6234898018587332
 40
0.7818314824680311
 40
0.0
 40
2565.710309241677
 40
-0.7818314824680302
 40
0.6234898018587323
 40
0.0
 40
1610.425578703377
 40
0.0
 40
0.0
 40
1.0
 40
-123.7874041846087
 40
0.0
 40
0.0
 40
0.0
 40
1.0
330
AA6
 40
1.0
 40
0.0
 40
0.0
 40
4476.650434195678
 40
0.0
 40
1.0
 40
0.0
 40
-70.43859522881189
 40
0.0
 40
0.0
 40
1.0
 40
-2467.5
 40
0.0
 40
0.0
 40
0.0
 40
1.0
  0
ACDBASSOCDEPENDENCY
  5
A8C
330
A8A
100
AcDbAssocDependency
 90
2
 90
0
290
0
290
1
290
1
290
1
 90
0
330
A9E
290
0
330
0
330
0
360
0
 90
1
  0
ACDBASSOCDEPENDENCY
  5
A8D
330
A8A
100
AcDbAssocDependency
 90
2
 90
0
290
1
290
0
290
1
290
1
 90
0
330
A9A
290
0
330
0
330
0
360
0
 90
2
  0
ACDBASSOCDEPENDENCY
  5
A8E
330
A8A
100
AcDbAssocDependency
 90
2
 90
0
290
1
290
1
290
1
290
1
 90
-2147483648
330
A85
290
0
330
0
330
0
360
0
 90
3
  0
ACDBASSOCVERTEXACTIONPARAM
  5
A8F
330
A8A
100
AcDbAssocActionParam
 90
1
 90
0
  1
BaseNormal
100
AcDbAssocSingleDependencyActionParam
 90
0
330
0
100
AcDbAssocVertexActionParam
 90
0
 10
0.0
 20
0.0
 30
1.0
  0
ACDBASSOCVERTEXACTIONPARAM
  5
A90
330
A8A
100
AcDbAssocActionParam
 90
1
 90
0
  1
Origin
100
AcDbAssocSingleDependencyActionParam
 90
0
330
0
100
AcDbAssocVertexActionParam
 90
0
 10
2585.543253086313
 20
1626.241823642674
 30
-123.7874041846087
  0
ACDBASSOCVERTEXACTIONPARAM
  5
A91
330
A8A
100
AcDbAssocActionParam
 90
1
 90
0
  1
basePoint
100
AcDbAssocSingleDependencyActionParam
 90
0
330
0
100
AcDbAssocVertexActionParam
 90
0
 10
0.0
 20
0.0
 30
0.0
  0
ACDBASSOCARRAYACTIONBODY
  5
A93
330
A92
100
AcDbAssocActionBody
 90
2
100
AcDbAssocArrayActionBody
 90
1
  1
AcDbAssocArrayPolarParameters
 90
0
 90
24
  1
AcDbAssocArrayItem
100
AcDbAssocArrayItem
 90
0
 90
0
 90
0
 90
0
 90
8
 11
2510.543253086313
 21
1626.241823642674
 31
-32.5
330
AAE
100
AcDbAssocArrayItem
 90
0
 90
1
 90
0
 90
0
 90
12
 40
0.9659258262890688
 40
-0.2588190451025206
 40
0.0
 40
2509.69139874354
 40
0.2588190451025201
 40
0.9659258262890688
 40
0.0
 40
1632.712299770236
 40
0.0
 40
0.0
 40
1.0
 40
-32.5
 40
0.0
 40
0.0
 40
0.0
 40
1.0
330
AAF
100
AcDbAssocArrayItem
 90
0
 90
2
 90
0
 90
0
 90
12
 40
0.8660254037844397
 40
-0.4999999999999999
 40
0.0
 40
2507.193888180924
 40
0.4999999999999986
 40
0.866025403784439
 40
0.0
 40
1638.741823642674
 40
0.0
 40
0.0
 40
1.0
 40
-32.5
 40
0.0
 40
0.0
 40
0.0
 40
1.0
330
AB0
100
AcDbAssocArrayItem
 90
0
 90
3
 90
0
 90
0
 90
12
 40
0.7071067811865493
 40
-0.7071067811865475
 40
0.0
 40
2503.220922615976
 40
0.7071067811865462
 40
0.7071067811865479
 40
0.0
 40
1643.919493172337
 40
0.0
 40
0.0
 40
1.0
 40
-32.5
 40
0.0
 40
0.0
 40
0.0
 40
1.0
330
AB1
100
AcDbAssocArrayItem
 90
0
 90
4
 90
0
 90
0
 90
12
 40
0.5000000000000026
 40
-0.8660254037844385
 40
0.0
 40
2498.043253086313
 40
0.8660254037844376
 40
0.5000000000000006
 40
0.0
 40
1647.892458737285
 40
0.0
 40
0.0
 40
1.0
 40
-32.5
 40
0.0
 40
0.0
 40
0.0
 40
1.0
330
AB2
100
AcDbAssocArrayItem
 90
0
 90
5
 90
0
 90
0
 90
12
 40
0.2588190451025245
 40
-0.9659258262890684
 40
0.0
 40
2492.013729213876
 40
0.9659258262890675
 40
0.2588190451025211
 40
0.0
 40
1650.3899692999
 40
0.0
 40
0.0
 40
1.0
 40
-32.5
 40
0.0
 40
0.0
 40
0.0
 40
1.0
330
AB3
100
AcDbAssocArrayItem
 90
0
 90
6
 90
0
 90
0
 90
12
 40
4.7e-15
 40
-1.0
 40
0.0
 40
2485.543253086313
 40
1.0
 40
5e-16
 40
0.0
 40
1651.241823642674
 40
0.0
 40
0.0
 40
1.0
 40
-32.5
 40
0.0
 40
0.0
 40
0.0
 40
1.0
330
AB4
100
AcDbAssocArrayItem
 90
0
 90
7
 90
0
 90
0
 90
12
 40
-0.2588190451025161
 40
-0.9659258262890688
 40
0.0
 40
2479.07277695875
 40
0.9659258262890698
 40
-0.2588190451025205
 40
0.0
 40
1650.3899692999
 40
0.0
 40
0.0
 40
1.0
 40
-32.5
 40
0.0
 40
0.0
 40
0.0
 40
1.0
330
AB5
100
AcDbAssocArrayItem
 90
0
 90
8
 90
0
 90
0
 90
12
 40
-0.4999999999999955
 40
-0.866025403784439
 40
0.0
 40
2473.043253086313
 40
0.8660254037844415
 40
-0.4999999999999998
 40
0.0
 40
1647.892458737285
 40
0.0
 40
0.0
 40
1.0
 40
-32.5
 40
0.0
 40
0.0
 40
0.0
 40
1.0
330
AB6
100
AcDbAssocArrayItem
 90
0
 90
9
 90
0
 90
0
 90
12
 40
-0.7071067811865442
 40
-0.7071067811865479
 40
0.0
 40
2467.865583556649
 40
0.7071067811865513
 40
-0.7071067811865476
 40
0.0
 40
1643.919493172337
 40
0.0
 40
0.0
 40
1.0
 40
-32.5
 40
0.0
 40
0.0
 40
0.0
 40
1.0
330
AB7
100
AcDbAssocArrayItem
 90
0
 90
10
 90
0
 90
0
 90
12
 40
-0.8660254037844364
 40
-0.5000000000000002
 40
0.0
 40
2463.892617991702
 40
0.5000000000000047
 40
-0.8660254037844389
 40
0.0
 40
1638.741823642674
 40
0.0
 40
0.0
 40
1.0
 40
-32.5
 40
0.0
 40
0.0
 40
0.0
 40
1.0
330
AB8
100
AcDbAssocArrayItem
 90
0
 90
11
 90
0
 90
0
 90
12
 40
-0.965925826289067
 40
-0.2588190451025209
 40
0.0
 40
2461.395107429086
 40
0.2588190451025263
 40
-0.9659258262890684
 40
0.0
 40
1632.712299770236
 40
0.0
 40
0.0
 40
1.0
 40
-32.5
 40
0.0
 40
0.0
 40
0.0
 40
1.0
330
AB9
100
AcDbAssocArrayItem
 90
0
 90
12
 90
0
 90
0
 90
12
 40
-1.0
 40
-8e-16
 40
0.0
 40
2460.543253086313
 40
6.7e-15
 40
-1.0
 40
0.0
 40
1626.241823642674
 40
0.0
 40
0.0
 40
1.0
 40
-32.5
 40
0.0
 40
0.0
 40
0.0
 40
1.0
330
ABA
100
AcDbAssocArrayItem
 90
0
 90
13
 90
0
 90
0
 90
12
 40
-0.9659258262890702
 40
0.2588190451025202
 40
0.0
 40
2461.395107429086
 40
-0.2588190451025143
 40
-0.9659258262890688
 40
0.0
 40
1619.771347515111
 40
0.0
 40
0.0
 40
1.0
 40
-32.5
 40
0.0
 40
0.0
 40
0.0
 40
1.0
330
ABB
100
AcDbAssocArrayItem
 90
0
 90
14
 90
0
 90
0
 90
12
 40
-0.8660254037844421
 40
0.4999999999999997
 40
0.0
 40
2463.892617991702
 40
-0.4999999999999946
 40
-0.866025403784439
 40
0.0
 40
1613.741823642674
 40
0.0
 40
0.0
 40
1.0
 40
-32.5
 40
0.0
 40
0.0
 40
0.0
 40
1.0
330
ABC
100
AcDbAssocArrayItem
 90
0
 90
15
 90
0
 90
0
 90
12
 40
-0.7071067811865526
 40
0.7071067811865471
 40
0.0
 40
2467.865583556649
 40
-0.7071067811865428
 40
-0.707106781186548
 40
0.0
 40
1608.56415411301
 40
0.0
 40
0.0
 40
1.0
 40
-32.5
 40
0.0
 40
0.0
 40
0.0
 40
1.0
330
ABD
100
AcDbAssocArrayItem
 90
0
 90
16
 90
0
 90
0
 90
12
 40
-0.5000000000000071
 40
0.8660254037844385
 40
0.0
 40
2473.043253086313
 40
-0.8660254037844349
 40
-0.5000000000000007
 40
0.0
 40
1604.591188548063
 40
0.0
 40
0.0
 40
1.0
 40
-32.5
 40
0.0
 40
0.0
 40
0.0
 40
1.0
330
ABE
100
AcDbAssocArrayItem
 90
0
 90
17
 90
0
 90
0
 90
12
 40
-0.2588190451025291
 40
0.9659258262890684
 40
0.0
 40
2479.07277695875
 40
-0.9659258262890663
 40
-0.258819045102521
 40
0.0
 40
1602.093677985447
 40
0.0
 40
0.0
 40
1.0
 40
-32.5
 40
0.0
 40
0.0
 40
0.0
 40
1.0
330
ABF
100
AcDbAssocArrayItem
 90
0
 90
18
 90
0
 90
0
 90
12
 40
-9.1e-15
 40
1.0
 40
0.0
 40
2485.543253086313
 40
-1.0
 40
-4e-16
 40
0.0
 40
1601.241823642674
 40
0.0
 40
0.0
 40
1.0
 40
-32.5
 40
0.0
 40
0.0
 40
0.0
 40
1.0
330
AC0
100
AcDbAssocArrayItem
 90
0
 90
19
 90
0
 90
0
 90
12
 40
0.2588190451025115
 40
0.9659258262890688
 40
0.0
 40
2492.013729213876
 40
-0.9659258262890711
 40
0.2588190451025201
 40
0.0
 40
1602.093677985447
 40
0.0
 40
0.0
 40
1.0
 40
-32.5
 40
0.0
 40
0.0
 40
0.0
 40
1.0
330
AC1
100
AcDbAssocArrayItem
 90
0
 90
20
 90
0
 90
0
 90
12
 40
0.4999999999999921
 40
0.8660254037844389
 40
0.0
 40
2498.043253086313
 40
-0.8660254037844435
 40
0.5
 40
0.0
 40
1604.591188548063
 40
0.0
 40
0.0
 40
1.0
 40
-32.5
 40
0.0
 40
0.0
 40
0.0
 40
1.0
330
AC2
100
AcDbAssocArrayItem
 90
0
 90
21
 90
0
 90
0
 90
12
 40
0.7071067811865399
 40
0.7071067811865487
 40
0.0
 40
2503.220922615976
 40
-0.7071067811865555
 40
0.7071067811865467
 40
0.0
 40
1608.56415411301
 40
0.0
 40
0.0
 40
1.0
 40
-32.5
 40
0.0
 40
0.0
 40
0.0
 40
1.0
330
AC3
100
AcDbAssocArrayItem
 90
0
 90
22
 90
0
 90
0
 90
12
 40
0.866025403784434
 40
0.5
 40
0.0
 40
2507.193888180924
 40
-0.5000000000000089
 40
0.866025403784439
 40
0.0
 40
1613.741823642674
 40
0.0
 40
0.0
 40
1.0
 40
-32.5
 40
0.0
 40
0.0
 40
0.0
 40
1.0
330
AC4
100
AcDbAssocArrayItem
 90
0
 90
23
 90
0
 90
0
 90
12
 40
0.9659258262890656
 40
0.2588190451025218
 40
0.0
 40
2509.69139874354
 40
-0.2588190451025323
 40
0.9659258262890681
 40
0.0
 40
1619.771347515111
 40
0.0
 40
0.0
 40
1.0
 40
-32.5
 40
0.0
 40
0.0
 40
0.0
 40
1.0
330
AC5
 40
1.0
 40
0.0
 40
0.0
 40
4576.650434195679
 40
0.0
 40
1.0
 40
0.0
 40
-70.43859522881189
 40
0.0
 40
0.0
 40
1.0
 40
-2470.0
 40
0.0
 40
0.0
 40
0.0
 40
1.0
  0
ACDBASSOCDEPENDENCY
  5
A94
330
A92
100
AcDbAssocDependency
 90
2
 90
0
290
0
290
1
290
1
290
1
 90
0
330
AAC
290
0
330
0
330
0
360
0
 90
1
  0
ACDBASSOCDEPENDENCY
  5
A95
330
A92
100
AcDbAssocDependency
 90
2
 90
0
290
1
290
0
290
1
290
1
 90
0
330
AA8
290
0
330
0
330
0
360
0
 90
2
  0
ACDBASSOCDEPENDENCY
  5
A96
330
A92
100
AcDbAssocDependency
 90
2
 90
0
290
1
290
1
290
1
290
1
 90
-2147483648
330
A86
290
0
330
0
330
0
360
0
 90
3
  0
ACDBASSOCVERTEXACTIONPARAM
  5
A97
330
A92
100
AcDbAssocActionParam
 90
1
 90
0
  1
BaseNormal
100
AcDbAssocSingleDependencyActionParam
 90
0
330
0
100
AcDbAssocVertexActionParam
 90
0
 10
0.0
 20
0.0
 30
1.0
  0
ACDBASSOCVERTEXACTIONPARAM
  5
A98
330
A92
100
AcDbAssocActionParam
 90
1
 90
0
  1
Origin
100
AcDbAssocSingleDependencyActionParam
 90
0
330
0
100
AcDbAssocVertexActionParam
 90
0
 10
2485.543253086313
 20
1626.241823642674
 30
-32.5
  0
ACDBASSOCVERTEXACTIONPARAM
  5
A99
330
A92
100
AcDbAssocActionParam
 90
1
 90
0
  1
basePoint
100
AcDbAssocSingleDependencyActionParam
 90
0
330
0
100
AcDbAssocVertexActionParam
 90
0
 10
0.0
 20
0.0
 30
0.0
  0
ACDBASSOCARRAYACTIONBODY
  5
AD1
330
AD0
100
AcDbAssocActionBody
 90
2
100
AcDbAssocArrayActionBody
 90
1
  1
AcDbAssocArrayPolarParameters
 90
0
 90
7
  1
AcDbAssocArrayItem
100
AcDbAssocArrayItem
 90
0
 90
0
 90
0
 90
0
 90
8
 11
2585.543253086314
 21
1600.874536331566
 31
-123.7874041846087
330
AE6
100
AcDbAssocArrayItem
 90
0
 90
1
 90
0
 90
0
 90
12
 40
0.6234898018587341
 40
-0.7818314824680295
 40
0.0
 40
2605.376196930949
 40
0.7818314824680295
 40
0.6234898018587341
 40
0.0
 40
1610.425578703378
 40
0.0
 40
0.0
 40
1.0
 40
-123.7874041846087
 40
0.0
 40
0.0
 40
0.0
 40
1.0
330
AE7
100
AcDbAssocArrayItem
 90
0
 90
2
 90
0
 90
0
 90
12
 40
-0.222520933956314
 40
-0.9749279121818236
 40
0.0
 40
2610.274529542248
 40
0.9749279121818236
 40
-0.2225209339563138
 40
0.0
 40
1631.88657610708
 40
0.0
 40
0.0
 40
1.0
 40
-123.7874041846087
 40
0.0
 40
0.0
 40
0.0
 40
1.0
330
AE8
100
AcDbAssocArrayItem
 90
0
 90
3
 90
0
 90
0
 90
12
 40
-0.9009688679024188
 40
-0.4338837391175589
 40
0.0
 40
2596.549706556126
 40
0.4338837391175585
 40
-0.9009688679024186
 40
0.0
 40
1649.096959773118
 40
0.0
 40
0.0
 40
1.0
 40
-123.7874041846087
 40
0.0
 40
0.0
 40
0.0
 40
1.0
330
AE9
100
AcDbAssocArrayItem
 90
0
 90
4
 90
0
 90
0
 90
12
 40
-0.9009688679024191
 40
0.4338837391175571
 40
0.0
 40
2574.536799616499
 40
-0.4338837391175577
 40
-0.9009688679024197
 40
0.0
 40
1649.096959773118
 40
0.0
 40
0.0
 40
1.0
 40
-123.7874041846087
 40
0.0
 40
0.0
 40
0.0
 40
1.0
330
AEA
100
AcDbAssocArrayItem
 90
0
 90
5
 90
0
 90
0
 90
12
 40
-0.2225209339563131
 40
0.9749279121818236
 40
0.0
 40
2560.811976630378
 40
-0.974927912181824
 40
-0.2225209339563142
 40
0.0
 40
1631.886576107079
 40
0.0
 40
0.0
 40
1.0
 40
-123.7874041846087
 40
0.0
 40
0.0
 40
0.0
 40
1.0
330
AEB
100
AcDbAssocArrayItem
 90
0
 90
6
 90
0
 90
0
 90
12
 40
0.6234898018587332
 40
0.7818314824680311
 40
0.0
 40
2565.710309241677
 40
-0.7818314824680302
 40
0.6234898018587323
 40
0.0
 40
1610.425578703377
 40
0.0
 40
0.0
 40
1.0
 40
-123.7874041846087
 40
0.0
 40
0.0
 40
0.0
 40
1.0
330
AEC
 40
1.0
 40
0.0
 40
0.0
 40
4476.650434195681
 40
0.0
 40
1.0
 40
0.0
 40
79.56140477118811
 40
0.0
 40
0.0
 40
1.0
 40
-3517.5
 40
0.0
 40
0.0
 40
0.0
 40
1.0
  0
ACDBASSOCDEPENDENCY
  5
AD2
330
AD0
100
AcDbAssocDependency
 90
2
 90
0
290
0
290
1
290
1
290
1
 90
0
330
AE4
290
0
330
0
330
0
360
0
 90
1
  0
ACDBASSOCDEPENDENCY
  5
AD3
330
AD0
100
AcDbAssocDependency
 90
2
 90
0
290
1
290
0
290
1
290
1
 90
0
330
AE0
290
0
330
0
330
0
360
0
 90
2
  0
ACDBASSOCDEPENDENCY
  5
AD4
330
AD0
100
AcDbAssocDependency
 90
2
 90
0
290
1
290
1
290
1
290
1
 90
-2147483648
330
ACB
290
0
330
0
330
0
360
0
 90
3
  0
ACDBASSOCVERTEXACTIONPARAM
  5
AD5
330
AD0
100
AcDbAssocActionParam
 90
1
 90
0
  1
BaseNormal
100
AcDbAssocSingleDependencyActionParam
 90
0
330
0
100
AcDbAssocVertexActionParam
 90
0
 10
0.0
 20
0.0
 30
1.0
  0
ACDBASSOCVERTEXACTIONPARAM
  5
AD6
330
AD0
100
AcDbAssocActionParam
 90
1
 90
0
  1
Origin
100
AcDbAssocSingleDependencyActionParam
 90
0
330
0
100
AcDbAssocVertexActionParam
 90
0
 10
2585.543253086313
 20
1626.241823642674
 30
-123.7874041846087
  0
ACDBASSOCVERTEXACTIONPARAM
  5
AD7
330
AD0
100
AcDbAssocActionParam
 90
1
 90
0
  1
basePoint
100
AcDbAssocSingleDependencyActionParam
 90
0
330
0
100
AcDbAssocVertexActionParam
 90
0
 10
0.0
 20
0.0
 30
0.0
  0
ACDBASSOCARRAYACTIONBODY
  5
AD9
330
AD8
100
AcDbAssocActionBody
 90
2
100
AcDbAssocArrayActionBody
 90
1
  1
AcDbAssocArrayPolarParameters
 90
0
 90
24
  1
AcDbAssocArrayItem
100
AcDbAssocArrayItem
 90
0
 90
0
 90
0
 90
0
 90
8
 11
2510.543253086313
 21
1626.241823642674
 31
-32.5
330
AF4
100
AcDbAssocArrayItem
 90
0
 90
1
 90
0
 90
0
 90
12
 40
0.9659258262890688
 40
-0.2588190451025206
 40
0.0
 40
2509.69139874354
 40
0.2588190451025201
 40
0.9659258262890688
 40
0.0
 40
1632.712299770236
 40
0.0
 40
0.0
 40
1.0
 40
-32.5
 40
0.0
 40
0.0
 40
0.0
 40
1.0
330
AF5
100
AcDbAssocArrayItem
 90
0
 90
2
 90
0
 90
0
 90
12
 40
0.8660254037844397
 40
-0.4999999999999999
 40
0.0
 40
2507.193888180924
 40
0.4999999999999986
 40
0.866025403784439
 40
0.0
 40
1638.741823642674
 40
0.0
 40
0.0
 40
1.0
 40
-32.5
 40
0.0
 40
0.0
 40
0.0
 40
1.0
330
AF6
100
AcDbAssocArrayItem
 90
0
 90
3
 90
0
 90
0
 90
12
 40
0.7071067811865493
 40
-0.7071067811865475
 40
0.0
 40
2503.220922615976
 40
0.7071067811865462
 40
0.7071067811865479
 40
0.0
 40
1643.919493172337
 40
0.0
 40
0.0
 40
1.0
 40
-32.5
 40
0.0
 40
0.0
 40
0.0
 40
1.0
330
AF7
100
AcDbAssocArrayItem
 90
0
 90
4
 90
0
 90
0
 90
12
 40
0.5000000000000026
 40
-0.8660254037844385
 40
0.0
 40
2498.043253086313
 40
0.8660254037844376
 40
0.5000000000000006
 40
0.0
 40
1647.892458737285
 40
0.0
 40
0.0
 40
1.0
 40
-32.5
 40
0.0
 40
0.0
 40
0.0
 40
1.0
330
AF8
100
AcDbAssocArrayItem
 90
0
 90
5
 90
0
 90
0
 90
12
 40
0.2588190451025245
 40
-0.9659258262890684
 40
0.0
 40
2492.013729213876
 40
0.9659258262890675
 40
0.2588190451025211
 40
0.0
 40
1650.3899692999
 40
0.0
 40
0.0
 40
1.0
 40
-32.5
 40
0.0
 40
0.0
 40
0.0
 40
1.0
330
AF9
100
AcDbAssocArrayItem
 90
0
 90
6
 90
0
 90
0
 90
12
 40
4.7e-15
 40
-1.0
 40
0.0
 40
2485.543253086313
 40
1.0
 40
5e-16
 40
0.0
 40
1651.241823642674
 40
0.0
 40
0.0
 40
1.0
 40
-32.5
 40
0.0
 40
0.0
 40
0.0
 40
1.0
330
AFA
100
AcDbAssocArrayItem
 90
0
 90
7
 90
0
 90
0
 90
12
 40
-0.2588190451025161
 40
-0.9659258262890688
 40
0.0
 40
2479.07277695875
 40
0.9659258262890698
 40
-0.2588190451025205
 40
0.0
 40
1650.3899692999
 40
0.0
 40
0.0
 40
1.0
 40
-32.5
 40
0.0
 40
0.0
 40
0.0
 40
1.0
330
AFB
100
AcDbAssocArrayItem
 90
0
 90
8
 90
0
 90
0
 90
12
 40
-0.4999999999999955
 40
-0.866025403784439
 40
0.0
 40
2473.043253086313
 40
0.8660254037844415
 40
-0.4999999999999998
 40
0.0
 40
1647.892458737285
 40
0.0
 40
0.0
 40
1.0
 40
-32.5
 40
0.0
 40
0.0
 40
0.0
 40
1.0
330
AFC
100
AcDbAssocArrayItem
 90
0
 90
9
 90
0
 90
0
 90
12
 40
-0.7071067811865442
 40
-0.7071067811865479
 40
0.0
 40
2467.865583556649
 40
0.7071067811865513
 40
-0.7071067811865476
 40
0.0
 40
1643.919493172337
 40
0.0
 40
0.0
 40
1.0
 40
-32.5
 40
0.0
 40
0.0
 40
0.0
 40
1.0
330
AFD
100
AcDbAssocArrayItem
 90
0
 90
10
 90
0
 90
0
 90
12
 40
-0.8660254037844364
 40
-0.5000000000000002
 40
0.0
 40
2463.892617991702
 40
0.5000000000000047
 40
-0.8660254037844389
 40
0.0
 40
1638.741823642674
 40
0.0
 40
0.0
 40
1.0
 40
-32.5
 40
0.0
 40
0.0
 40
0.0
 40
1.0
330
AFE
100
AcDbAssocArrayItem
 90
0
 90
11
 90
0
 90
0
 90
12
 40
-0.965925826289067
 40
-0.2588190451025209
 40
0.0
 40
2461.395107429086
 40
0.2588190451025263
 40
-0.9659258262890684
 40
0.0
 40
1632.712299770236
 40
0.0
 40
0.0
 40
1.0
 40
-32.5
 40
0.0
 40
0.0
 40
0.0
 40
1.0
330
AFF
100
AcDbAssocArrayItem
 90
0
 90
12
 90
0
 90
0
 90
12
 40
-1.0
 40
-8e-16
 40
0.0
 40
2460.543253086313
 40
6.7e-15
 40
-1.0
 40
0.0
 40
1626.241823642674
 40
0.0
 40
0.0
 40
1.0
 40
-32.5
 40
0.0
 40
0.0
 40
0.0
 40
1.0
330
B00
100
AcDbAssocArrayItem
 90
0
 90
13
 90
0
 90
0
 90
12
 40
-0.9659258262890702
 40
0.2588190451025202
 40
0.0
 40
2461.395107429086
 40
-0.2588190451025143
 40
-0.9659258262890688
 40
0.0
 40
1619.771347515111
 40
0.0
 40
0.0
 40
1.0
 40
-32.5
 40
0.0
 40
0.0
 40
0.0
 40
1.0
330
B01
100
AcDbAssocArrayItem
 90
0
 90
14
 90
0
 90
0
 90
12
 40
-0.8660254037844421
 40
0.4999999999999997
 40
0.0
 40
2463.892617991702
 40
-0.4999999999999946
 40
-0.866025403784439
 40
0.0
 40
1613.741823642674
 40
0.0
 40
0.0
 40
1.0
 40
-32.5
 40
0.0
 40
0.0
 40
0.0
 40
1.0
330
B02
100
AcDbAssocArrayItem
 90
0
 90
15
 90
0
 90
0
 90
12
 40
-0.7071067811865526
 40
0.7071067811865471
 40
0.0
 40
2467.865583556649
 40
-0.7071067811865428
 40
-0.707106781186548
 40
0.0
 40
1608.56415411301
 40
0.0
 40
0.0
 40
1.0
 40
-32.5
 40
0.0
 40
0.0
 40
0.0
 40
1.0
330
B03
100
AcDbAssocArrayItem
 90
0
 90
16
 90
0
 90
0
 90
12
 40
-0.5000000000000071
 40
0.8660254037844385
 40
0.0
 40
2473.043253086313
 40
-0.8660254037844349
 40
-0.5000000000000007
 40
0.0
 40
1604.591188548063
 40
0.0
 40
0.0
 40
1.0
 40
-32.5
 40
0.0
 40
0.0
 40
0.0
 40
1.0
330
B04
100
AcDbAssocArrayItem
 90
0
 90
17
 90
0
 90
0
 90
12
 40
-0.2588190451025291
 40
0.9659258262890684
 40
0.0
 40
2479.07277695875
 40
-0.9659258262890663
 40
-0.258819045102521
 40
0.0
 40
1602.093677985447
 40
0.0
 40
0.0
 40
1.0
 40
-32.5
 40
0.0
 40
0.0
 40
0.0
 40
1.0
330
B05
100
AcDbAssocArrayItem
 90
0
 90
18
 90
0
 90
0
 90
12
 40
-9.1e-15
 40
1.0
 40
0.0
 40
2485.543253086313
 40
-1.0
 40
-4e-16
 40
0.0
 40
1601.241823642674
 40
0.0
 40
0.0
 40
1.0
 40
-32.5
 40
0.0
 40
0.0
 40
0.0
 40
1.0
330
B06
100
AcDbAssocArrayItem
 90
0
 90
19
 90
0
 90
0
 90
12
 40
0.2588190451025115
 40
0.9659258262890688
 40
0.0
 40
2492.013729213876
 40
-0.9659258262890711
 40
0.2588190451025201
 40
0.0
 40
1602.093677985447
 40
0.0
 40
0.0
 40
1.0
 40
-32.5
 40
0.0
 40
0.0
 40
0.0
 40
1.0
330
B07
100
AcDbAssocArrayItem
 90
0
 90
20
 90
0
 90
0
 90
12
 40
0.4999999999999921
 40
0.8660254037844389
 40
0.0
 40
2498.043253086313
 40
-0.8660254037844435
 40
0.5
 40
0.0
 40
1604.591188548063
 40
0.0
 40
0.0
 40
1.0
 40
-32.5
 40
0.0
 40
0.0
 40
0.0
 40
1.0
330
B08
100
AcDbAssocArrayItem
 90
0
 90
21
 90
0
 90
0
 90
12
 40
0.7071067811865399
 40
0.7071067811865487
 40
0.0
 40
2503.220922615976
 40
-0.7071067811865555
 40
0.7071067811865467
 40
0.0
 40
1608.56415411301
 40
0.0
 40
0.0
 40
1.0
 40
-32.5
 40
0.0
 40
0.0
 40
0.0
 40
1.0
330
B09
100
AcDbAssocArrayItem
 90
0
 90
22
 90
0
 90
0
 90
12
 40
0.866025403784434
 40
0.5
 40
0.0
 40
2507.193888180924
 40
-0.5000000000000089
 40
0.866025403784439
 40
0.0
 40
1613.741823642674
 40
0.0
 40
0.0
 40
1.0
 40
-32.5
 40
0.0
 40
0.0
 40
0.0
 40
1.0
330
B0A
100
AcDbAssocArrayItem
 90
0
 90
23
 90
0
 90
0
 90
12
 40
0.9659258262890656
 40
0.2588190451025218
 40
0.0
 40
2509.69139874354
 40
-0.2588190451025323
 40
0.9659258262890681
 40
0.0
 40
1619.771347515111
 40
0.0
 40
0.0
 40
1.0
 40
-32.5
 40
0.0
 40
0.0
 40
0.0
 40
1.0
330
B0B
 40
1.0
 40
0.0
 40
0.0
 40
4576.650434195681
 40
0.0
 40
1.0
 40
0.0
 40
79.56140477118811
 40
0.0
 40
0.0
 40
1.0
 40
-3520.0
 40
0.0
 40
0.0
 40
0.0
 40
1.0
  0
ACDBASSOCDEPENDENCY
  5
ADA
330
AD8
100
AcDbAssocDependency
 90
2
 90
0
290
0
290
1
290
1
290
1
 90
0
330
AF2
290
0
330
0
330
0
360
0
 90
1
  0
ACDBASSOCDEPENDENCY
  5
ADB
330
AD8
100
AcDbAssocDependency
 90
2
 90
0
290
1
290
0
290
1
290
1
 90
0
330
AEE
290
0
330
0
330
0
360
0
 90
2
  0
ACDBASSOCDEPENDENCY
  5
ADC
330
AD8
100
AcDbAssocDependency
 90
2
 90
0
290
1
290
1
290
1
290
1
 90
-2147483648
330
ACC
290
0
330
0
330
0
360
0
 90
3
  0
ACDBASSOCVERTEXACTIONPARAM
  5
ADD
330
AD8
100
AcDbAssocActionParam
 90
1
 90
0
  1
BaseNormal
100
AcDbAssocSingleDependencyActionParam
 90
0
330
0
100
AcDbAssocVertexActionParam
 90
0
 10
0.0
 20
0.0
 30
1.0
  0
ACDBASSOCVERTEXACTIONPARAM
  5
ADE
330
AD8
100
AcDbAssocActionParam
 90
1
 90
0
  1
Origin
100
AcDbAssocSingleDependencyActionParam
 90
0
330
0
100
AcDbAssocVertexActionParam
 90
0
 10
2485.543253086313
 20
1626.241823642674
 30
-32.5
  0
ACDBASSOCVERTEXACTIONPARAM
  5
ADF
330
AD8
100
AcDbAssocActionParam
 90
1
 90
0
  1
basePoint
100
AcDbAssocSingleDependencyActionParam
 90
0
330
0
100
AcDbAssocVertexActionParam
 90
0
 10
0.0
 20
0.0
 30
0.0
  0
ACDBASSOCARRAYACTIONBODY
  5
B17
330
B16
100
AcDbAssocActionBody
 90
2
100
AcDbAssocArrayActionBody
 90
1
  1
AcDbAssocArrayPolarParameters
 90
0
 90
7
  1
AcDbAssocArrayItem
100
AcDbAssocArrayItem
 90
0
 90
0
 90
0
 90
0
 90
8
 11
2585.543253086314
 21
1600.874536331566
 31
-123.7874041846087
330
B2C
100
AcDbAssocArrayItem
 90
0
 90
1
 90
0
 90
0
 90
12
 40
0.6234898018587341
 40
-0.7818314824680295
 40
0.0
 40
2605.376196930949
 40
0.7818314824680295
 40
0.6234898018587341
 40
0.0
 40
1610.425578703378
 40
0.0
 40
0.0
 40
1.0
 40
-123.7874041846087
 40
0.0
 40
0.0
 40
0.0
 40
1.0
330
B2D
100
AcDbAssocArrayItem
 90
0
 90
2
 90
0
 90
0
 90
12
 40
-0.222520933956314
 40
-0.9749279121818236
 40
0.0
 40
2610.274529542248
 40
0.9749279121818236
 40
-0.2225209339563138
 40
0.0
 40
1631.88657610708
 40
0.0
 40
0.0
 40
1.0
 40
-123.7874041846087
 40
0.0
 40
0.0
 40
0.0
 40
1.0
330
B2E
100
AcDbAssocArrayItem
 90
0
 90
3
 90
0
 90
0
 90
12
 40
-0.9009688679024188
 40
-0.4338837391175589
 40
0.0
 40
2596.549706556126
 40
0.4338837391175585
 40
-0.9009688679024186
 40
0.0
 40
1649.096959773118
 40
0.0
 40
0.0
 40
1.0
 40
-123.7874041846087
 40
0.0
 40
0.0
 40
0.0
 40
1.0
330
B2F
100
AcDbAssocArrayItem
 90
0
 90
4
 90
0
 90
0
 90
12
 40
-0.9009688679024191
 40
0.4338837391175571
 40
0.0
 40
2574.536799616499
 40
-0.4338837391175577
 40
-0.9009688679024197
 40
0.0
 40
1649.096959773118
 40
0.0
 40
0.0
 40
1.0
 40
-123.7874041846087
 40
0.0
 40
0.0
 40
0.0
 40
1.0
330
B30
100
AcDbAssocArrayItem
 90
0
 90
5
 90
0
 90
0
 90
12
 40
-0.2225209339563131
 40
0.9749279121818236
 40
0.0
 40
2560.811976630378
 40
-0.974927912181824
 40
-0.2225209339563142
 40
0.0
 40
1631.886576107079
 40
0.0
 40
0.0
 40
1.0
 40
-123.7874041846087
 40
0.0
 40
0.0
 40
0.0
 40
1.0
330
B31
100
AcDbAssocArrayItem
 90
0
 90
6
 90
0
 90
0
 90
12
 40
0.6234898018587332
 40
0.7818314824680311
 40
0.0
 40
2565.710309241677
 40
-0.7818314824680302
 40
0.6234898018587323
 40
0.0
 40
1610.425578703377
 40
0.0
 40
0.0
 40
1.0
 40
-123.7874041846087
 40
0.0
 40
0.0
 40
0.0
 40
1.0
330
B32
 40
1.0
 40
0.0
 40
0.0
 40
4476.650434195681
 40
0.0
 40
1.0
 40
0.0
 40
229.5614047711881
 40
0.0
 40
0.0
 40
1.0
 40
-3667.5
 40
0.0
 40
0.0
 40
0.0
 40
1.0
  0
ACDBASSOCDEPENDENCY
  5
B18
330
B16
100
AcDbAssocDependency
 90
2
 90
0
290
0
290
1
290
1
290
1
 90
0
330
B2A
290
0
330
0
330
0
360
0
 90
1
  0
ACDBASSOCDEPENDENCY
  5
B19
330
B16
100
AcDbAssocDependency
 90
2
 90
0
290
1
290
0
290
1
290
1
 90
0
330
B26
290
0
330
0
330
0
360
0
 90
2
  0
ACDBASSOCDEPENDENCY
  5
B1A
330
B16
100
AcDbAssocDependency
 90
2
 90
0
290
1
290
1
290
1
290
1
 90
-2147483648
330
B11
290
0
330
0
330
0
360
0
 90
3
  0
ACDBASSOCVERTEXACTIONPARAM
  5
B1B
330
B16
100
AcDbAssocActionParam
 90
1
 90
0
  1
BaseNormal
100
AcDbAssocSingleDependencyActionParam
 90
0
330
0
100
AcDbAssocVertexActionParam
 90
0
 10
0.0
 20
0.0
 30
1.0
  0
ACDBASSOCVERTEXACTIONPARAM
  5
B1C
330
B16
100
AcDbAssocActionParam
 90
1
 90
0
  1
Origin
100
AcDbAssocSingleDependencyActionParam
 90
0
330
0
100
AcDbAssocVertexActionParam
 90
0
 10
2585.543253086313
 20
1626.241823642674
 30
-123.7874041846087
  0
ACDBASSOCVERTEXACTIONPARAM
  5
B1D
330
B16
100
AcDbAssocActionParam
 90
1
 90
0
  1
basePoint
100
AcDbAssocSingleDependencyActionParam
 90
0
330
0
100
AcDbAssocVertexActionParam
 90
0
 10
0.0
 20
0.0
 30
0.0
  0
ACDBASSOCARRAYACTIONBODY
  5
B1F
330
B1E
100
AcDbAssocActionBody
 90
2
100
AcDbAssocArrayActionBody
 90
1
  1
AcDbAssocArrayPolarParameters
 90
0
 90
24
  1
AcDbAssocArrayItem
100
AcDbAssocArrayItem
 90
0
 90
0
 90
0
 90
0
 90
8
 11
2510.543253086313
 21
1626.241823642674
 31
-32.5
330
B3A
100
AcDbAssocArrayItem
 90
0
 90
1
 90
0
 90
0
 90
12
 40
0.9659258262890688
 40
-0.2588190451025206
 40
0.0
 40
2509.69139874354
 40
0.2588190451025201
 40
0.9659258262890688
 40
0.0
 40
1632.712299770236
 40
0.0
 40
0.0
 40
1.0
 40
-32.5
 40
0.0
 40
0.0
 40
0.0
 40
1.0
330
B3B
100
AcDbAssocArrayItem
 90
0
 90
2
 90
0
 90
0
 90
12
 40
0.8660254037844397
 40
-0.4999999999999999
 40
0.0
 40
2507.193888180924
 40
0.4999999999999986
 40
0.866025403784439
 40
0.0
 40
1638.741823642674
 40
0.0
 40
0.0
 40
1.0
 40
-32.5
 40
0.0
 40
0.0
 40
0.0
 40
1.0
330
B3C
100
AcDbAssocArrayItem
 90
0
 90
3
 90
0
 90
0
 90
12
 40
0.7071067811865493
 40
-0.7071067811865475
 40
0.0
 40
2503.220922615976
 40
0.7071067811865462
 40
0.7071067811865479
 40
0.0
 40
1643.919493172337
 40
0.0
 40
0.0
 40
1.0
 40
-32.5
 40
0.0
 40
0.0
 40
0.0
 40
1.0
330
B3D
100
AcDbAssocArrayItem
 90
0
 90
4
 90
0
 90
0
 90
12
 40
0.5000000000000026
 40
-0.8660254037844385
 40
0.0
 40
2498.043253086313
 40
0.8660254037844376
 40
0.5000000000000006
 40
0.0
 40
1647.892458737285
 40
0.0
 40
0.0
 40
1.0
 40
-32.5
 40
0.0
 40
0.0
 40
0.0
 40
1.0
330
B3E
100
AcDbAssocArrayItem
 90
0
 90
5
 90
0
 90
0
 90
12
 40
0.2588190451025245
 40
-0.9659258262890684
 40
0.0
 40
2492.013729213876
 40
0.9659258262890675
 40
0.2588190451025211
 40
0.0
 40
1650.3899692999
 40
0.0
 40
0.0
 40
1.0
 40
-32.5
 40
0.0
 40
0.0
 40
0.0
 40
1.0
330
B3F
100
AcDbAssocArrayItem
 90
0
 90
6
 90
0
 90
0
 90
12
 40
4.7e-15
 40
-1.0
 40
0.0
 40
2485.543253086313
 40
1.0
 40
5e-16
 40
0.0
 40
1651.241823642674
 40
0.0
 40
0.0
 40
1.0
 40
-32.5
 40
0.0
 40
0.0
 40
0.0
 40
1.0
330
B40
100
AcDbAssocArrayItem
 90
0
 90
7
 90
0
 90
0
 90
12
 40
-0.2588190451025161
 40
-0.9659258262890688
 40
0.0
 40
2479.07277695875
 40
0.9659258262890698
 40
-0.2588190451025205
 40
0.0
 40
1650.3899692999
 40
0.0
 40
0.0
 40
1.0
 40
-32.5
 40
0.0
 40
0.0
 40
0.0
 40
1.0
330
B41
100
AcDbAssocArrayItem
 90
0
 90
8
 90
0
 90
0
 90
12
 40
-0.4999999999999955
 40
-0.866025403784439
 40
0.0
 40
2473.043253086313
 40
0.8660254037844415
 40
-0.4999999999999998
 40
0.0
 40
1647.892458737285
 40
0.0
 40
0.0
 40
1.0
 40
-32.5
 40
0.0
 40
0.0
 40
0.0
 40
1.0
330
B42
100
AcDbAssocArrayItem
 90
0
 90
9
 90
0
 90
0
 90
12
 40
-0.7071067811865442
 40
-0.7071067811865479
 40
0.0
 40
2467.865583556649
 40
0.7071067811865513
 40
-0.7071067811865476
 40
0.0
 40
1643.919493172337
 40
0.0
 40
0.0
 40
1.0
 40
-32.5
 40
0.0
 40
0.0
 40
0.0
 40
1.0
330
B43
100
AcDbAssocArrayItem
 90
0
 90
10
 90
0
 90
0
 90
12
 40
-0.8660254037844364
 40
-0.5000000000000002
 40
0.0
 40
2463.892617991702
 40
0.5000000000000047
 40
-0.8660254037844389
 40
0.0
 40
1638.741823642674
 40
0.0
 40
0.0
 40
1.0
 40
-32.5
 40
0.0
 40
0.0
 40
0.0
 40
1.0
330
B44
100
AcDbAssocArrayItem
 90
0
 90
11
 90
0
 90
0
 90
12
 40
-0.965925826289067
 40
-0.2588190451025209
 40
0.0
 40
2461.395107429086
 40
0.2588190451025263
 40
-0.9659258262890684
 40
0.0
 40
1632.712299770236
 40
0.0
 40
0.0
 40
1.0
 40
-32.5
 40
0.0
 40
0.0
 40
0.0
 40
1.0
330
B45
100
AcDbAssocArrayItem
 90
0
 90
12
 90
0
 90
0
 90
12
 40
-1.0
 40
-8e-16
 40
0.0
 40
2460.543253086313
 40
6.7e-15
 40
-1.0
 40
0.0
 40
1626.241823642674
 40
0.0
 40
0.0
 40
1.0
 40
-32.5
 40
0.0
 40
0.0
 40
0.0
 40
1.0
330
B46
100
AcDbAssocArrayItem
 90
0
 90
13
 90
0
 90
0
 90
12
 40
-0.9659258262890702
 40
0.2588190451025202
 40
0.0
 40
2461.395107429086
 40
-0.2588190451025143
 40
-0.9659258262890688
 40
0.0
 40
1619.771347515111
 40
0.0
 40
0.0
 40
1.0
 40
-32.5
 40
0.0
 40
0.0
 40
0.0
 40
1.0
330
B47
100
AcDbAssocArrayItem
 90
0
 90
14
 90
0
 90
0
 90
12
 40
-0.8660254037844421
 40
0.4999999999999997
 40
0.0
 40
2463.892617991702
 40
-0.4999999999999946
 40
-0.866025403784439
 40
0.0
 40
1613.741823642674
 40
0.0
 40
0.0
 40
1.0
 40
-32.5
 40
0.0
 40
0.0
 40
0.0
 40
1.0
330
B48
100
AcDbAssocArrayItem
 90
0
 90
15
 90
0
 90
0
 90
12
 40
-0.7071067811865526
 40
0.7071067811865471
 40
0.0
 40
2467.865583556649
 40
-0.7071067811865428
 40
-0.707106781186548
 40
0.0
 40
1608.56415411301
 40
0.0
 40
0.0
 40
1.0
 40
-32.5
 40
0.0
 40
0.0
 40
0.0
 40
1.0
330
B49
100
AcDbAssocArrayItem
 90
0
 90
16
 90
0
 90
0
 90
12
 40
-0.5000000000000071
 40
0.8660254037844385
 40
0.0
 40
2473.043253086313
 40
-0.8660254037844349
 40
-0.5000000000000007
 40
0.0
 40
1604.591188548063
 40
0.0
 40
0.0
 40
1.0
 40
-32.5
 40
0.0
 40
0.0
 40
0.0
 40
1.0
330
B4A
100
AcDbAssocArrayItem
 90
0
 90
17
 90
0
 90
0
 90
12
 40
-0.2588190451025291
 40
0.9659258262890684
 40
0.0
 40
2479.07277695875
 40
-0.9659258262890663
 40
-0.258819045102521
 40
0.0
 40
1602.093677985447
 40
0.0
 40
0.0
 40
1.0
 40
-32.5
 40
0.0
 40
0.0
 40
0.0
 40
1.0
330
B4B
100
AcDbAssocArrayItem
 90
0
 90
18
 90
0
 90
0
 90
12
 40
-9.1e-15
 40
1.0
 40
0.0
 40
2485.543253086313
 40
-1.0
 40
-4e-16
 40
0.0
 40
1601.241823642674
 40
0.0
 40
0.0
 40
1.0
 40
-32.5
 40
0.0
 40
0.0
 40
0.0
 40
1.0
330
B4C
100
AcDbAssocArrayItem
 90
0
 90
19
 90
0
 90
0
 90
12
 40
0.2588190451025115
 40
0.9659258262890688
 40
0.0
 40
2492.013729213876
 40
-0.9659258262890711
 40
0.2588190451025201
 40
0.0
 40
1602.093677985447
 40
0.0
 40
0.0
 40
1.0
 40
-32.5
 40
0.0
 40
0.0
 40
0.0
 40
1.0
330
B4D
100
AcDbAssocArrayItem
 90
0
 90
20
 90
0
 90
0
 90
12
 40
0.4999999999999921
 40
0.8660254037844389
 40
0.0
 40
2498.043253086313
 40
-0.8660254037844435
 40
0.5
 40
0.0
 40
1604.591188548063
 40
0.0
 40
0.0
 40
1.0
 40
-32.5
 40
0.0
 40
0.0
 40
0.0
 40
1.0
330
B4E
100
AcDbAssocArrayItem
 90
0
 90
21
 90
0
 90
0
 90
12
 40
0.7071067811865399
 40
0.7071067811865487
 40
0.0
 40
2503.220922615976
 40
-0.7071067811865555
 40
0.7071067811865467
 40
0.0
 40
1608.56415411301
 40
0.0
 40
0.0
 40
1.0
 40
-32.5
 40
0.0
 40
0.0
 40
0.0
 40
1.0
330
B4F
100
AcDbAssocArrayItem
 90
0
 90
22
 90
0
 90
0
 90
12
 40
0.866025403784434
 40
0.5
 40
0.0
 40
2507.193888180924
 40
-0.5000000000000089
 40
0.866025403784439
 40
0.0
 40
1613.741823642674
 40
0.0
 40
0.0
 40
1.0
 40
-32.5
 40
0.0
 40
0.0
 40
0.0
 40
1.0
330
B50
100
AcDbAssocArrayItem
 90
0
 90
23
 90
0
 90
0
 90
12
 40
0.9659258262890656
 40
0.2588190451025218
 40
0.0
 40
2509.69139874354
 40
-0.2588190451025323
 40
0.9659258262890681
 40
0.0
 40
1619.771347515111
 40
0.0
 40
0.0
 40
1.0
 40
-32.5
 40
0.0
 40
0.0
 40
0.0
 40
1.0
330
B51
 40
1.0
 40
0.0
 40
0.0
 40
4576.650434195681
 40
0.0
 40
1.0
 40
0.0
 40
229.5614047711881
 40
0.0
 40
0.0
 40
1.0
 40
-3670.0
 40
0.0
 40
0.0
 40
0.0
 40
1.0
  0
ACDBASSOCDEPENDENCY
  5
B20
330
B1E
100
AcDbAssocDependency
 90
2
 90
0
290
0
290
1
290
1
290
1
 90
0
330
B38
290
0
330
0
330
0
360
0
 90
1
  0
ACDBASSOCDEPENDENCY
  5
B21
330
B1E
100
AcDbAssocDependency
 90
2
 90
0
290
1
290
0
290
1
290
1
 90
0
330
B34
290
0
330
0
330
0
360
0
 90
2
  0
ACDBASSOCDEPENDENCY
  5
B22
330
B1E
100
AcDbAssocDependency
 90
2
 90
0
290
1
290
1
290
1
290
1
 90
-2147483648
330
B12
290
0
330
0
330
0
360
0
 90
3
  0
ACDBASSOCVERTEXACTIONPARAM
  5
B23
330
B1E
100
AcDbAssocActionParam
 90
1
 90
0
  1
BaseNormal
100
AcDbAssocSingleDependencyActionParam
 90
0
330
0
100
AcDbAssocVertexActionParam
 90
0
 10
0.0
 20
0.0
 30
1.0
  0
ACDBASSOCVERTEXACTIONPARAM
  5
B24
330
B1E
100
AcDbAssocActionParam
 90
1
 90
0
  1
Origin
100
AcDbAssocSingleDependencyActionParam
 90
0
330
0
100
AcDbAssocVertexActionParam
 90
0
 10
2485.543253086313
 20
1626.241823642674
 30
-32.5
  0
ACDBASSOCVERTEXACTIONPARAM
  5
B25
330
B1E
100
AcDbAssocActionParam
 90
1
 90
0
  1
basePoint
100
AcDbAssocSingleDependencyActionParam
 90
0
330
0
100
AcDbAssocVertexActionParam
 90
0
 10
0.0
 20
0.0
 30
0.0
  0
ACDBASSOCARRAYACTIONBODY
  5
B5D
330
B5C
100
AcDbAssocActionBody
 90
2
100
AcDbAssocArrayActionBody
 90
1
  1
AcDbAssocArrayPolarParameters
 90
0
 90
7
  1
AcDbAssocArrayItem
100
AcDbAssocArrayItem
 90
0
 90
0
 90
0
 90
0
 90
8
 11
2585.543253086314
 21
1600.874536331566
 31
-123.7874041846087
330
B72
100
AcDbAssocArrayItem
 90
0
 90
1
 90
0
 90
0
 90
12
 40
0.6234898018587341
 40
-0.7818314824680295
 40
0.0
 40
2605.376196930949
 40
0.7818314824680295
 40
0.6234898018587341
 40
0.0
 40
1610.425578703378
 40
0.0
 40
0.0
 40
1.0
 40
-123.7874041846087
 40
0.0
 40
0.0
 40
0.0
 40
1.0
330
B73
100
AcDbAssocArrayItem
 90
0
 90
2
 90
0
 90
0
 90
12
 40
-0.222520933956314
 40
-0.9749279121818236
 40
0.0
 40
2610.274529542248
 40
0.9749279121818236
 40
-0.2225209339563138
 40
0.0
 40
1631.88657610708
 40
0.0
 40
0.0
 40
1.0
 40
-123.7874041846087
 40
0.0
 40
0.0
 40
0.0
 40
1.0
330
B74
100
AcDbAssocArrayItem
 90
0
 90
3
 90
0
 90
0
 90
12
 40
-0.9009688679024188
 40
-0.4338837391175589
 40
0.0
 40
2596.549706556126
 40
0.4338837391175585
 40
-0.9009688679024186
 40
0.0
 40
1649.096959773118
 40
0.0
 40
0.0
 40
1.0
 40
-123.7874041846087
 40
0.0
 40
0.0
 40
0.0
 40
1.0
330
B75
100
AcDbAssocArrayItem
 90
0
 90
4
 90
0
 90
0
 90
12
 40
-0.9009688679024191
 40
0.4338837391175571
 40
0.0
 40
2574.536799616499
 40
-0.4338837391175577
 40
-0.9009688679024197
 40
0.0
 40
1649.096959773118
 40
0.0
 40
0.0
 40
1.0
 40
-123.7874041846087
 40
0.0
 40
0.0
 40
0.0
 40
1.0
330
B76
100
AcDbAssocArrayItem
 90
0
 90
5
 90
0
 90
0
 90
12
 40
-0.2225209339563131
 40
0.9749279121818236
 40
0.0
 40
2560.811976630378
 40
-0.974927912181824
 40
-0.2225209339563142
 40
0.0
 40
1631.886576107079
 40
0.0
 40
0.0
 40
1.0
 40
-123.7874041846087
 40
0.0
 40
0.0
 40
0.0
 40
1.0
330
B77
100
AcDbAssocArrayItem
 90
0
 90
6
 90
0
 90
0
 90
12
 40
0.6234898018587332
 40
0.7818314824680311
 40
0.0
 40
2565.710309241677
 40
-0.7818314824680302
 40
0.6234898018587323
 40
0.0
 40
1610.425578703377
 40
0.0
 40
0.0
 40
1.0
 40
-123.7874041846087
 40
0.0
 40
0.0
 40
0.0
 40
1.0
330
B78
 40
1.0
 40
0.0
 40
0.0
 40
4476.650434195681
 40
0.0
 40
1.0
 40
0.0
 40
379.5614047711881
 40
0.0
 40
0.0
 40
1.0
 40
-3817.500000000001
 40
0.0
 40
0.0
 40
0.0
 40
1.0
  0
ACDBASSOCDEPENDENCY
  5
B5E
330
B5C
100
AcDbAssocDependency
 90
2
 90
0
290
0
290
1
290
1
290
1
 90
0
330
B70
290
0
330
0
330
0
360
0
 90
1
  0
ACDBASSOCDEPENDENCY
  5
B5F
330
B5C
100
AcDbAssocDependency
 90
2
 90
0
290
1
290
0
290
1
290
1
 90
0
330
B6C
290
0
330
0
330
0
360
0
 90
2
  0
ACDBASSOCDEPENDENCY
  5
B60
330
B5C
100
AcDbAssocDependency
 90
2
 90
0
290
1
290
1
290
1
290
1
 90
-2147483648
330
B57
290
0
330
0
330
0
360
0
 90
3
  0
ACDBASSOCVERTEXACTIONPARAM
  5
B61
330
B5C
100
AcDbAssocActionParam
 90
1
 90
0
  1
BaseNormal
100
AcDbAssocSingleDependencyActionParam
 90
0
330
0
100
AcDbAssocVertexActionParam
 90
0
 10
0.0
 20
0.0
 30
1.0
  0
ACDBASSOCVERTEXACTIONPARAM
  5
B62
330
B5C
100
AcDbAssocActionParam
 90
1
 90
0
  1
Origin
100
AcDbAssocSingleDependencyActionParam
 90
0
330
0
100
AcDbAssocVertexActionParam
 90
0
 10
2585.543253086313
 20
1626.241823642674
 30
-123.7874041846087
  0
ACDBASSOCVERTEXACTIONPARAM
  5
B63
330
B5C
100
AcDbAssocActionParam
 90
1
 90
0
  1
basePoint
100
AcDbAssocSingleDependencyActionParam
 90
0
330
0
100
AcDbAssocVertexActionParam
 90
0
 10
0.0
 20
0.0
 30
0.0
  0
ACDBASSOCARRAYACTIONBODY
  5
B65
330
B64
100
AcDbAssocActionBody
 90
2
100
AcDbAssocArrayActionBody
 90
1
  1
AcDbAssocArrayPolarParameters
 90
0
 90
24
  1
AcDbAssocArrayItem
100
AcDbAssocArrayItem
 90
0
 90
0
 90
0
 90
0
 90
8
 11
2510.543253086313
 21
1626.241823642674
 31
-32.5
330
B80
100
AcDbAssocArrayItem
 90
0
 90
1
 90
0
 90
0
 90
12
 40
0.9659258262890688
 40
-0.2588190451025206
 40
0.0
 40
2509.69139874354
 40
0.2588190451025201
 40
0.9659258262890688
 40
0.0
 40
1632.712299770236
 40
0.0
 40
0.0
 40
1.0
 40
-32.5
 40
0.0
 40
0.0
 40
0.0
 40
1.0
330
B81
100
AcDbAssocArrayItem
 90
0
 90
2
 90
0
 90
0
 90
12
 40
0.8660254037844397
 40
-0.4999999999999999
 40
0.0
 40
2507.193888180924
 40
0.4999999999999986
 40
0.866025403784439
 40
0.0
 40
1638.741823642674
 40
0.0
 40
0.0
 40
1.0
 40
-32.5
 40
0.0
 40
0.0
 40
0.0
 40
1.0
330
B82
100
AcDbAssocArrayItem
 90
0
 90
3
 90
0
 90
0
 90
12
 40
0.7071067811865493
 40
-0.7071067811865475
 40
0.0
 40
2503.220922615976
 40
0.7071067811865462
 40
0.7071067811865479
 40
0.0
 40
1643.919493172337
 40
0.0
 40
0.0
 40
1.0
 40
-32.5
 40
0.0
 40
0.0
 40
0.0
 40
1.0
330
B83
100
AcDbAssocArrayItem
 90
0
 90
4
 90
0
 90
0
 90
12
 40
0.5000000000000026
 40
-0.8660254037844385
 40
0.0
 40
2498.043253086313
 40
0.8660254037844376
 40
0.5000000000000006
 40
0.0
 40
1647.892458737285
 40
0.0
 40
0.0
 40
1.0
 40
-32.5
 40
0.0
 40
0.0
 40
0.0
 40
1.0
330
B84
100
AcDbAssocArrayItem
 90
0
 90
5
 90
0
 90
0
 90
12
 40
0.2588190451025245
 40
-0.9659258262890684
 40
0.0
 40
2492.013729213876
 40
0.9659258262890675
 40
0.2588190451025211
 40
0.0
 40
1650.3899692999
 40
0.0
 40
0.0
 40
1.0
 40
-32.5
 40
0.0
 40
0.0
 40
0.0
 40
1.0
330
B85
100
AcDbAssocArrayItem
 90
0
 90
6
 90
0
 90
0
 90
12
 40
4.7e-15
 40
-1.0
 40
0.0
 40
2485.543253086313
 40
1.0
 40
5e-16
 40
0.0
 40
1651.241823642674
 40
0.0
 40
0.0
 40
1.0
 40
-32.5
 40
0.0
 40
0.0
 40
0.0
 40
1.0
330
B86
100
AcDbAssocArrayItem
 90
0
 90
7
 90
0
 90
0
 90
12
 40
-0.2588190451025161
 40
-0.9659258262890688
 40
0.0
 40
2479.07277695875
 40
0.9659258262890698
 40
-0.2588190451025205
 40
0.0
 40
1650.3899692999
 40
0.0
 40
0.0
 40
1.0
 40
-32.5
 40
0.0
 40
0.0
 40
0.0
 40
1.0
330
B87
100
AcDbAssocArrayItem
 90
0
 90
8
 90
0
 90
0
 90
12
 40
-0.4999999999999955
 40
-0.866025403784439
 40
0.0
 40
2473.043253086313
 40
0.8660254037844415
 40
-0.4999999999999998
 40
0.0
 40
1647.892458737285
 40
0.0
 40
0.0
 40
1.0
 40
-32.5
 40
0.0
 40
0.0
 40
0.0
 40
1.0
330
B88
100
AcDbAssocArrayItem
 90
0
 90
9
 90
0
 90
0
 90
12
 40
-0.7071067811865442
 40
-0.7071067811865479
 40
0.0
 40
2467.865583556649
 40
0.7071067811865513
 40
-0.7071067811865476
 40
0.0
 40
1643.919493172337
 40
0.0
 40
0.0
 40
1.0
 40
-32.5
 40
0.0
 40
0.0
 40
0.0
 40
1.0
330
B89
100
AcDbAssocArrayItem
 90
0
 90
10
 90
0
 90
0
 90
12
 40
-0.8660254037844364
 40
-0.5000000000000002
 40
0.0
 40
2463.892617991702
 40
0.5000000000000047
 40
-0.8660254037844389
 40
0.0
 40
1638.741823642674
 40
0.0
 40
0.0
 40
1.0
 40
-32.5
 40
0.0
 40
0.0
 40
0.0
 40
1.0
330
B8A
100
AcDbAssocArrayItem
 90
0
 90
11
 90
0
 90
0
 90
12
 40
-0.965925826289067
 40
-0.2588190451025209
 40
0.0
 40
2461.395107429086
 40
0.2588190451025263
 40
-0.9659258262890684
 40
0.0
 40
1632.712299770236
 40
0.0
 40
0.0
 40
1.0
 40
-32.5
 40
0.0
 40
0.0
 40
0.0
 40
1.0
330
B8B
100
AcDbAssocArrayItem
 90
0
 90
12
 90
0
 90
0
 90
12
 40
-1.0
 40
-8e-16
 40
0.0
 40
2460.543253086313
 40
6.7e-15
 40
-1.0
 40
0.0
 40
1626.241823642674
 40
0.0
 40
0.0
 40
1.0
 40
-32.5
 40
0.0
 40
0.0
 40
0.0
 40
1.0
330
B8C
100
AcDbAssocArrayItem
 90
0
 90
13
 90
0
 90
0
 90
12
 40
-0.9659258262890702
 40
0.2588190451025202
 40
0.0
 40
2461.395107429086
 40
-0.2588190451025143
 40
-0.9659258262890688
 40
0.0
 40
1619.771347515111
 40
0.0
 40
0.0
 40
1.0
 40
-32.5
 40
0.0
 40
0.0
 40
0.0
 40
1.0
330
B8D
100
AcDbAssocArrayItem
 90
0
 90
14
 90
0
 90
0
 90
12
 40
-0.8660254037844421
 40
0.4999999999999997
 40
0.0
 40
2463.892617991702
 40
-0.4999999999999946
 40
-0.866025403784439
 40
0.0
 40
1613.741823642674
 40
0.0
 40
0.0
 40
1.0
 40
-32.5
 40
0.0
 40
0.0
 40
0.0
 40
1.0
330
B8E
100
AcDbAssocArrayItem
 90
0
 90
15
 90
0
 90
0
 90
12
 40
-0.7071067811865526
 40
0.7071067811865471
 40
0.0
 40
2467.865583556649
 40
-0.7071067811865428
 40
-0.707106781186548
 40
0.0
 40
1608.56415411301
 40
0.0
 40
0.0
 40
1.0
 40
-32.5
 40
0.0
 40
0.0
 40
0.0
 40
1.0
330
B8F
100
AcDbAssocArrayItem
 90
0
 90
16
 90
0
 90
0
 90
12
 40
-0.5000000000000071
 40
0.8660254037844385
 40
0.0
 40
2473.043253086313
 40
-0.8660254037844349
 40
-0.5000000000000007
 40
0.0
 40
1604.591188548063
 40
0.0
 40
0.0
 40
1.0
 40
-32.5
 40
0.0
 40
0.0
 40
0.0
 40
1.0
330
B90
100
AcDbAssocArrayItem
 90
0
 90
17
 90
0
 90
0
 90
12
 40
-0.2588190451025291
 40
0.9659258262890684
 40
0.0
 40
2479.07277695875
 40
-0.9659258262890663
 40
-0.258819045102521
 40
0.0
 40
1602.093677985447
 40
0.0
 40
0.0
 40
1.0
 40
-32.5
 40
0.0
 40
0.0
 40
0.0
 40
1.0
330
B91
100
AcDbAssocArrayItem
 90
0
 90
18
 90
0
 90
0
 90
12
 40
-9.1e-15
 40
1.0
 40
0.0
 40
2485.543253086313
 40
-1.0
 40
-4e-16
 40
0.0
 40
1601.241823642674
 40
0.0
 40
0.0
 40
1.0
 40
-32.5
 40
0.0
 40
0.0
 40
0.0
 40
1.0
330
B92
100
AcDbAssocArrayItem
 90
0
 90
19
 90
0
 90
0
 90
12
 40
0.2588190451025115
 40
0.9659258262890688
 40
0.0
 40
2492.013729213876
 40
-0.9659258262890711
 40
0.2588190451025201
 40
0.0
 40
1602.093677985447
 40
0.0
 40
0.0
 40
1.0
 40
-32.5
 40
0.0
 40
0.0
 40
0.0
 40
1.0
330
B93
100
AcDbAssocArrayItem
 90
0
 90
20
 90
0
 90
0
 90
12
 40
0.4999999999999921
 40
0.8660254037844389
 40
0.0
 40
2498.043253086313
 40
-0.8660254037844435
 40
0.5
 40
0.0
 40
1604.591188548063
 40
0.0
 40
0.0
 40
1.0
 40
-32.5
 40
0.0
 40
0.0
 40
0.0
 40
1.0
330
B94
100
AcDbAssocArrayItem
 90
0
 90
21
 90
0
 90
0
 90
12
 40
0.7071067811865399
 40
0.7071067811865487
 40
0.0
 40
2503.220922615976
 40
-0.7071067811865555
 40
0.7071067811865467
 40
0.0
 40
1608.56415411301
 40
0.0
 40
0.0
 40
1.0
 40
-32.5
 40
0.0
 40
0.0
 40
0.0
 40
1.0
330
B95
100
AcDbAssocArrayItem
 90
0
 90
22
 90
0
 90
0
 90
12
 40
0.866025403784434
 40
0.5
 40
0.0
 40
2507.193888180924
 40
-0.5000000000000089
 40
0.866025403784439
 40
0.0
 40
1613.741823642674
 40
0.0
 40
0.0
 40
1.0
 40
-32.5
 40
0.0
 40
0.0
 40
0.0
 40
1.0
330
B96
100
AcDbAssocArrayItem
 90
0
 90
23
 90
0
 90
0
 90
12
 40
0.9659258262890656
 40
0.2588190451025218
 40
0.0
 40
2509.69139874354
 40
-0.2588190451025323
 40
0.9659258262890681
 40
0.0
 40
1619.771347515111
 40
0.0
 40
0.0
 40
1.0
 40
-32.5
 40
0.0
 40
0.0
 40
0.0
 40
1.0
330
B97
 40
1.0
 40
0.0
 40
0.0
 40
4576.650434195681
 40
0.0
 40
1.0
 40
0.0
 40
379.5614047711881
 40
0.0
 40
0.0
 40
1.0
 40
-3820.0
 40
0.0
 40
0.0
 40
0.0
 40
1.0
  0
ACDBASSOCDEPENDENCY
  5
B66
330
B64
100
AcDbAssocDependency
 90
2
 90
0
290
0
290
1
290
1
290
1
 90
0
330
B7E
290
0
330
0
330
0
360
0
 90
1
  0
ACDBASSOCDEPENDENCY
  5
B67
330
B64
100
AcDbAssocDependency
 90
2
 90
0
290
1
290
0
290
1
290
1
 90
0
330
B7A
290
0
330
0
330
0
360
0
 90
2
  0
ACDBASSOCDEPENDENCY
  5
B68
330
B64
100
AcDbAssocDependency
 90
2
 90
0
290
1
290
1
290
1
290
1
 90
-2147483648
330
B58
290
0
330
0
330
0
360
0
 90
3
  0
ACDBASSOCVERTEXACTIONPARAM
  5
B69
330
B64
100
AcDbAssocActionParam
 90
1
 90
0
  1
BaseNormal
100
AcDbAssocSingleDependencyActionParam
 90
0
330
0
100
AcDbAssocVertexActionParam
 90
0
 10
0.0
 20
0.0
 30
1.0
  0
ACDBASSOCVERTEXACTIONPARAM
  5
B6A
330
B64
100
AcDbAssocActionParam
 90
1
 90
0
  1
Origin
100
AcDbAssocSingleDependencyActionParam
 90
0
330
0
100
AcDbAssocVertexActionParam
 90
0
 10
2485.543253086313
 20
1626.241823642674
 30
-32.5
  0
ACDBASSOCVERTEXACTIONPARAM
  5
B6B
330
B64
100
AcDbAssocActionParam
 90
1
 90
0
  1
basePoint
100
AcDbAssocSingleDependencyActionParam
 90
0
330
0
100
AcDbAssocVertexActionParam
 90
0
 10
0.0
 20
0.0
 30
0.0
  0
ACDBASSOCARRAYACTIONBODY
  5
BA3
330
BA2
100
AcDbAssocActionBody
 90
2
100
AcDbAssocArrayActionBody
 90
1
  1
AcDbAssocArrayPolarParameters
 90
0
 90
7
  1
AcDbAssocArrayItem
100
AcDbAssocArrayItem
 90
0
 90
0
 90
0
 90
0
 90
8
 11
2585.543253086314
 21
1600.874536331566
 31
-123.7874041846087
330
BB8
100
AcDbAssocArrayItem
 90
0
 90
1
 90
0
 90
0
 90
12
 40
0.6234898018587341
 40
-0.7818314824680295
 40
0.0
 40
2605.376196930949
 40
0.7818314824680295
 40
0.6234898018587341
 40
0.0
 40
1610.425578703378
 40
0.0
 40
0.0
 40
1.0
 40
-123.7874041846087
 40
0.0
 40
0.0
 40
0.0
 40
1.0
330
BB9
100
AcDbAssocArrayItem
 90
0
 90
2
 90
0
 90
0
 90
12
 40
-0.222520933956314
 40
-0.9749279121818236
 40
0.0
 40
2610.274529542248
 40
0.9749279121818236
 40
-0.2225209339563138
 40
0.0
 40
1631.88657610708
 40
0.0
 40
0.0
 40
1.0
 40
-123.7874041846087
 40
0.0
 40
0.0
 40
0.0
 40
1.0
330
BBA
100
AcDbAssocArrayItem
 90
0
 90
3
 90
0
 90
0
 90
12
 40
-0.9009688679024188
 40
-0.4338837391175589
 40
0.0
 40
2596.549706556126
 40
0.4338837391175585
 40
-0.9009688679024186
 40
0.0
 40
1649.096959773118
 40
0.0
 40
0.0
 40
1.0
 40
-123.7874041846087
 40
0.0
 40
0.0
 40
0.0
 40
1.0
330
BBB
100
AcDbAssocArrayItem
 90
0
 90
4
 90
0
 90
0
 90
12
 40
-0.9009688679024191
 40
0.4338837391175571
 40
0.0
 40
2574.536799616499
 40
-0.4338837391175577
 40
-0.9009688679024197
 40
0.0
 40
1649.096959773118
 40
0.0
 40
0.0
 40
1.0
 40
-123.7874041846087
 40
0.0
 40
0.0
 40
0.0
 40
1.0
330
BBC
100
AcDbAssocArrayItem
 90
0
 90
5
 90
0
 90
0
 90
12
 40
-0.2225209339563131
 40
0.9749279121818236
 40
0.0
 40
2560.811976630378
 40
-0.974927912181824
 40
-0.2225209339563142
 40
0.0
 40
1631.886576107079
 40
0.0
 40
0.0
 40
1.0
 40
-123.7874041846087
 40
0.0
 40
0.0
 40
0.0
 40
1.0
330
BBD
100
AcDbAssocArrayItem
 90
0
 90
6
 90
0
 90
0
 90
12
 40
0.6234898018587332
 40
0.7818314824680311
 40
0.0
 40
2565.710309241677
 40
-0.7818314824680302
 40
0.6234898018587323
 40
0.0
 40
1610.425578703377
 40
0.0
 40
0.0
 40
1.0
 40
-123.7874041846087
 40
0.0
 40
0.0
 40
0.0
 40
1.0
330
BBE
 40
1.0
 40
0.0
 40
0.0
 40
4476.650434195676
 40
0.0
 40
1.0
 40
0.0
 40
529.5614047711883
 40
0.0
 40
0.0
 40
1.0
 40
-3367.500000000001
 40
0.0
 40
0.0
 40
0.0
 40
1.0
  0
ACDBASSOCDEPENDENCY
  5
BA4
330
BA2
100
AcDbAssocDependency
 90
2
 90
0
290
0
290
1
290
1
290
1
 90
0
330
BB6
290
0
330
0
330
0
360
0
 90
1
  0
ACDBASSOCDEPENDENCY
  5
BA5
330
BA2
100
AcDbAssocDependency
 90
2
 90
0
290
1
290
0
290
1
290
1
 90
0
330
BB2
290
0
330
0
330
0
360
0
 90
2
  0
ACDBASSOCDEPENDENCY
  5
BA6
330
BA2
100
AcDbAssocDependency
 90
2
 90
0
290
1
290
1
290
1
290
1
 90
-2147483648
330
B9D
290
0
330
0
330
0
360
0
 90
3
  0
ACDBASSOCVERTEXACTIONPARAM
  5
BA7
330
BA2
100
AcDbAssocActionParam
 90
1
 90
0
  1
BaseNormal
100
AcDbAssocSingleDependencyActionParam
 90
0
330
0
100
AcDbAssocVertexActionParam
 90
0
 10
0.0
 20
0.0
 30
1.0
  0
ACDBASSOCVERTEXACTIONPARAM
  5
BA8
330
BA2
100
AcDbAssocActionParam
 90
1
 90
0
  1
Origin
100
AcDbAssocSingleDependencyActionParam
 90
0
330
0
100
AcDbAssocVertexActionParam
 90
0
 10
2585.543253086313
 20
1626.241823642674
 30
-123.7874041846087
  0
ACDBASSOCVERTEXACTIONPARAM
  5
BA9
330
BA2
100
AcDbAssocActionParam
 90
1
 90
0
  1
basePoint
100
AcDbAssocSingleDependencyActionParam
 90
0
330
0
100
AcDbAssocVertexActionParam
 90
0
 10
0.0
 20
0.0
 30
0.0
  0
ACDBASSOCARRAYACTIONBODY
  5
BAB
330
BAA
100
AcDbAssocActionBody
 90
2
100
AcDbAssocArrayActionBody
 90
1
  1
AcDbAssocArrayPolarParameters
 90
0
 90
24
  1
AcDbAssocArrayItem
100
AcDbAssocArrayItem
 90
0
 90
0
 90
0
 90
0
 90
8
 11
2510.543253086313
 21
1626.241823642674
 31
-32.5
330
BC6
100
AcDbAssocArrayItem
 90
0
 90
1
 90
0
 90
0
 90
12
 40
0.9659258262890688
 40
-0.2588190451025206
 40
0.0
 40
2509.69139874354
 40
0.2588190451025201
 40
0.9659258262890688
 40
0.0
 40
1632.712299770236
 40
0.0
 40
0.0
 40
1.0
 40
-32.5
 40
0.0
 40
0.0
 40
0.0
 40
1.0
330
BC7
100
AcDbAssocArrayItem
 90
0
 90
2
 90
0
 90
0
 90
12
 40
0.8660254037844397
 40
-0.4999999999999999
 40
0.0
 40
2507.193888180924
 40
0.4999999999999986
 40
0.866025403784439
 40
0.0
 40
1638.741823642674
 40
0.0
 40
0.0
 40
1.0
 40
-32.5
 40
0.0
 40
0.0
 40
0.0
 40
1.0
330
BC8
100
AcDbAssocArrayItem
 90
0
 90
3
 90
0
 90
0
 90
12
 40
0.7071067811865493
 40
-0.7071067811865475
 40
0.0
 40
2503.220922615976
 40
0.7071067811865462
 40
0.7071067811865479
 40
0.0
 40
1643.919493172337
 40
0.0
 40
0.0
 40
1.0
 40
-32.5
 40
0.0
 40
0.0
 40
0.0
 40
1.0
330
BC9
100
AcDbAssocArrayItem
 90
0
 90
4
 90
0
 90
0
 90
12
 40
0.5000000000000026
 40
-0.8660254037844385
 40
0.0
 40
2498.043253086313
 40
0.8660254037844376
 40
0.5000000000000006
 40
0.0
 40
1647.892458737285
 40
0.0
 40
0.0
 40
1.0
 40
-32.5
 40
0.0
 40
0.0
 40
0.0
 40
1.0
330
BCA
100
AcDbAssocArrayItem
 90
0
 90
5
 90
0
 90
0
 90
12
 40
0.2588190451025245
 40
-0.9659258262890684
 40
0.0
 40
2492.013729213876
 40
0.9659258262890675
 40
0.2588190451025211
 40
0.0
 40
1650.3899692999
 40
0.0
 40
0.0
 40
1.0
 40
-32.5
 40
0.0
 40
0.0
 40
0.0
 40
1.0
330
BCB
100
AcDbAssocArrayItem
 90
0
 90
6
 90
0
 90
0
 90
12
 40
4.7e-15
 40
-1.0
 40
0.0
 40
2485.543253086313
 40
1.0
 40
5e-16
 40
0.0
 40
1651.241823642674
 40
0.0
 40
0.0
 40
1.0
 40
-32.5
 40
0.0
 40
0.0
 40
0.0
 40
1.0
330
BCC
100
AcDbAssocArrayItem
 90
0
 90
7
 90
0
 90
0
 90
12
 40
-0.2588190451025161
 40
-0.9659258262890688
 40
0.0
 40
2479.07277695875
 40
0.9659258262890698
 40
-0.2588190451025205
 40
0.0
 40
1650.3899692999
 40
0.0
 40
0.0
 40
1.0
 40
-32.5
 40
0.0
 40
0.0
 40
0.0
 40
1.0
330
BCD
100
AcDbAssocArrayItem
 90
0
 90
8
 90
0
 90
0
 90
12
 40
-0.4999999999999955
 40
-0.866025403784439
 40
0.0
 40
2473.043253086313
 40
0.8660254037844415
 40
-0.4999999999999998
 40
0.0
 40
1647.892458737285
 40
0.0
 40
0.0
 40
1.0
 40
-32.5
 40
0.0
 40
0.0
 40
0.0
 40
1.0
330
BCE
100
AcDbAssocArrayItem
 90
0
 90
9
 90
0
 90
0
 90
12
 40
-0.7071067811865442
 40
-0.7071067811865479
 40
0.0
 40
2467.865583556649
 40
0.7071067811865513
 40
-0.7071067811865476
 40
0.0
 40
1643.919493172337
 40
0.0
 40
0.0
 40
1.0
 40
-32.5
 40
0.0
 40
0.0
 40
0.0
 40
1.0
330
BCF
100
AcDbAssocArrayItem
 90
0
 90
10
 90
0
 90
0
 90
12
 40
-0.8660254037844364
 40
-0.5000000000000002
 40
0.0
 40
2463.892617991702
 40
0.5000000000000047
 40
-0.8660254037844389
 40
0.0
 40
1638.741823642674
 40
0.0
 40
0.0
 40
1.0
 40
-32.5
 40
0.0
 40
0.0
 40
0.0
 40
1.0
330
BD0
100
AcDbAssocArrayItem
 90
0
 90
11
 90
0
 90
0
 90
12
 40
-0.965925826289067
 40
-0.2588190451025209
 40
0.0
 40
2461.395107429086
 40
0.2588190451025263
 40
-0.9659258262890684
 40
0.0
 40
1632.712299770236
 40
0.0
 40
0.0
 40
1.0
 40
-32.5
 40
0.0
 40
0.0
 40
0.0
 40
1.0
330
BD1
100
AcDbAssocArrayItem
 90
0
 90
12
 90
0
 90
0
 90
12
 40
-1.0
 40
-8e-16
 40
0.0
 40
2460.543253086313
 40
6.7e-15
 40
-1.0
 40
0.0
 40
1626.241823642674
 40
0.0
 40
0.0
 40
1.0
 40
-32.5
 40
0.0
 40
0.0
 40
0.0
 40
1.0
330
BD2
100
AcDbAssocArrayItem
 90
0
 90
13
 90
0
 90
0
 90
12
 40
-0.9659258262890702
 40
0.2588190451025202
 40
0.0
 40
2461.395107429086
 40
-0.2588190451025143
 40
-0.9659258262890688
 40
0.0
 40
1619.771347515111
 40
0.0
 40
0.0
 40
1.0
 40
-32.5
 40
0.0
 40
0.0
 40
0.0
 40
1.0
330
BD3
100
AcDbAssocArrayItem
 90
0
 90
14
 90
0
 90
0
 90
12
 40
-0.8660254037844421
 40
0.4999999999999997
 40
0.0
 40
2463.892617991702
 40
-0.4999999999999946
 40
-0.866025403784439
 40
0.0
 40
1613.741823642674
 40
0.0
 40
0.0
 40
1.0
 40
-32.5
 40
0.0
 40
0.0
 40
0.0
 40
1.0
330
BD4
100
AcDbAssocArrayItem
 90
0
 90
15
 90
0
 90
0
 90
12
 40
-0.7071067811865526
 40
0.7071067811865471
 40
0.0
 40
2467.865583556649
 40
-0.7071067811865428
 40
-0.707106781186548
 40
0.0
 40
1608.56415411301
 40
0.0
 40
0.0
 40
1.0
 40
-32.5
 40
0.0
 40
0.0
 40
0.0
 40
1.0
330
BD5
100
AcDbAssocArrayItem
 90
0
 90
16
 90
0
 90
0
 90
12
 40
-0.5000000000000071
 40
0.8660254037844385
 40
0.0
 40
2473.043253086313
 40
-0.8660254037844349
 40
-0.5000000000000007
 40
0.0
 40
1604.591188548063
 40
0.0
 40
0.0
 40
1.0
 40
-32.5
 40
0.0
 40
0.0
 40
0.0
 40
1.0
330
BD6
100
AcDbAssocArrayItem
 90
0
 90
17
 90
0
 90
0
 90
12
 40
-0.2588190451025291
 40
0.9659258262890684
 40
0.0
 40
2479.07277695875
 40
-0.9659258262890663
 40
-0.258819045102521
 40
0.0
 40
1602.093677985447
 40
0.0
 40
0.0
 40
1.0
 40
-32.5
 40
0.0
 40
0.0
 40
0.0
 40
1.0
330
BD7
100
AcDbAssocArrayItem
 90
0
 90
18
 90
0
 90
0
 90
12
 40
-9.1e-15
 40
1.0
 40
0.0
 40
2485.543253086313
 40
-1.0
 40
-4e-16
 40
0.0
 40
1601.241823642674
 40
0.0
 40
0.0
 40
1.0
 40
-32.5
 40
0.0
 40
0.0
 40
0.0
 40
1.0
330
BD8
100
AcDbAssocArrayItem
 90
0
 90
19
 90
0
 90
0
 90
12
 40
0.2588190451025115
 40
0.9659258262890688
 40
0.0
 40
2492.013729213876
 40
-0.9659258262890711
 40
0.2588190451025201
 40
0.0
 40
1602.093677985447
 40
0.0
 40
0.0
 40
1.0
 40
-32.5
 40
0.0
 40
0.0
 40
0.0
 40
1.0
330
BD9
100
AcDbAssocArrayItem
 90
0
 90
20
 90
0
 90
0
 90
12
 40
0.4999999999999921
 40
0.8660254037844389
 40
0.0
 40
2498.043253086313
 40
-0.8660254037844435
 40
0.5
 40
0.0
 40
1604.591188548063
 40
0.0
 40
0.0
 40
1.0
 40
-32.5
 40
0.0
 40
0.0
 40
0.0
 40
1.0
330
BDA
100
AcDbAssocArrayItem
 90
0
 90
21
 90
0
 90
0
 90
12
 40
0.7071067811865399
 40
0.7071067811865487
 40
0.0
 40
2503.220922615976
 40
-0.7071067811865555
 40
0.7071067811865467
 40
0.0
 40
1608.56415411301
 40
0.0
 40
0.0
 40
1.0
 40
-32.5
 40
0.0
 40
0.0
 40
0.0
 40
1.0
330
BDB
100
AcDbAssocArrayItem
 90
0
 90
22
 90
0
 90
0
 90
12
 40
0.866025403784434
 40
0.5
 40
0.0
 40
2507.193888180924
 40
-0.5000000000000089
 40
0.866025403784439
 40
0.0
 40
1613.741823642674
 40
0.0
 40
0.0
 40
1.0
 40
-32.5
 40
0.0
 40
0.0
 40
0.0
 40
1.0
330
BDC
100
AcDbAssocArrayItem
 90
0
 90
23
 90
0
 90
0
 90
12
 40
0.9659258262890656
 40
0.2588190451025218
 40
0.0
 40
2509.69139874354
 40
-0.2588190451025323
 40
0.9659258262890681
 40
0.0
 40
1619.771347515111
 40
0.0
 40
0.0
 40
1.0
 40
-32.5
 40
0.0
 40
0.0
 40
0.0
 40
1.0
330
BDD
 40
1.0
 40
0.0
 40
0.0
 40
4576.650434195676
 40
0.0
 40
1.0
 40
0.0
 40
529.5614047711883
 40
0.0
 40
0.0
 40
1.0
 40
-3370.0
 40
0.0
 40
0.0
 40
0.0
 40
1.0
  0
ACDBASSOCDEPENDENCY
  5
BAC
330
BAA
100
AcDbAssocDependency
 90
2
 90
0
290
0
290
1
290
1
290
1
 90
0
330
BC4
290
0
330
0
330
0
360
0
 90
1
  0
ACDBASSOCDEPENDENCY
  5
BAD
330
BAA
100
AcDbAssocDependency
 90
2
 90
0
290
1
290
0
290
1
290
1
 90
0
330
BC0
290
0
330
0
330
0
360
0
 90
2
  0
ACDBASSOCDEPENDENCY
  5
BAE
330
BAA
100
AcDbAssocDependency
 90
2
 90
0
290
1
290
1
290
1
290
1
 90
-2147483648
330
B9E
290
0
330
0
330
0
360
0
 90
3
  0
ACDBASSOCVERTEXACTIONPARAM
  5
BAF
330
BAA
100
AcDbAssocActionParam
 90
1
 90
0
  1
BaseNormal
100
AcDbAssocSingleDependencyActionParam
 90
0
330
0
100
AcDbAssocVertexActionParam
 90
0
 10
0.0
 20
0.0
 30
1.0
  0
ACDBASSOCVERTEXACTIONPARAM
  5
BB0
330
BAA
100
AcDbAssocActionParam
 90
1
 90
0
  1
Origin
100
AcDbAssocSingleDependencyActionParam
 90
0
330
0
100
AcDbAssocVertexActionParam
 90
0
 10
2485.543253086313
 20
1626.241823642674
 30
-32.5
  0
ACDBASSOCVERTEXACTIONPARAM
  5
BB1
330
BAA
100
AcDbAssocActionParam
 90
1
 90
0
  1
basePoint
100
AcDbAssocSingleDependencyActionParam
 90
0
330
0
100
AcDbAssocVertexActionParam
 90
0
 10
0.0
 20
0.0
 30
0.0
  0
ACDBASSOCARRAYACTIONBODY
  5
BE9
330
BE8
100
AcDbAssocActionBody
 90
2
100
AcDbAssocArrayActionBody
 90
1
  1
AcDbAssocArrayPolarParameters
 90
0
 90
7
  1
AcDbAssocArrayItem
100
AcDbAssocArrayItem
 90
0
 90
0
 90
0
 90
0
 90
8
 11
2585.543253086314
 21
1600.874536331566
 31
-123.7874041846087
330
BFE
100
AcDbAssocArrayItem
 90
0
 90
1
 90
0
 90
0
 90
12
 40
0.6234898018587341
 40
-0.7818314824680295
 40
0.0
 40
2605.376196930949
 40
0.7818314824680295
 40
0.6234898018587341
 40
0.0
 40
1610.425578703378
 40
0.0
 40
0.0
 40
1.0
 40
-123.7874041846087
 40
0.0
 40
0.0
 40
0.0
 40
1.0
330
BFF
100
AcDbAssocArrayItem
 90
0
 90
2
 90
0
 90
0
 90
12
 40
-0.222520933956314
 40
-0.9749279121818236
 40
0.0
 40
2610.274529542248
 40
0.9749279121818236
 40
-0.2225209339563138
 40
0.0
 40
1631.88657610708
 40
0.0
 40
0.0
 40
1.0
 40
-123.7874041846087
 40
0.0
 40
0.0
 40
0.0
 40
1.0
330
C00
100
AcDbAssocArrayItem
 90
0
 90
3
 90
0
 90
0
 90
12
 40
-0.9009688679024188
 40
-0.4338837391175589
 40
0.0
 40
2596.549706556126
 40
0.4338837391175585
 40
-0.9009688679024186
 40
0.0
 40
1649.096959773118
 40
0.0
 40
0.0
 40
1.0
 40
-123.7874041846087
 40
0.0
 40
0.0
 40
0.0
 40
1.0
330
C01
100
AcDbAssocArrayItem
 90
0
 90
4
 90
0
 90
0
 90
12
 40
-0.9009688679024191
 40
0.4338837391175571
 40
0.0
 40
2574.536799616499
 40
-0.4338837391175577
 40
-0.9009688679024197
 40
0.0
 40
1649.096959773118
 40
0.0
 40
0.0
 40
1.0
 40
-123.7874041846087
 40
0.0
 40
0.0
 40
0.0
 40
1.0
330
C02
100
AcDbAssocArrayItem
 90
0
 90
5
 90
0
 90
0
 90
12
 40
-0.2225209339563131
 40
0.9749279121818236
 40
0.0
 40
2560.811976630378
 40
-0.974927912181824
 40
-0.2225209339563142
 40
0.0
 40
1631.886576107079
 40
0.0
 40
0.0
 40
1.0
 40
-123.7874041846087
 40
0.0
 40
0.0
 40
0.0
 40
1.0
330
C03
100
AcDbAssocArrayItem
 90
0
 90
6
 90
0
 90
0
 90
12
 40
0.6234898018587332
 40
0.7818314824680311
 40
0.0
 40
2565.710309241677
 40
-0.7818314824680302
 40
0.6234898018587323
 40
0.0
 40
1610.425578703377
 40
0.0
 40
0.0
 40
1.0
 40
-123.7874041846087
 40
0.0
 40
0.0
 40
0.0
 40
1.0
330
C04
 40
1.0
 40
0.0
 40
0.0
 40
4476.650434195678
 40
0.0
 40
1.0
 40
0.0
 40
679.5614047711883
 40
0.0
 40
0.0
 40
1.0
 40
-2317.5
 40
0.0
 40
0.0
 40
0.0
 40
1.0
  0
ACDBASSOCDEPENDENCY
  5
BEA
330
BE8
100
AcDbAssocDependency
 90
2
 90
0
290
0
290
1
290
1
290
1
 90
0
330
BFC
290
0
330
0
330
0
360
0
 90
1
  0
ACDBASSOCDEPENDENCY
  5
BEB
330
BE8
100
AcDbAssocDependency
 90
2
 90
0
290
1
290
0
290
1
290
1
 90
0
330
BF8
290
0
330
0
330
0
360
0
 90
2
  0
ACDBASSOCDEPENDENCY
  5
BEC
330
BE8
100
AcDbAssocDependency
 90
2
 90
0
290
1
290
1
290
1
290
1
 90
-2147483648
330
BE3
290
0
330
0
330
0
360
0
 90
3
  0
ACDBASSOCVERTEXACTIONPARAM
  5
BED
330
BE8
100
AcDbAssocActionParam
 90
1
 90
0
  1
BaseNormal
100
AcDbAssocSingleDependencyActionParam
 90
0
330
0
100
AcDbAssocVertexActionParam
 90
0
 10
0.0
 20
0.0
 30
1.0
  0
ACDBASSOCVERTEXACTIONPARAM
  5
BEE
330
BE8
100
AcDbAssocActionParam
 90
1
 90
0
  1
Origin
100
AcDbAssocSingleDependencyActionParam
 90
0
330
0
100
AcDbAssocVertexActionParam
 90
0
 10
2585.543253086313
 20
1626.241823642674
 30
-123.7874041846087
  0
ACDBASSOCVERTEXACTIONPARAM
  5
BEF
330
BE8
100
AcDbAssocActionParam
 90
1
 90
0
  1
basePoint
100
AcDbAssocSingleDependencyActionParam
 90
0
330
0
100
AcDbAssocVertexActionParam
 90
0
 10
0.0
 20
0.0
 30
0.0
  0
ACDBASSOCARRAYACTIONBODY
  5
BF1
330
BF0
100
AcDbAssocActionBody
 90
2
100
AcDbAssocArrayActionBody
 90
1
  1
AcDbAssocArrayPolarParameters
 90
0
 90
24
  1
AcDbAssocArrayItem
100
AcDbAssocArrayItem
 90
0
 90
0
 90
0
 90
0
 90
8
 11
2510.543253086313
 21
1626.241823642674
 31
-32.5
330
C0C
100
AcDbAssocArrayItem
 90
0
 90
1
 90
0
 90
0
 90
12
 40
0.9659258262890688
 40
-0.2588190451025206
 40
0.0
 40
2509.69139874354
 40
0.2588190451025201
 40
0.9659258262890688
 40
0.0
 40
1632.712299770236
 40
0.0
 40
0.0
 40
1.0
 40
-32.5
 40
0.0
 40
0.0
 40
0.0
 40
1.0
330
C0D
100
AcDbAssocArrayItem
 90
0
 90
2
 90
0
 90
0
 90
12
 40
0.8660254037844397
 40
-0.4999999999999999
 40
0.0
 40
2507.193888180924
 40
0.4999999999999986
 40
0.866025403784439
 40
0.0
 40
1638.741823642674
 40
0.0
 40
0.0
 40
1.0
 40
-32.5
 40
0.0
 40
0.0
 40
0.0
 40
1.0
330
C0E
100
AcDbAssocArrayItem
 90
0
 90
3
 90
0
 90
0
 90
12
 40
0.7071067811865493
 40
-0.7071067811865475
 40
0.0
 40
2503.220922615976
 40
0.7071067811865462
 40
0.7071067811865479
 40
0.0
 40
1643.919493172337
 40
0.0
 40
0.0
 40
1.0
 40
-32.5
 40
0.0
 40
0.0
 40
0.0
 40
1.0
330
C0F
100
AcDbAssocArrayItem
 90
0
 90
4
 90
0
 90
0
 90
12
 40
0.5000000000000026
 40
-0.8660254037844385
 40
0.0
 40
2498.043253086313
 40
0.8660254037844376
 40
0.5000000000000006
 40
0.0
 40
1647.892458737285
 40
0.0
 40
0.0
 40
1.0
 40
-32.5
 40
0.0
 40
0.0
 40
0.0
 40
1.0
330
C10
100
AcDbAssocArrayItem
 90
0
 90
5
 90
0
 90
0
 90
12
 40
0.2588190451025245
 40
-0.9659258262890684
 40
0.0
 40
2492.013729213876
 40
0.9659258262890675
 40
0.2588190451025211
 40
0.0
 40
1650.3899692999
 40
0.0
 40
0.0
 40
1.0
 40
-32.5
 40
0.0
 40
0.0
 40
0.0
 40
1.0
330
C11
100
AcDbAssocArrayItem
 90
0
 90
6
 90
0
 90
0
 90
12
 40
4.7e-15
 40
-1.0
 40
0.0
 40
2485.543253086313
 40
1.0
 40
5e-16
 40
0.0
 40
1651.241823642674
 40
0.0
 40
0.0
 40
1.0
 40
-32.5
 40
0.0
 40
0.0
 40
0.0
 40
1.0
330
C12
100
AcDbAssocArrayItem
 90
0
 90
7
 90
0
 90
0
 90
12
 40
-0.2588190451025161
 40
-0.9659258262890688
 40
0.0
 40
2479.07277695875
 40
0.9659258262890698
 40
-0.2588190451025205
 40
0.0
 40
1650.3899692999
 40
0.0
 40
0.0
 40
1.0
 40
-32.5
 40
0.0
 40
0.0
 40
0.0
 40
1.0
330
C13
100
AcDbAssocArrayItem
 90
0
 90
8
 90
0
 90
0
 90
12
 40
-0.4999999999999955
 40
-0.866025403784439
 40
0.0
 40
2473.043253086313
 40
0.8660254037844415
 40
-0.4999999999999998
 40
0.0
 40
1647.892458737285
 40
0.0
 40
0.0
 40
1.0
 40
-32.5
 40
0.0
 40
0.0
 40
0.0
 40
1.0
330
C14
100
AcDbAssocArrayItem
 90
0
 90
9
 90
0
 90
0
 90
12
 40
-0.7071067811865442
 40
-0.7071067811865479
 40
0.0
 40
2467.865583556649
 40
0.7071067811865513
 40
-0.7071067811865476
 40
0.0
 40
1643.919493172337
 40
0.0
 40
0.0
 40
1.0
 40
-32.5
 40
0.0
 40
0.0
 40
0.0
 40
1.0
330
C15
100
AcDbAssocArrayItem
 90
0
 90
10
 90
0
 90
0
 90
12
 40
-0.8660254037844364
 40
-0.5000000000000002
 40
0.0
 40
2463.892617991702
 40
0.5000000000000047
 40
-0.8660254037844389
 40
0.0
 40
1638.741823642674
 40
0.0
 40
0.0
 40
1.0
 40
-32.5
 40
0.0
 40
0.0
 40
0.0
 40
1.0
330
C16
100
AcDbAssocArrayItem
 90
0
 90
11
 90
0
 90
0
 90
12
 40
-0.965925826289067
 40
-0.2588190451025209
 40
0.0
 40
2461.395107429086
 40
0.2588190451025263
 40
-0.9659258262890684
 40
0.0
 40
1632.712299770236
 40
0.0
 40
0.0
 40
1.0
 40
-32.5
 40
0.0
 40
0.0
 40
0.0
 40
1.0
330
C17
100
AcDbAssocArrayItem
 90
0
 90
12
 90
0
 90
0
 90
12
 40
-1.0
 40
-8e-16
 40
0.0
 40
2460.543253086313
 40
6.7e-15
 40
-1.0
 40
0.0
 40
1626.241823642674
 40
0.0
 40
0.0
 40
1.0
 40
-32.5
 40
0.0
 40
0.0
 40
0.0
 40
1.0
330
C18
100
AcDbAssocArrayItem
 90
0
 90
13
 90
0
 90
0
 90
12
 40
-0.9659258262890702
 40
0.2588190451025202
 40
0.0
 40
2461.395107429086
 40
-0.2588190451025143
 40
-0.9659258262890688
 40
0.0
 40
1619.771347515111
 40
0.0
 40
0.0
 40
1.0
 40
-32.5
 40
0.0
 40
0.0
 40
0.0
 40
1.0
330
C19
100
AcDbAssocArrayItem
 90
0
 90
14
 90
0
 90
0
 90
12
 40
-0.8660254037844421
 40
0.4999999999999997
 40
0.0
 40
2463.892617991702
 40
-0.4999999999999946
 40
-0.866025403784439
 40
0.0
 40
1613.741823642674
 40
0.0
 40
0.0
 40
1.0
 40
-32.5
 40
0.0
 40
0.0
 40
0.0
 40
1.0
330
C1A
100
AcDbAssocArrayItem
 90
0
 90
15
 90
0
 90
0
 90
12
 40
-0.7071067811865526
 40
0.7071067811865471
 40
0.0
 40
2467.865583556649
 40
-0.7071067811865428
 40
-0.707106781186548
 40
0.0
 40
1608.56415411301
 40
0.0
 40
0.0
 40
1.0
 40
-32.5
 40
0.0
 40
0.0
 40
0.0
 40
1.0
330
C1B
100
AcDbAssocArrayItem
 90
0
 90
16
 90
0
 90
0
 90
12
 40
-0.5000000000000071
 40
0.8660254037844385
 40
0.0
 40
2473.043253086313
 40
-0.8660254037844349
 40
-0.5000000000000007
 40
0.0
 40
1604.591188548063
 40
0.0
 40
0.0
 40
1.0
 40
-32.5
 40
0.0
 40
0.0
 40
0.0
 40
1.0
330
C1C
100
AcDbAssocArrayItem
 90
0
 90
17
 90
0
 90
0
 90
12
 40
-0.2588190451025291
 40
0.9659258262890684
 40
0.0
 40
2479.07277695875
 40
-0.9659258262890663
 40
-0.258819045102521
 40
0.0
 40
1602.093677985447
 40
0.0
 40
0.0
 40
1.0
 40
-32.5
 40
0.0
 40
0.0
 40
0.0
 40
1.0
330
C1D
100
AcDbAssocArrayItem
 90
0
 90
18
 90
0
 90
0
 90
12
 40
-9.1e-15
 40
1.0
 40
0.0
 40
2485.543253086313
 40
-1.0
 40
-4e-16
 40
0.0
 40
1601.241823642674
 40
0.0
 40
0.0
 40
1.0
 40
-32.5
 40
0.0
 40
0.0
 40
0.0
 40
1.0
330
C1E
100
AcDbAssocArrayItem
 90
0
 90
19
 90
0
 90
0
 90
12
 40
0.2588190451025115
 40
0.9659258262890688
 40
0.0
 40
2492.013729213876
 40
-0.9659258262890711
 40
0.2588190451025201
 40
0.0
 40
1602.093677985447
 40
0.0
 40
0.0
 40
1.0
 40
-32.5
 40
0.0
 40
0.0
 40
0.0
 40
1.0
330
C1F
100
AcDbAssocArrayItem
 90
0
 90
20
 90
0
 90
0
 90
12
 40
0.4999999999999921
 40
0.8660254037844389
 40
0.0
 40
2498.043253086313
 40
-0.8660254037844435
 40
0.5
 40
0.0
 40
1604.591188548063
 40
0.0
 40
0.0
 40
1.0
 40
-32.5
 40
0.0
 40
0.0
 40
0.0
 40
1.0
330
C20
100
AcDbAssocArrayItem
 90
0
 90
21
 90
0
 90
0
 90
12
 40
0.7071067811865399
 40
0.7071067811865487
 40
0.0
 40
2503.220922615976
 40
-0.7071067811865555
 40
0.7071067811865467
 40
0.0
 40
1608.56415411301
 40
0.0
 40
0.0
 40
1.0
 40
-32.5
 40
0.0
 40
0.0
 40
0.0
 40
1.0
330
C21
100
AcDbAssocArrayItem
 90
0
 90
22
 90
0
 90
0
 90
12
 40
0.866025403784434
 40
0.5
 40
0.0
 40
2507.193888180924
 40
-0.5000000000000089
 40
0.866025403784439
 40
0.0
 40
1613.741823642674
 40
0.0
 40
0.0
 40
1.0
 40
-32.5
 40
0.0
 40
0.0
 40
0.0
 40
1.0
330
C22
100
AcDbAssocArrayItem
 90
0
 90
23
 90
0
 90
0
 90
12
 40
0.9659258262890656
 40
0.2588190451025218
 40
0.0
 40
2509.69139874354
 40
-0.2588190451025323
 40
0.9659258262890681
 40
0.0
 40
1619.771347515111
 40
0.0
 40
0.0
 40
1.0
 40
-32.5
 40
0.0
 40
0.0
 40
0.0
 40
1.0
330
C23
 40
1.0
 40
0.0
 40
0.0
 40
4576.650434195679
 40
0.0
 40
1.0
 40
0.0
 40
679.5614047711883
 40
0.0
 40
0.0
 40
1.0
 40
-2320.0
 40
0.0
 40
0.0
 40
0.0
 40
1.0
  0
ACDBASSOCDEPENDENCY
  5
BF2
330
BF0
100
AcDbAssocDependency
 90
2
 90
0
290
0
290
1
290
1
290
1
 90
0
330
C0A
290
0
330
0
330
0
360
0
 90
1
  0
ACDBASSOCDEPENDENCY
  5
BF3
330
BF0
100
AcDbAssocDependency
 90
2
 90
0
290
1
290
0
290
1
290
1
 90
0
330
C06
290
0
330
0
330
0
360
0
 90
2
  0
ACDBASSOCDEPENDENCY
  5
BF4
330
BF0
100
AcDbAssocDependency
 90
2
 90
0
290
1
290
1
290
1
290
1
 90
-2147483648
330
BE4
290
0
330
0
330
0
360
0
 90
3
  0
ACDBASSOCVERTEXACTIONPARAM
  5
BF5
330
BF0
100
AcDbAssocActionParam
 90
1
 90
0
  1
BaseNormal
100
AcDbAssocSingleDependencyActionParam
 90
0
330
0
100
AcDbAssocVertexActionParam
 90
0
 10
0.0
 20
0.0
 30
1.0
  0
ACDBASSOCVERTEXACTIONPARAM
  5
BF6
330
BF0
100
AcDbAssocActionParam
 90
1
 90
0
  1
Origin
100
AcDbAssocSingleDependencyActionParam
 90
0
330
0
100
AcDbAssocVertexActionParam
 90
0
 10
2485.543253086313
 20
1626.241823642674
 30
-32.5
  0
ACDBASSOCVERTEXACTIONPARAM
  5
BF7
330
BF0
100
AcDbAssocActionParam
 90
1
 90
0
  1
basePoint
100
AcDbAssocSingleDependencyActionParam
 90
0
330
0
100
AcDbAssocVertexActionParam
 90
0
 10
0.0
 20
0.0
 30
0.0
  0
ACDBASSOCARRAYACTIONBODY
  5
C2F
330
C2E
100
AcDbAssocActionBody
 90
2
100
AcDbAssocArrayActionBody
 90
1
  1
AcDbAssocArrayPolarParameters
 90
0
 90
7
  1
AcDbAssocArrayItem
100
AcDbAssocArrayItem
 90
0
 90
0
 90
0
 90
0
 90
8
 11
2585.543253086314
 21
1600.874536331566
 31
-123.7874041846087
330
C44
100
AcDbAssocArrayItem
 90
0
 90
1
 90
0
 90
0
 90
12
 40
0.6234898018587341
 40
-0.7818314824680295
 40
0.0
 40
2605.376196930949
 40
0.7818314824680295
 40
0.6234898018587341
 40
0.0
 40
1610.425578703378
 40
0.0
 40
0.0
 40
1.0
 40
-123.7874041846087
 40
0.0
 40
0.0
 40
0.0
 40
1.0
330
C45
100
AcDbAssocArrayItem
 90
0
 90
2
 90
0
 90
0
 90
12
 40
-0.222520933956314
 40
-0.9749279121818236
 40
0.0
 40
2610.274529542248
 40
0.9749279121818236
 40
-0.2225209339563138
 40
0.0
 40
1631.88657610708
 40
0.0
 40
0.0
 40
1.0
 40
-123.7874041846087
 40
0.0
 40
0.0
 40
0.0
 40
1.0
330
C46
100
AcDbAssocArrayItem
 90
0
 90
3
 90
0
 90
0
 90
12
 40
-0.9009688679024188
 40
-0.4338837391175589
 40
0.0
 40
2596.549706556126
 40
0.4338837391175585
 40
-0.9009688679024186
 40
0.0
 40
1649.096959773118
 40
0.0
 40
0.0
 40
1.0
 40
-123.7874041846087
 40
0.0
 40
0.0
 40
0.0
 40
1.0
330
C47
100
AcDbAssocArrayItem
 90
0
 90
4
 90
0
 90
0
 90
12
 40
-0.9009688679024191
 40
0.4338837391175571
 40
0.0
 40
2574.536799616499
 40
-0.4338837391175577
 40
-0.9009688679024197
 40
0.0
 40
1649.096959773118
 40
0.0
 40
0.0
 40
1.0
 40
-123.7874041846087
 40
0.0
 40
0.0
 40
0.0
 40
1.0
330
C48
100
AcDbAssocArrayItem
 90
0
 90
5
 90
0
 90
0
 90
12
 40
-0.2225209339563131
 40
0.9749279121818236
 40
0.0
 40
2560.811976630378
 40
-0.974927912181824
 40
-0.2225209339563142
 40
0.0
 40
1631.886576107079
 40
0.0
 40
0.0
 40
1.0
 40
-123.7874041846087
 40
0.0
 40
0.0
 40
0.0
 40
1.0
330
C49
100
AcDbAssocArrayItem
 90
0
 90
6
 90
0
 90
0
 90
12
 40
0.6234898018587332
 40
0.7818314824680311
 40
0.0
 40
2565.710309241677
 40
-0.7818314824680302
 40
0.6234898018587323
 40
0.0
 40
1610.425578703377
 40
0.0
 40
0.0
 40
1.0
 40
-123.7874041846087
 40
0.0
 40
0.0
 40
0.0
 40
1.0
330
C4A
 40
1.0
 40
0.0
 40
0.0
 40
4626.650434195679
 40
0.0
 40
1.0
 40
0.0
 40
-70.43859522881189
 40
0.0
 40
0.0
 40
1.0
 40
-2317.5
 40
0.0
 40
0.0
 40
0.0
 40
1.0
  0
ACDBASSOCDEPENDENCY
  5
C30
330
C2E
100
AcDbAssocDependency
 90
2
 90
0
290
0
290
1
290
1
290
1
 90
0
330
C42
290
0
330
0
330
0
360
0
 90
1
  0
ACDBASSOCDEPENDENCY
  5
C31
330
C2E
100
AcDbAssocDependency
 90
2
 90
0
290
1
290
0
290
1
290
1
 90
0
330
C3E
290
0
330
0
330
0
360
0
 90
2
  0
ACDBASSOCDEPENDENCY
  5
C32
330
C2E
100
AcDbAssocDependency
 90
2
 90
0
290
1
290
1
290
1
290
1
 90
-2147483648
330
C29
290
0
330
0
330
0
360
0
 90
3
  0
ACDBASSOCVERTEXACTIONPARAM
  5
C33
330
C2E
100
AcDbAssocActionParam
 90
1
 90
0
  1
BaseNormal
100
AcDbAssocSingleDependencyActionParam
 90
0
330
0
100
AcDbAssocVertexActionParam
 90
0
 10
0.0
 20
0.0
 30
1.0
  0
ACDBASSOCVERTEXACTIONPARAM
  5
C34
330
C2E
100
AcDbAssocActionParam
 90
1
 90
0
  1
Origin
100
AcDbAssocSingleDependencyActionParam
 90
0
330
0
100
AcDbAssocVertexActionParam
 90
0
 10
2585.543253086313
 20
1626.241823642674
 30
-123.7874041846087
  0
ACDBASSOCVERTEXACTIONPARAM
  5
C35
330
C2E
100
AcDbAssocActionParam
 90
1
 90
0
  1
basePoint
100
AcDbAssocSingleDependencyActionParam
 90
0
330
0
100
AcDbAssocVertexActionParam
 90
0
 10
0.0
 20
0.0
 30
0.0
  0
ACDBASSOCARRAYACTIONBODY
  5
C37
330
C36
100
AcDbAssocActionBody
 90
2
100
AcDbAssocArrayActionBody
 90
1
  1
AcDbAssocArrayPolarParameters
 90
0
 90
24
  1
AcDbAssocArrayItem
100
AcDbAssocArrayItem
 90
0
 90
0
 90
0
 90
0
 90
8
 11
2510.543253086313
 21
1626.241823642674
 31
-32.5
330
C52
100
AcDbAssocArrayItem
 90
0
 90
1
 90
0
 90
0
 90
12
 40
0.9659258262890688
 40
-0.2588190451025206
 40
0.0
 40
2509.69139874354
 40
0.2588190451025201
 40
0.9659258262890688
 40
0.0
 40
1632.712299770236
 40
0.0
 40
0.0
 40
1.0
 40
-32.5
 40
0.0
 40
0.0
 40
0.0
 40
1.0
330
C53
100
AcDbAssocArrayItem
 90
0
 90
2
 90
0
 90
0
 90
12
 40
0.8660254037844397
 40
-0.4999999999999999
 40
0.0
 40
2507.193888180924
 40
0.4999999999999986
 40
0.866025403784439
 40
0.0
 40
1638.741823642674
 40
0.0
 40
0.0
 40
1.0
 40
-32.5
 40
0.0
 40
0.0
 40
0.0
 40
1.0
330
C54
100
AcDbAssocArrayItem
 90
0
 90
3
 90
0
 90
0
 90
12
 40
0.7071067811865493
 40
-0.7071067811865475
 40
0.0
 40
2503.220922615976
 40
0.7071067811865462
 40
0.7071067811865479
 40
0.0
 40
1643.919493172337
 40
0.0
 40
0.0
 40
1.0
 40
-32.5
 40
0.0
 40
0.0
 40
0.0
 40
1.0
330
C55
100
AcDbAssocArrayItem
 90
0
 90
4
 90
0
 90
0
 90
12
 40
0.5000000000000026
 40
-0.8660254037844385
 40
0.0
 40
2498.043253086313
 40
0.8660254037844376
 40
0.5000000000000006
 40
0.0
 40
1647.892458737285
 40
0.0
 40
0.0
 40
1.0
 40
-32.5
 40
0.0
 40
0.0
 40
0.0
 40
1.0
330
C56
100
AcDbAssocArrayItem
 90
0
 90
5
 90
0
 90
0
 90
12
 40
0.2588190451025245
 40
-0.9659258262890684
 40
0.0
 40
2492.013729213876
 40
0.9659258262890675
 40
0.2588190451025211
 40
0.0
 40
1650.3899692999
 40
0.0
 40
0.0
 40
1.0
 40
-32.5
 40
0.0
 40
0.0
 40
0.0
 40
1.0
330
C57
100
AcDbAssocArrayItem
 90
0
 90
6
 90
0
 90
0
 90
12
 40
4.7e-15
 40
-1.0
 40
0.0
 40
2485.543253086313
 40
1.0
 40
5e-16
 40
0.0
 40
1651.241823642674
 40
0.0
 40
0.0
 40
1.0
 40
-32.5
 40
0.0
 40
0.0
 40
0.0
 40
1.0
330
C58
100
AcDbAssocArrayItem
 90
0
 90
7
 90
0
 90
0
 90
12
 40
-0.2588190451025161
 40
-0.9659258262890688
 40
0.0
 40
2479.07277695875
 40
0.9659258262890698
 40
-0.2588190451025205
 40
0.0
 40
1650.3899692999
 40
0.0
 40
0.0
 40
1.0
 40
-32.5
 40
0.0
 40
0.0
 40
0.0
 40
1.0
330
C59
100
AcDbAssocArrayItem
 90
0
 90
8
 90
0
 90
0
 90
12
 40
-0.4999999999999955
 40
-0.866025403784439
 40
0.0
 40
2473.043253086313
 40
0.8660254037844415
 40
-0.4999999999999998
 40
0.0
 40
1647.892458737285
 40
0.0
 40
0.0
 40
1.0
 40
-32.5
 40
0.0
 40
0.0
 40
0.0
 40
1.0
330
C5A
100
AcDbAssocArrayItem
 90
0
 90
9
 90
0
 90
0
 90
12
 40
-0.7071067811865442
 40
-0.7071067811865479
 40
0.0
 40
2467.865583556649
 40
0.7071067811865513
 40
-0.7071067811865476
 40
0.0
 40
1643.919493172337
 40
0.0
 40
0.0
 40
1.0
 40
-32.5
 40
0.0
 40
0.0
 40
0.0
 40
1.0
330
C5B
100
AcDbAssocArrayItem
 90
0
 90
10
 90
0
 90
0
 90
12
 40
-0.8660254037844364
 40
-0.5000000000000002
 40
0.0
 40
2463.892617991702
 40
0.5000000000000047
 40
-0.8660254037844389
 40
0.0
 40
1638.741823642674
 40
0.0
 40
0.0
 40
1.0
 40
-32.5
 40
0.0
 40
0.0
 40
0.0
 40
1.0
330
C5C
100
AcDbAssocArrayItem
 90
0
 90
11
 90
0
 90
0
 90
12
 40
-0.965925826289067
 40
-0.2588190451025209
 40
0.0
 40
2461.395107429086
 40
0.2588190451025263
 40
-0.9659258262890684
 40
0.0
 40
1632.712299770236
 40
0.0
 40
0.0
 40
1.0
 40
-32.5
 40
0.0
 40
0.0
 40
0.0
 40
1.0
330
C5D
100
AcDbAssocArrayItem
 90
0
 90
12
 90
0
 90
0
 90
12
 40
-1.0
 40
-8e-16
 40
0.0
 40
2460.543253086313
 40
6.7e-15
 40
-1.0
 40
0.0
 40
1626.241823642674
 40
0.0
 40
0.0
 40
1.0
 40
-32.5
 40
0.0
 40
0.0
 40
0.0
 40
1.0
330
C5E
100
AcDbAssocArrayItem
 90
0
 90
13
 90
0
 90
0
 90
12
 40
-0.9659258262890702
 40
0.2588190451025202
 40
0.0
 40
2461.395107429086
 40
-0.2588190451025143
 40
-0.9659258262890688
 40
0.0
 40
1619.771347515111
 40
0.0
 40
0.0
 40
1.0
 40
-32.5
 40
0.0
 40
0.0
 40
0.0
 40
1.0
330
C5F
100
AcDbAssocArrayItem
 90
0
 90
14
 90
0
 90
0
 90
12
 40
-0.8660254037844421
 40
0.4999999999999997
 40
0.0
 40
2463.892617991702
 40
-0.4999999999999946
 40
-0.866025403784439
 40
0.0
 40
1613.741823642674
 40
0.0
 40
0.0
 40
1.0
 40
-32.5
 40
0.0
 40
0.0
 40
0.0
 40
1.0
330
C60
100
AcDbAssocArrayItem
 90
0
 90
15
 90
0
 90
0
 90
12
 40
-0.7071067811865526
 40
0.7071067811865471
 40
0.0
 40
2467.865583556649
 40
-0.7071067811865428
 40
-0.707106781186548
 40
0.0
 40
1608.56415411301
 40
0.0
 40
0.0
 40
1.0
 40
-32.5
 40
0.0
 40
0.0
 40
0.0
 40
1.0
330
C61
100
AcDbAssocArrayItem
 90
0
 90
16
 90
0
 90
0
 90
12
 40
-0.5000000000000071
 40
0.8660254037844385
 40
0.0
 40
2473.043253086313
 40
-0.8660254037844349
 40
-0.5000000000000007
 40
0.0
 40
1604.591188548063
 40
0.0
 40
0.0
 40
1.0
 40
-32.5
 40
0.0
 40
0.0
 40
0.0
 40
1.0
330
C62
100
AcDbAssocArrayItem
 90
0
 90
17
 90
0
 90
0
 90
12
 40
-0.2588190451025291
 40
0.9659258262890684
 40
0.0
 40
2479.07277695875
 40
-0.9659258262890663
 40
-0.258819045102521
 40
0.0
 40
1602.093677985447
 40
0.0
 40
0.0
 40
1.0
 40
-32.5
 40
0.0
 40
0.0
 40
0.0
 40
1.0
330
C63
100
AcDbAssocArrayItem
 90
0
 90
18
 90
0
 90
0
 90
12
 40
-9.1e-15
 40
1.0
 40
0.0
 40
2485.543253086313
 40
-1.0
 40
-4e-16
 40
0.0
 40
1601.241823642674
 40
0.0
 40
0.0
 40
1.0
 40
-32.5
 40
0.0
 40
0.0
 40
0.0
 40
1.0
330
C64
100
AcDbAssocArrayItem
 90
0
 90
19
 90
0
 90
0
 90
12
 40
0.2588190451025115
 40
0.9659258262890688
 40
0.0
 40
2492.013729213876
 40
-0.9659258262890711
 40
0.2588190451025201
 40
0.0
 40
1602.093677985447
 40
0.0
 40
0.0
 40
1.0
 40
-32.5
 40
0.0
 40
0.0
 40
0.0
 40
1.0
330
C65
100
AcDbAssocArrayItem
 90
0
 90
20
 90
0
 90
0
 90
12
 40
0.4999999999999921
 40
0.8660254037844389
 40
0.0
 40
2498.043253086313
 40
-0.8660254037844435
 40
0.5
 40
0.0
 40
1604.591188548063
 40
0.0
 40
0.0
 40
1.0
 40
-32.5
 40
0.0
 40
0.0
 40
0.0
 40
1.0
330
C66
100
AcDbAssocArrayItem
 90
0
 90
21
 90
0
 90
0
 90
12
 40
0.7071067811865399
 40
0.7071067811865487
 40
0.0
 40
2503.220922615976
 40
-0.7071067811865555
 40
0.7071067811865467
 40
0.0
 40
1608.56415411301
 40
0.0
 40
0.0
 40
1.0
 40
-32.5
 40
0.0
 40
0.0
 40
0.0
 40
1.0
330
C67
100
AcDbAssocArrayItem
 90
0
 90
22
 90
0
 90
0
 90
12
 40
0.866025403784434
 40
0.5
 40
0.0
 40
2507.193888180924
 40
-0.5000000000000089
 40
0.866025403784439
 40
0.0
 40
1613.741823642674
 40
0.0
 40
0.0
 40
1.0
 40
-32.5
 40
0.0
 40
0.0
 40
0.0
 40
1.0
330
C68
100
AcDbAssocArrayItem
 90
0
 90
23
 90
0
 90
0
 90
12
 40
0.9659258262890656
 40
0.2588190451025218
 40
0.0
 40
2509.69139874354
 40
-0.2588190451025323
 40
0.9659258262890681
 40
0.0
 40
1619.771347515111
 40
0.0
 40
0.0
 40
1.0
 40
-32.5
 40
0.0
 40
0.0
 40
0.0
 40
1.0
330
C69
 40
1.0
 40
0.0
 40
0.0
 40
4726.650434195678
 40
0.0
 40
1.0
 40
0.0
 40
-70.43859522881189
 40
0.0
 40
0.0
 40
1.0
 40
-2320.0
 40
0.0
 40
0.0
 40
0.0
 40
1.0
  0
ACDBASSOCDEPENDENCY
  5
C38
330
C36
100
AcDbAssocDependency
 90
2
 90
0
290
0
290
1
290
1
290
1
 90
0
330
C50
290
0
330
0
330
0
360
0
 90
1
  0
ACDBASSOCDEPENDENCY
  5
C39
330
C36
100
AcDbAssocDependency
 90
2
 90
0
290
1
290
0
290
1
290
1
 90
0
330
C4C
290
0
330
0
330
0
360
0
 90
2
  0
ACDBASSOCDEPENDENCY
  5
C3A
330
C36
100
AcDbAssocDependency
 90
2
 90
0
290
1
290
1
290
1
290
1
 90
-2147483648
330
C2A
290
0
330
0
330
0
360
0
 90
3
  0
ACDBASSOCVERTEXACTIONPARAM
  5
C3B
330
C36
100
AcDbAssocActionParam
 90
1
 90
0
  1
BaseNormal
100
AcDbAssocSingleDependencyActionParam
 90
0
330
0
100
AcDbAssocVertexActionParam
 90
0
 10
0.0
 20
0.0
 30
1.0
  0
ACDBASSOCVERTEXACTIONPARAM
  5
C3C
330
C36
100
AcDbAssocActionParam
 90
1
 90
0
  1
Origin
100
AcDbAssocSingleDependencyActionParam
 90
0
330
0
100
AcDbAssocVertexActionParam
 90
0
 10
2485.543253086313
 20
1626.241823642674
 30
-32.5
  0
ACDBASSOCVERTEXACTIONPARAM
  5
C3D
330
C36
100
AcDbAssocActionParam
 90
1
 90
0
  1
basePoint
100
AcDbAssocSingleDependencyActionParam
 90
0
330
0
100
AcDbAssocVertexActionParam
 90
0
 10
0.0
 20
0.0
 30
0.0
  0
ACDBASSOCARRAYACTIONBODY
  5
C75
330
C74
100
AcDbAssocActionBody
 90
2
100
AcDbAssocArrayActionBody
 90
1
  1
AcDbAssocArrayPolarParameters
 90
0
 90
7
  1
AcDbAssocArrayItem
100
AcDbAssocArrayItem
 90
0
 90
0
 90
0
 90
0
 90
8
 11
2585.543253086314
 21
1600.874536331566
 31
-123.7874041846087
330
C8A
100
AcDbAssocArrayItem
 90
0
 90
1
 90
0
 90
0
 90
12
 40
0.6234898018587341
 40
-0.7818314824680295
 40
0.0
 40
2605.376196930949
 40
0.7818314824680295
 40
0.6234898018587341
 40
0.0
 40
1610.425578703378
 40
0.0
 40
0.0
 40
1.0
 40
-123.7874041846087
 40
0.0
 40
0.0
 40
0.0
 40
1.0
330
C8B
100
AcDbAssocArrayItem
 90
0
 90
2
 90
0
 90
0
 90
12
 40
-0.222520933956314
 40
-0.9749279121818236
 40
0.0
 40
2610.274529542248
 40
0.9749279121818236
 40
-0.2225209339563138
 40
0.0
 40
1631.88657610708
 40
0.0
 40
0.0
 40
1.0
 40
-123.7874041846087
 40
0.0
 40
0.0
 40
0.0
 40
1.0
330
C8C
100
AcDbAssocArrayItem
 90
0
 90
3
 90
0
 90
0
 90
12
 40
-0.9009688679024188
 40
-0.4338837391175589
 40
0.0
 40
2596.549706556126
 40
0.4338837391175585
 40
-0.9009688679024186
 40
0.0
 40
1649.096959773118
 40
0.0
 40
0.0
 40
1.0
 40
-123.7874041846087
 40
0.0
 40
0.0
 40
0.0
 40
1.0
330
C8D
100
AcDbAssocArrayItem
 90
0
 90
4
 90
0
 90
0
 90
12
 40
-0.9009688679024191
 40
0.4338837391175571
 40
0.0
 40
2574.536799616499
 40
-0.4338837391175577
 40
-0.9009688679024197
 40
0.0
 40
1649.096959773118
 40
0.0
 40
0.0
 40
1.0
 40
-123.7874041846087
 40
0.0
 40
0.0
 40
0.0
 40
1.0
330
C8E
100
AcDbAssocArrayItem
 90
0
 90
5
 90
0
 90
0
 90
12
 40
-0.2225209339563131
 40
0.9749279121818236
 40
0.0
 40
2560.811976630378
 40
-0.974927912181824
 40
-0.2225209339563142
 40
0.0
 40
1631.886576107079
 40
0.0
 40
0.0
 40
1.0
 40
-123.7874041846087
 40
0.0
 40
0.0
 40
0.0
 40
1.0
330
C8F
100
AcDbAssocArrayItem
 90
0
 90
6
 90
0
 90
0
 90
12
 40
0.6234898018587332
 40
0.7818314824680311
 40
0.0
 40
2565.710309241677
 40
-0.7818314824680302
 40
0.6234898018587323
 40
0.0
 40
1610.425578703377
 40
0.0
 40
0.0
 40
1.0
 40
-123.7874041846087
 40
0.0
 40
0.0
 40
0.0
 40
1.0
330
C90
 40
1.0
 40
0.0
 40
0.0
 40
4626.650434195677
 40
0.0
 40
1.0
 40
0.0
 40
79.56140477118811
 40
0.0
 40
0.0
 40
1.0
 40
-3367.500000000001
 40
0.0
 40
0.0
 40
0.0
 40
1.0
  0
ACDBASSOCDEPENDENCY
  5
C76
330
C74
100
AcDbAssocDependency
 90
2
 90
0
290
0
290
1
290
1
290
1
 90
0
330
C88
290
0
330
0
330
0
360
0
 90
1
  0
ACDBASSOCDEPENDENCY
  5
C77
330
C74
100
AcDbAssocDependency
 90
2
 90
0
290
1
290
0
290
1
290
1
 90
0
330
C84
290
0
330
0
330
0
360
0
 90
2
  0
ACDBASSOCDEPENDENCY
  5
C78
330
C74
100
AcDbAssocDependency
 90
2
 90
0
290
1
290
1
290
1
290
1
 90
-2147483648
330
C6F
290
0
330
0
330
0
360
0
 90
3
  0
ACDBASSOCVERTEXACTIONPARAM
  5
C79
330
C74
100
AcDbAssocActionParam
 90
1
 90
0
  1
BaseNormal
100
AcDbAssocSingleDependencyActionParam
 90
0
330
0
100
AcDbAssocVertexActionParam
 90
0
 10
0.0
 20
0.0
 30
1.0
  0
ACDBASSOCVERTEXACTIONPARAM
  5
C7A
330
C74
100
AcDbAssocActionParam
 90
1
 90
0
  1
Origin
100
AcDbAssocSingleDependencyActionParam
 90
0
330
0
100
AcDbAssocVertexActionParam
 90
0
 10
2585.543253086313
 20
1626.241823642674
 30
-123.7874041846087
  0
ACDBASSOCVERTEXACTIONPARAM
  5
C7B
330
C74
100
AcDbAssocActionParam
 90
1
 90
0
  1
basePoint
100
AcDbAssocSingleDependencyActionParam
 90
0
330
0
100
AcDbAssocVertexActionParam
 90
0
 10
0.0
 20
0.0
 30
0.0
  0
ACDBASSOCARRAYACTIONBODY
  5
C7D
330
C7C
100
AcDbAssocActionBody
 90
2
100
AcDbAssocArrayActionBody
 90
1
  1
AcDbAssocArrayPolarParameters
 90
0
 90
24
  1
AcDbAssocArrayItem
100
AcDbAssocArrayItem
 90
0
 90
0
 90
0
 90
0
 90
8
 11
2510.543253086313
 21
1626.241823642674
 31
-32.5
330
C98
100
AcDbAssocArrayItem
 90
0
 90
1
 90
0
 90
0
 90
12
 40
0.9659258262890688
 40
-0.2588190451025206
 40
0.0
 40
2509.69139874354
 40
0.2588190451025201
 40
0.9659258262890688
 40
0.0
 40
1632.712299770236
 40
0.0
 40
0.0
 40
1.0
 40
-32.5
 40
0.0
 40
0.0
 40
0.0
 40
1.0
330
C99
100
AcDbAssocArrayItem
 90
0
 90
2
 90
0
 90
0
 90
12
 40
0.8660254037844397
 40
-0.4999999999999999
 40
0.0
 40
2507.193888180924
 40
0.4999999999999986
 40
0.866025403784439
 40
0.0
 40
1638.741823642674
 40
0.0
 40
0.0
 40
1.0
 40
-32.5
 40
0.0
 40
0.0
 40
0.0
 40
1.0
330
C9A
100
AcDbAssocArrayItem
 90
0
 90
3
 90
0
 90
0
 90
12
 40
0.7071067811865493
 40
-0.7071067811865475
 40
0.0
 40
2503.220922615976
 40
0.7071067811865462
 40
0.7071067811865479
 40
0.0
 40
1643.919493172337
 40
0.0
 40
0.0
 40
1.0
 40
-32.5
 40
0.0
 40
0.0
 40
0.0
 40
1.0
330
C9B
100
AcDbAssocArrayItem
 90
0
 90
4
 90
0
 90
0
 90
12
 40
0.5000000000000026
 40
-0.8660254037844385
 40
0.0
 40
2498.043253086313
 40
0.8660254037844376
 40
0.5000000000000006
 40
0.0
 40
1647.892458737285
 40
0.0
 40
0.0
 40
1.0
 40
-32.5
 40
0.0
 40
0.0
 40
0.0
 40
1.0
330
C9C
100
AcDbAssocArrayItem
 90
0
 90
5
 90
0
 90
0
 90
12
 40
0.2588190451025245
 40
-0.9659258262890684
 40
0.0
 40
2492.013729213876
 40
0.9659258262890675
 40
0.2588190451025211
 40
0.0
 40
1650.3899692999
 40
0.0
 40
0.0
 40
1.0
 40
-32.5
 40
0.0
 40
0.0
 40
0.0
 40
1.0
330
C9D
100
AcDbAssocArrayItem
 90
0
 90
6
 90
0
 90
0
 90
12
 40
4.7e-15
 40
-1.0
 40
0.0
 40
2485.543253086313
 40
1.0
 40
5e-16
 40
0.0
 40
1651.241823642674
 40
0.0
 40
0.0
 40
1.0
 40
-32.5
 40
0.0
 40
0.0
 40
0.0
 40
1.0
330
C9E
100
AcDbAssocArrayItem
 90
0
 90
7
 90
0
 90
0
 90
12
 40
-0.2588190451025161
 40
-0.9659258262890688
 40
0.0
 40
2479.07277695875
 40
0.9659258262890698
 40
-0.2588190451025205
 40
0.0
 40
1650.3899692999
 40
0.0
 40
0.0
 40
1.0
 40
-32.5
 40
0.0
 40
0.0
 40
0.0
 40
1.0
330
C9F
100
AcDbAssocArrayItem
 90
0
 90
8
 90
0
 90
0
 90
12
 40
-0.4999999999999955
 40
-0.866025403784439
 40
0.0
 40
2473.043253086313
 40
0.8660254037844415
 40
-0.4999999999999998
 40
0.0
 40
1647.892458737285
 40
0.0
 40
0.0
 40
1.0
 40
-32.5
 40
0.0
 40
0.0
 40
0.0
 40
1.0
330
CA0
100
AcDbAssocArrayItem
 90
0
 90
9
 90
0
 90
0
 90
12
 40
-0.7071067811865442
 40
-0.7071067811865479
 40
0.0
 40
2467.865583556649
 40
0.7071067811865513
 40
-0.7071067811865476
 40
0.0
 40
1643.919493172337
 40
0.0
 40
0.0
 40
1.0
 40
-32.5
 40
0.0
 40
0.0
 40
0.0
 40
1.0
330
CA1
100
AcDbAssocArrayItem
 90
0
 90
10
 90
0
 90
0
 90
12
 40
-0.8660254037844364
 40
-0.5000000000000002
 40
0.0
 40
2463.892617991702
 40
0.5000000000000047
 40
-0.8660254037844389
 40
0.0
 40
1638.741823642674
 40
0.0
 40
0.0
 40
1.0
 40
-32.5
 40
0.0
 40
0.0
 40
0.0
 40
1.0
330
CA2
100
AcDbAssocArrayItem
 90
0
 90
11
 90
0
 90
0
 90
12
 40
-0.965925826289067
 40
-0.2588190451025209
 40
0.0
 40
2461.395107429086
 40
0.2588190451025263
 40
-0.9659258262890684
 40
0.0
 40
1632.712299770236
 40
0.0
 40
0.0
 40
1.0
 40
-32.5
 40
0.0
 40
0.0
 40
0.0
 40
1.0
330
CA3
100
AcDbAssocArrayItem
 90
0
 90
12
 90
0
 90
0
 90
12
 40
-1.0
 40
-8e-16
 40
0.0
 40
2460.543253086313
 40
6.7e-15
 40
-1.0
 40
0.0
 40
1626.241823642674
 40
0.0
 40
0.0
 40
1.0
 40
-32.5
 40
0.0
 40
0.0
 40
0.0
 40
1.0
330
CA4
100
AcDbAssocArrayItem
 90
0
 90
13
 90
0
 90
0
 90
12
 40
-0.9659258262890702
 40
0.2588190451025202
 40
0.0
 40
2461.395107429086
 40
-0.2588190451025143
 40
-0.9659258262890688
 40
0.0
 40
1619.771347515111
 40
0.0
 40
0.0
 40
1.0
 40
-32.5
 40
0.0
 40
0.0
 40
0.0
 40
1.0
330
CA5
100
AcDbAssocArrayItem
 90
0
 90
14
 90
0
 90
0
 90
12
 40
-0.8660254037844421
 40
0.4999999999999997
 40
0.0
 40
2463.892617991702
 40
-0.4999999999999946
 40
-0.866025403784439
 40
0.0
 40
1613.741823642674
 40
0.0
 40
0.0
 40
1.0
 40
-32.5
 40
0.0
 40
0.0
 40
0.0
 40
1.0
330
CA6
100
AcDbAssocArrayItem
 90
0
 90
15
 90
0
 90
0
 90
12
 40
-0.7071067811865526
 40
0.7071067811865471
 40
0.0
 40
2467.865583556649
 40
-0.7071067811865428
 40
-0.707106781186548
 40
0.0
 40
1608.56415411301
 40
0.0
 40
0.0
 40
1.0
 40
-32.5
 40
0.0
 40
0.0
 40
0.0
 40
1.0
330
CA7
100
AcDbAssocArrayItem
 90
0
 90
16
 90
0
 90
0
 90
12
 40
-0.5000000000000071
 40
0.8660254037844385
 40
0.0
 40
2473.043253086313
 40
-0.8660254037844349
 40
-0.5000000000000007
 40
0.0
 40
1604.591188548063
 40
0.0
 40
0.0
 40
1.0
 40
-32.5
 40
0.0
 40
0.0
 40
0.0
 40
1.0
330
CA8
100
AcDbAssocArrayItem
 90
0
 90
17
 90
0
 90
0
 90
12
 40
-0.2588190451025291
 40
0.9659258262890684
 40
0.0
 40
2479.07277695875
 40
-0.9659258262890663
 40
-0.258819045102521
 40
0.0
 40
1602.093677985447
 40
0.0
 40
0.0
 40
1.0
 40
-32.5
 40
0.0
 40
0.0
 40
0.0
 40
1.0
330
CA9
100
AcDbAssocArrayItem
 90
0
 90
18
 90
0
 90
0
 90
12
 40
-9.1e-15
 40
1.0
 40
0.0
 40
2485.543253086313
 40
-1.0
 40
-4e-16
 40
0.0
 40
1601.241823642674
 40
0.0
 40
0.0
 40
1.0
 40
-32.5
 40
0.0
 40
0.0
 40
0.0
 40
1.0
330
CAA
100
AcDbAssocArrayItem
 90
0
 90
19
 90
0
 90
0
 90
12
 40
0.2588190451025115
 40
0.9659258262890688
 40
0.0
 40
2492.013729213876
 40
-0.9659258262890711
 40
0.2588190451025201
 40
0.0
 40
1602.093677985447
 40
0.0
 40
0.0
 40
1.0
 40
-32.5
 40
0.0
 40
0.0
 40
0.0
 40
1.0
330
CAB
100
AcDbAssocArrayItem
 90
0
 90
20
 90
0
 90
0
 90
12
 40
0.4999999999999921
 40
0.8660254037844389
 40
0.0
 40
2498.043253086313
 40
-0.8660254037844435
 40
0.5
 40
0.0
 40
1604.591188548063
 40
0.0
 40
0.0
 40
1.0
 40
-32.5
 40
0.0
 40
0.0
 40
0.0
 40
1.0
330
CAC
100
AcDbAssocArrayItem
 90
0
 90
21
 90
0
 90
0
 90
12
 40
0.7071067811865399
 40
0.7071067811865487
 40
0.0
 40
2503.220922615976
 40
-0.7071067811865555
 40
0.7071067811865467
 40
0.0
 40
1608.56415411301
 40
0.0
 40
0.0
 40
1.0
 40
-32.5
 40
0.0
 40
0.0
 40
0.0
 40
1.0
330
CAD
100
AcDbAssocArrayItem
 90
0
 90
22
 90
0
 90
0
 90
12
 40
0.866025403784434
 40
0.5
 40
0.0
 40
2507.193888180924
 40
-0.5000000000000089
 40
0.866025403784439
 40
0.0
 40
1613.741823642674
 40
0.0
 40
0.0
 40
1.0
 40
-32.5
 40
0.0
 40
0.0
 40
0.0
 40
1.0
330
CAE
100
AcDbAssocArrayItem
 90
0
 90
23
 90
0
 90
0
 90
12
 40
0.9659258262890656
 40
0.2588190451025218
 40
0.0
 40
2509.69139874354
 40
-0.2588190451025323
 40
0.9659258262890681
 40
0.0
 40
1619.771347515111
 40
0.0
 40
0.0
 40
1.0
 40
-32.5
 40
0.0
 40
0.0
 40
0.0
 40
1.0
330
CAF
 40
1.0
 40
0.0
 40
0.0
 40
4726.650434195676
 40
0.0
 40
1.0
 40
0.0
 40
79.56140477118811
 40
0.0
 40
0.0
 40
1.0
 40
-3370.0
 40
0.0
 40
0.0
 40
0.0
 40
1.0
  0
ACDBASSOCDEPENDENCY
  5
C7E
330
C7C
100
AcDbAssocDependency
 90
2
 90
0
290
0
290
1
290
1
290
1
 90
0
330
C96
290
0
330
0
330
0
360
0
 90
1
  0
ACDBASSOCDEPENDENCY
  5
C7F
330
C7C
100
AcDbAssocDependency
 90
2
 90
0
290
1
290
0
290
1
290
1
 90
0
330
C92
290
0
330
0
330
0
360
0
 90
2
  0
ACDBASSOCDEPENDENCY
  5
C80
330
C7C
100
AcDbAssocDependency
 90
2
 90
0
290
1
290
1
290
1
290
1
 90
-2147483648
330
C70
290
0
330
0
330
0
360
0
 90
3
  0
ACDBASSOCVERTEXACTIONPARAM
  5
C81
330
C7C
100
AcDbAssocActionParam
 90
1
 90
0
  1
BaseNormal
100
AcDbAssocSingleDependencyActionParam
 90
0
330
0
100
AcDbAssocVertexActionParam
 90
0
 10
0.0
 20
0.0
 30
1.0
  0
ACDBASSOCVERTEXACTIONPARAM
  5
C82
330
C7C
100
AcDbAssocActionParam
 90
1
 90
0
  1
Origin
100
AcDbAssocSingleDependencyActionParam
 90
0
330
0
100
AcDbAssocVertexActionParam
 90
0
 10
2485.543253086313
 20
1626.241823642674
 30
-32.5
  0
ACDBASSOCVERTEXACTIONPARAM
  5
C83
330
C7C
100
AcDbAssocActionParam
 90
1
 90
0
  1
basePoint
100
AcDbAssocSingleDependencyActionParam
 90
0
330
0
100
AcDbAssocVertexActionParam
 90
0
 10
0.0
 20
0.0
 30
0.0
  0
ACDBASSOCARRAYACTIONBODY
  5
CBB
330
CBA
100
AcDbAssocActionBody
 90
2
100
AcDbAssocArrayActionBody
 90
1
  1
AcDbAssocArrayPolarParameters
 90
0
 90
7
  1
AcDbAssocArrayItem
100
AcDbAssocArrayItem
 90
0
 90
0
 90
0
 90
0
 90
8
 11
2585.543253086314
 21
1600.874536331566
 31
-123.7874041846087
330
CD0
100
AcDbAssocArrayItem
 90
0
 90
1
 90
0
 90
0
 90
12
 40
0.6234898018587341
 40
-0.7818314824680295
 40
0.0
 40
2605.376196930949
 40
0.7818314824680295
 40
0.6234898018587341
 40
0.0
 40
1610.425578703378
 40
0.0
 40
0.0
 40
1.0
 40
-123.7874041846087
 40
0.0
 40
0.0
 40
0.0
 40
1.0
330
CD1
100
AcDbAssocArrayItem
 90
0
 90
2
 90
0
 90
0
 90
12
 40
-0.222520933956314
 40
-0.9749279121818236
 40
0.0
 40
2610.274529542248
 40
0.9749279121818236
 40
-0.2225209339563138
 40
0.0
 40
1631.88657610708
 40
0.0
 40
0.0
 40
1.0
 40
-123.7874041846087
 40
0.0
 40
0.0
 40
0.0
 40
1.0
330
CD2
100
AcDbAssocArrayItem
 90
0
 90
3
 90
0
 90
0
 90
12
 40
-0.9009688679024188
 40
-0.4338837391175589
 40
0.0
 40
2596.549706556126
 40
0.4338837391175585
 40
-0.9009688679024186
 40
0.0
 40
1649.096959773118
 40
0.0
 40
0.0
 40
1.0
 40
-123.7874041846087
 40
0.0
 40
0.0
 40
0.0
 40
1.0
330
CD3
100
AcDbAssocArrayItem
 90
0
 90
4
 90
0
 90
0
 90
12
 40
-0.9009688679024191
 40
0.4338837391175571
 40
0.0
 40
2574.536799616499
 40
-0.4338837391175577
 40
-0.9009688679024197
 40
0.0
 40
1649.096959773118
 40
0.0
 40
0.0
 40
1.0
 40
-123.7874041846087
 40
0.0
 40
0.0
 40
0.0
 40
1.0
330
CD4
100
AcDbAssocArrayItem
 90
0
 90
5
 90
0
 90
0
 90
12
 40
-0.2225209339563131
 40
0.9749279121818236
 40
0.0
 40
2560.811976630378
 40
-0.974927912181824
 40
-0.2225209339563142
 40
0.0
 40
1631.886576107079
 40
0.0
 40
0.0
 40
1.0
 40
-123.7874041846087
 40
0.0
 40
0.0
 40
0.0
 40
1.0
330
CD5
100
AcDbAssocArrayItem
 90
0
 90
6
 90
0
 90
0
 90
12
 40
0.6234898018587332
 40
0.7818314824680311
 40
0.0
 40
2565.710309241677
 40
-0.7818314824680302
 40
0.6234898018587323
 40
0.0
 40
1610.425578703377
 40
0.0
 40
0.0
 40
1.0
 40
-123.7874041846087
 40
0.0
 40
0.0
 40
0.0
 40
1.0
330
CD6
 40
1.0
 40
0.0
 40
0.0
 40
4626.65043419568
 40
0.0
 40
1.0
 40
0.0
 40
229.5614047711881
 40
0.0
 40
0.0
 40
1.0
 40
-3817.500000000001
 40
0.0
 40
0.0
 40
0.0
 40
1.0
  0
ACDBASSOCDEPENDENCY
  5
CBC
330
CBA
100
AcDbAssocDependency
 90
2
 90
0
290
0
290
1
290
1
290
1
 90
0
330
CCE
290
0
330
0
330
0
360
0
 90
1
  0
ACDBASSOCDEPENDENCY
  5
CBD
330
CBA
100
AcDbAssocDependency
 90
2
 90
0
290
1
290
0
290
1
290
1
 90
0
330
CCA
290
0
330
0
330
0
360
0
 90
2
  0
ACDBASSOCDEPENDENCY
  5
CBE
330
CBA
100
AcDbAssocDependency
 90
2
 90
0
290
1
290
1
290
1
290
1
 90
-2147483648
330
CB5
290
0
330
0
330
0
360
0
 90
3
  0
ACDBASSOCVERTEXACTIONPARAM
  5
CBF
330
CBA
100
AcDbAssocActionParam
 90
1
 90
0
  1
BaseNormal
100
AcDbAssocSingleDependencyActionParam
 90
0
330
0
100
AcDbAssocVertexActionParam
 90
0
 10
0.0
 20
0.0
 30
1.0
  0
ACDBASSOCVERTEXACTIONPARAM
  5
CC0
330
CBA
100
AcDbAssocActionParam
 90
1
 90
0
  1
Origin
100
AcDbAssocSingleDependencyActionParam
 90
0
330
0
100
AcDbAssocVertexActionParam
 90
0
 10
2585.543253086313
 20
1626.241823642674
 30
-123.7874041846087
  0
ACDBASSOCVERTEXACTIONPARAM
  5
CC1
330
CBA
100
AcDbAssocActionParam
 90
1
 90
0
  1
basePoint
100
AcDbAssocSingleDependencyActionParam
 90
0
330
0
100
AcDbAssocVertexActionParam
 90
0
 10
0.0
 20
0.0
 30
0.0
  0
ACDBASSOCARRAYACTIONBODY
  5
CC3
330
CC2
100
AcDbAssocActionBody
 90
2
100
AcDbAssocArrayActionBody
 90
1
  1
AcDbAssocArrayPolarParameters
 90
0
 90
24
  1
AcDbAssocArrayItem
100
AcDbAssocArrayItem
 90
0
 90
0
 90
0
 90
0
 90
8
 11
2510.543253086313
 21
1626.241823642674
 31
-32.5
330
CDE
100
AcDbAssocArrayItem
 90
0
 90
1
 90
0
 90
0
 90
12
 40
0.9659258262890688
 40
-0.2588190451025206
 40
0.0
 40
2509.69139874354
 40
0.2588190451025201
 40
0.9659258262890688
 40
0.0
 40
1632.712299770236
 40
0.0
 40
0.0
 40
1.0
 40
-32.5
 40
0.0
 40
0.0
 40
0.0
 40
1.0
330
CDF
100
AcDbAssocArrayItem
 90
0
 90
2
 90
0
 90
0
 90
12
 40
0.8660254037844397
 40
-0.4999999999999999
 40
0.0
 40
2507.193888180924
 40
0.4999999999999986
 40
0.866025403784439
 40
0.0
 40
1638.741823642674
 40
0.0
 40
0.0
 40
1.0
 40
-32.5
 40
0.0
 40
0.0
 40
0.0
 40
1.0
330
CE0
100
AcDbAssocArrayItem
 90
0
 90
3
 90
0
 90
0
 90
12
 40
0.7071067811865493
 40
-0.7071067811865475
 40
0.0
 40
2503.220922615976
 40
0.7071067811865462
 40
0.7071067811865479
 40
0.0
 40
1643.919493172337
 40
0.0
 40
0.0
 40
1.0
 40
-32.5
 40
0.0
 40
0.0
 40
0.0
 40
1.0
330
CE1
100
AcDbAssocArrayItem
 90
0
 90
4
 90
0
 90
0
 90
12
 40
0.5000000000000026
 40
-0.8660254037844385
 40
0.0
 40
2498.043253086313
 40
0.8660254037844376
 40
0.5000000000000006
 40
0.0
 40
1647.892458737285
 40
0.0
 40
0.0
 40
1.0
 40
-32.5
 40
0.0
 40
0.0
 40
0.0
 40
1.0
330
CE2
100
AcDbAssocArrayItem
 90
0
 90
5
 90
0
 90
0
 90
12
 40
0.2588190451025245
 40
-0.9659258262890684
 40
0.0
 40
2492.013729213876
 40
0.9659258262890675
 40
0.2588190451025211
 40
0.0
 40
1650.3899692999
 40
0.0
 40
0.0
 40
1.0
 40
-32.5
 40
0.0
 40
0.0
 40
0.0
 40
1.0
330
CE3
100
AcDbAssocArrayItem
 90
0
 90
6
 90
0
 90
0
 90
12
 40
4.7e-15
 40
-1.0
 40
0.0
 40
2485.543253086313
 40
1.0
 40
5e-16
 40
0.0
 40
1651.241823642674
 40
0.0
 40
0.0
 40
1.0
 40
-32.5
 40
0.0
 40
0.0
 40
0.0
 40
1.0
330
CE4
100
AcDbAssocArrayItem
 90
0
 90
7
 90
0
 90
0
 90
12
 40
-0.2588190451025161
 40
-0.9659258262890688
 40
0.0
 40
2479.07277695875
 40
0.9659258262890698
 40
-0.2588190451025205
 40
0.0
 40
1650.3899692999
 40
0.0
 40
0.0
 40
1.0
 40
-32.5
 40
0.0
 40
0.0
 40
0.0
 40
1.0
330
CE5
100
AcDbAssocArrayItem
 90
0
 90
8
 90
0
 90
0
 90
12
 40
-0.4999999999999955
 40
-0.866025403784439
 40
0.0
 40
2473.043253086313
 40
0.8660254037844415
 40
-0.4999999999999998
 40
0.0
 40
1647.892458737285
 40
0.0
 40
0.0
 40
1.0
 40
-32.5
 40
0.0
 40
0.0
 40
0.0
 40
1.0
330
CE6
100
AcDbAssocArrayItem
 90
0
 90
9
 90
0
 90
0
 90
12
 40
-0.7071067811865442
 40
-0.7071067811865479
 40
0.0
 40
2467.865583556649
 40
0.7071067811865513
 40
-0.7071067811865476
 40
0.0
 40
1643.919493172337
 40
0.0
 40
0.0
 40
1.0
 40
-32.5
 40
0.0
 40
0.0
 40
0.0
 40
1.0
330
CE7
100
AcDbAssocArrayItem
 90
0
 90
10
 90
0
 90
0
 90
12
 40
-0.8660254037844364
 40
-0.5000000000000002
 40
0.0
 40
2463.892617991702
 40
0.5000000000000047
 40
-0.8660254037844389
 40
0.0
 40
1638.741823642674
 40
0.0
 40
0.0
 40
1.0
 40
-32.5
 40
0.0
 40
0.0
 40
0.0
 40
1.0
330
CE8
100
AcDbAssocArrayItem
 90
0
 90
11
 90
0
 90
0
 90
12
 40
-0.965925826289067
 40
-0.2588190451025209
 40
0.0
 40
2461.395107429086
 40
0.2588190451025263
 40
-0.9659258262890684
 40
0.0
 40
1632.712299770236
 40
0.0
 40
0.0
 40
1.0
 40
-32.5
 40
0.0
 40
0.0
 40
0.0
 40
1.0
330
CE9
100
AcDbAssocArrayItem
 90
0
 90
12
 90
0
 90
0
 90
12
 40
-1.0
 40
-8e-16
 40
0.0
 40
2460.543253086313
 40
6.7e-15
 40
-1.0
 40
0.0
 40
1626.241823642674
 40
0.0
 40
0.0
 40
1.0
 40
-32.5
 40
0.0
 40
0.0
 40
0.0
 40
1.0
330
CEA
100
AcDbAssocArrayItem
 90
0
 90
13
 90
0
 90
0
 90
12
 40
-0.9659258262890702
 40
0.2588190451025202
 40
0.0
 40
2461.395107429086
 40
-0.2588190451025143
 40
-0.9659258262890688
 40
0.0
 40
1619.771347515111
 40
0.0
 40
0.0
 40
1.0
 40
-32.5
 40
0.0
 40
0.0
 40
0.0
 40
1.0
330
CEB
100
AcDbAssocArrayItem
 90
0
 90
14
 90
0
 90
0
 90
12
 40
-0.8660254037844421
 40
0.4999999999999997
 40
0.0
 40
2463.892617991702
 40
-0.4999999999999946
 40
-0.866025403784439
 40
0.0
 40
1613.741823642674
 40
0.0
 40
0.0
 40
1.0
 40
-32.5
 40
0.0
 40
0.0
 40
0.0
 40
1.0
330
CEC
100
AcDbAssocArrayItem
 90
0
 90
15
 90
0
 90
0
 90
12
 40
-0.7071067811865526
 40
0.7071067811865471
 40
0.0
 40
2467.865583556649
 40
-0.7071067811865428
 40
-0.707106781186548
 40
0.0
 40
1608.56415411301
 40
0.0
 40
0.0
 40
1.0
 40
-32.5
 40
0.0
 40
0.0
 40
0.0
 40
1.0
330
CED
100
AcDbAssocArrayItem
 90
0
 90
16
 90
0
 90
0
 90
12
 40
-0.5000000000000071
 40
0.8660254037844385
 40
0.0
 40
2473.043253086313
 40
-0.8660254037844349
 40
-0.5000000000000007
 40
0.0
 40
1604.591188548063
 40
0.0
 40
0.0
 40
1.0
 40
-32.5
 40
0.0
 40
0.0
 40
0.0
 40
1.0
330
CEE
100
AcDbAssocArrayItem
 90
0
 90
17
 90
0
 90
0
 90
12
 40
-0.2588190451025291
 40
0.9659258262890684
 40
0.0
 40
2479.07277695875
 40
-0.9659258262890663
 40
-0.258819045102521
 40
0.0
 40
1602.093677985447
 40
0.0
 40
0.0
 40
1.0
 40
-32.5
 40
0.0
 40
0.0
 40
0.0
 40
1.0
330
CEF
100
AcDbAssocArrayItem
 90
0
 90
18
 90
0
 90
0
 90
12
 40
-9.1e-15
 40
1.0
 40
0.0
 40
2485.543253086313
 40
-1.0
 40
-4e-16
 40
0.0
 40
1601.241823642674
 40
0.0
 40
0.0
 40
1.0
 40
-32.5
 40
0.0
 40
0.0
 40
0.0
 40
1.0
330
CF0
100
AcDbAssocArrayItem
 90
0
 90
19
 90
0
 90
0
 90
12
 40
0.2588190451025115
 40
0.9659258262890688
 40
0.0
 40
2492.013729213876
 40
-0.9659258262890711
 40
0.2588190451025201
 40
0.0
 40
1602.093677985447
 40
0.0
 40
0.0
 40
1.0
 40
-32.5
 40
0.0
 40
0.0
 40
0.0
 40
1.0
330
CF1
100
AcDbAssocArrayItem
 90
0
 90
20
 90
0
 90
0
 90
12
 40
0.4999999999999921
 40
0.8660254037844389
 40
0.0
 40
2498.043253086313
 40
-0.8660254037844435
 40
0.5
 40
0.0
 40
1604.591188548063
 40
0.0
 40
0.0
 40
1.0
 40
-32.5
 40
0.0
 40
0.0
 40
0.0
 40
1.0
330
CF2
100
AcDbAssocArrayItem
 90
0
 90
21
 90
0
 90
0
 90
12
 40
0.7071067811865399
 40
0.7071067811865487
 40
0.0
 40
2503.220922615976
 40
-0.7071067811865555
 40
0.7071067811865467
 40
0.0
 40
1608.56415411301
 40
0.0
 40
0.0
 40
1.0
 40
-32.5
 40
0.0
 40
0.0
 40
0.0
 40
1.0
330
CF3
100
AcDbAssocArrayItem
 90
0
 90
22
 90
0
 90
0
 90
12
 40
0.866025403784434
 40
0.5
 40
0.0
 40
2507.193888180924
 40
-0.5000000000000089
 40
0.866025403784439
 40
0.0
 40
1613.741823642674
 40
0.0
 40
0.0
 40
1.0
 40
-32.5
 40
0.0
 40
0.0
 40
0.0
 40
1.0
330
CF4
100
AcDbAssocArrayItem
 90
0
 90
23
 90
0
 90
0
 90
12
 40
0.9659258262890656
 40
0.2588190451025218
 40
0.0
 40
2509.69139874354
 40
-0.2588190451025323
 40
0.9659258262890681
 40
0.0
 40
1619.771347515111
 40
0.0
 40
0.0
 40
1.0
 40
-32.5
 40
0.0
 40
0.0
 40
0.0
 40
1.0
330
CF5
 40
1.0
 40
0.0
 40
0.0
 40
4726.650434195681
 40
0.0
 40
1.0
 40
0.0
 40
229.5614047711881
 40
0.0
 40
0.0
 40
1.0
 40
-3820.0
 40
0.0
 40
0.0
 40
0.0
 40
1.0
  0
ACDBASSOCDEPENDENCY
  5
CC4
330
CC2
100
AcDbAssocDependency
 90
2
 90
0
290
0
290
1
290
1
290
1
 90
0
330
CDC
290
0
330
0
330
0
360
0
 90
1
  0
ACDBASSOCDEPENDENCY
  5
CC5
330
CC2
100
AcDbAssocDependency
 90
2
 90
0
290
1
290
0
290
1
290
1
 90
0
330
CD8
290
0
330
0
330
0
360
0
 90
2
  0
ACDBASSOCDEPENDENCY
  5
CC6
330
CC2
100
AcDbAssocDependency
 90
2
 90
0
290
1
290
1
290
1
290
1
 90
-2147483648
330
CB6
290
0
330
0
330
0
360
0
 90
3
  0
ACDBASSOCVERTEXACTIONPARAM
  5
CC7
330
CC2
100
AcDbAssocActionParam
 90
1
 90
0
  1
BaseNormal
100
AcDbAssocSingleDependencyActionParam
 90
0
330
0
100
AcDbAssocVertexActionParam
 90
0
 10
0.0
 20
0.0
 30
1.0
  0
ACDBASSOCVERTEXACTIONPARAM
  5
CC8
330
CC2
100
AcDbAssocActionParam
 90
1
 90
0
  1
Origin
100
AcDbAssocSingleDependencyActionParam
 90
0
330
0
100
AcDbAssocVertexActionParam
 90
0
 10
2485.543253086313
 20
1626.241823642674
 30
-32.5
  0
ACDBASSOCVERTEXACTIONPARAM
  5
CC9
330
CC2
100
AcDbAssocActionParam
 90
1
 90
0
  1
basePoint
100
AcDbAssocSingleDependencyActionParam
 90
0
330
0
100
AcDbAssocVertexActionParam
 90
0
 10
0.0
 20
0.0
 30
0.0
  0
ACDBASSOCARRAYACTIONBODY
  5
D01
330
D00
100
AcDbAssocActionBody
 90
2
100
AcDbAssocArrayActionBody
 90
1
  1
AcDbAssocArrayPolarParameters
 90
0
 90
7
  1
AcDbAssocArrayItem
100
AcDbAssocArrayItem
 90
0
 90
0
 90
0
 90
0
 90
8
 11
2585.543253086314
 21
1600.874536331566
 31
-123.7874041846087
330
D16
100
AcDbAssocArrayItem
 90
0
 90
1
 90
0
 90
0
 90
12
 40
0.6234898018587341
 40
-0.7818314824680295
 40
0.0
 40
2605.376196930949
 40
0.7818314824680295
 40
0.6234898018587341
 40
0.0
 40
1610.425578703378
 40
0.0
 40
0.0
 40
1.0
 40
-123.7874041846087
 40
0.0
 40
0.0
 40
0.0
 40
1.0
330
D17
100
AcDbAssocArrayItem
 90
0
 90
2
 90
0
 90
0
 90
12
 40
-0.222520933956314
 40
-0.9749279121818236
 40
0.0
 40
2610.274529542248
 40
0.9749279121818236
 40
-0.2225209339563138
 40
0.0
 40
1631.88657610708
 40
0.0
 40
0.0
 40
1.0
 40
-123.7874041846087
 40
0.0
 40
0.0
 40
0.0
 40
1.0
330
D18
100
AcDbAssocArrayItem
 90
0
 90
3
 90
0
 90
0
 90
12
 40
-0.9009688679024188
 40
-0.4338837391175589
 40
0.0
 40
2596.549706556126
 40
0.4338837391175585
 40
-0.9009688679024186
 40
0.0
 40
1649.096959773118
 40
0.0
 40
0.0
 40
1.0
 40
-123.7874041846087
 40
0.0
 40
0.0
 40
0.0
 40
1.0
330
D19
100
AcDbAssocArrayItem
 90
0
 90
4
 90
0
 90
0
 90
12
 40
-0.9009688679024191
 40
0.4338837391175571
 40
0.0
 40
2574.536799616499
 40
-0.4338837391175577
 40
-0.9009688679024197
 40
0.0
 40
1649.096959773118
 40
0.0
 40
0.0
 40
1.0
 40
-123.7874041846087
 40
0.0
 40
0.0
 40
0.0
 40
1.0
330
D1A
100
AcDbAssocArrayItem
 90
0
 90
5
 90
0
 90
0
 90
12
 40
-0.2225209339563131
 40
0.9749279121818236
 40
0.0
 40
2560.811976630378
 40
-0.974927912181824
 40
-0.2225209339563142
 40
0.0
 40
1631.886576107079
 40
0.0
 40
0.0
 40
1.0
 40
-123.7874041846087
 40
0.0
 40
0.0
 40
0.0
 40
1.0
330
D1B
100
AcDbAssocArrayItem
 90
0
 90
6
 90
0
 90
0
 90
12
 40
0.6234898018587332
 40
0.7818314824680311
 40
0.0
 40
2565.710309241677
 40
-0.7818314824680302
 40
0.6234898018587323
 40
0.0
 40
1610.425578703377
 40
0.0
 40
0.0
 40
1.0
 40
-123.7874041846087
 40
0.0
 40
0.0
 40
0.0
 40
1.0
330
D1C
 40
1.0
 40
0.0
 40
0.0
 40
4626.65043419568
 40
0.0
 40
1.0
 40
0.0
 40
379.5614047711881
 40
0.0
 40
0.0
 40
1.0
 40
-3667.5
 40
0.0
 40
0.0
 40
0.0
 40
1.0
  0
ACDBASSOCDEPENDENCY
  5
D02
330
D00
100
AcDbAssocDependency
 90
2
 90
0
290
0
290
1
290
1
290
1
 90
0
330
D14
290
0
330
0
330
0
360
0
 90
1
  0
ACDBASSOCDEPENDENCY
  5
D03
330
D00
100
AcDbAssocDependency
 90
2
 90
0
290
1
290
0
290
1
290
1
 90
0
330
D10
290
0
330
0
330
0
360
0
 90
2
  0
ACDBASSOCDEPENDENCY
  5
D04
330
D00
100
AcDbAssocDependency
 90
2
 90
0
290
1
290
1
290
1
290
1
 90
-2147483648
330
CFB
290
0
330
0
330
0
360
0
 90
3
  0
ACDBASSOCVERTEXACTIONPARAM
  5
D05
330
D00
100
AcDbAssocActionParam
 90
1
 90
0
  1
BaseNormal
100
AcDbAssocSingleDependencyActionParam
 90
0
330
0
100
AcDbAssocVertexActionParam
 90
0
 10
0.0
 20
0.0
 30
1.0
  0
ACDBASSOCVERTEXACTIONPARAM
  5
D06
330
D00
100
AcDbAssocActionParam
 90
1
 90
0
  1
Origin
100
AcDbAssocSingleDependencyActionParam
 90
0
330
0
100
AcDbAssocVertexActionParam
 90
0
 10
2585.543253086313
 20
1626.241823642674
 30
-123.7874041846087
  0
ACDBASSOCVERTEXACTIONPARAM
  5
D07
330
D00
100
AcDbAssocActionParam
 90
1
 90
0
  1
basePoint
100
AcDbAssocSingleDependencyActionParam
 90
0
330
0
100
AcDbAssocVertexActionParam
 90
0
 10
0.0
 20
0.0
 30
0.0
  0
ACDBASSOCARRAYACTIONBODY
  5
D09
330
D08
100
AcDbAssocActionBody
 90
2
100
AcDbAssocArrayActionBody
 90
1
  1
AcDbAssocArrayPolarParameters
 90
0
 90
24
  1
AcDbAssocArrayItem
100
AcDbAssocArrayItem
 90
0
 90
0
 90
0
 90
0
 90
8
 11
2510.543253086313
 21
1626.241823642674
 31
-32.5
330
D24
100
AcDbAssocArrayItem
 90
0
 90
1
 90
0
 90
0
 90
12
 40
0.9659258262890688
 40
-0.2588190451025206
 40
0.0
 40
2509.69139874354
 40
0.2588190451025201
 40
0.9659258262890688
 40
0.0
 40
1632.712299770236
 40
0.0
 40
0.0
 40
1.0
 40
-32.5
 40
0.0
 40
0.0
 40
0.0
 40
1.0
330
D25
100
AcDbAssocArrayItem
 90
0
 90
2
 90
0
 90
0
 90
12
 40
0.8660254037844397
 40
-0.4999999999999999
 40
0.0
 40
2507.193888180924
 40
0.4999999999999986
 40
0.866025403784439
 40
0.0
 40
1638.741823642674
 40
0.0
 40
0.0
 40
1.0
 40
-32.5
 40
0.0
 40
0.0
 40
0.0
 40
1.0
330
D26
100
AcDbAssocArrayItem
 90
0
 90
3
 90
0
 90
0
 90
12
 40
0.7071067811865493
 40
-0.7071067811865475
 40
0.0
 40
2503.220922615976
 40
0.7071067811865462
 40
0.7071067811865479
 40
0.0
 40
1643.919493172337
 40
0.0
 40
0.0
 40
1.0
 40
-32.5
 40
0.0
 40
0.0
 40
0.0
 40
1.0
330
D27
100
AcDbAssocArrayItem
 90
0
 90
4
 90
0
 90
0
 90
12
 40
0.5000000000000026
 40
-0.8660254037844385
 40
0.0
 40
2498.043253086313
 40
0.8660254037844376
 40
0.5000000000000006
 40
0.0
 40
1647.892458737285
 40
0.0
 40
0.0
 40
1.0
 40
-32.5
 40
0.0
 40
0.0
 40
0.0
 40
1.0
330
D28
100
AcDbAssocArrayItem
 90
0
 90
5
 90
0
 90
0
 90
12
 40
0.2588190451025245
 40
-0.9659258262890684
 40
0.0
 40
2492.013729213876
 40
0.9659258262890675
 40
0.2588190451025211
 40
0.0
 40
1650.3899692999
 40
0.0
 40
0.0
 40
1.0
 40
-32.5
 40
0.0
 40
0.0
 40
0.0
 40
1.0
330
D29
100
AcDbAssocArrayItem
 90
0
 90
6
 90
0
 90
0
 90
12
 40
4.7e-15
 40
-1.0
 40
0.0
 40
2485.543253086313
 40
1.0
 40
5e-16
 40
0.0
 40
1651.241823642674
 40
0.0
 40
0.0
 40
1.0
 40
-32.5
 40
0.0
 40
0.0
 40
0.0
 40
1.0
330
D2A
100
AcDbAssocArrayItem
 90
0
 90
7
 90
0
 90
0
 90
12
 40
-0.2588190451025161
 40
-0.9659258262890688
 40
0.0
 40
2479.07277695875
 40
0.9659258262890698
 40
-0.2588190451025205
 40
0.0
 40
1650.3899692999
 40
0.0
 40
0.0
 40
1.0
 40
-32.5
 40
0.0
 40
0.0
 40
0.0
 40
1.0
330
D2B
100
AcDbAssocArrayItem
 90
0
 90
8
 90
0
 90
0
 90
12
 40
-0.4999999999999955
 40
-0.866025403784439
 40
0.0
 40
2473.043253086313
 40
0.8660254037844415
 40
-0.4999999999999998
 40
0.0
 40
1647.892458737285
 40
0.0
 40
0.0
 40
1.0
 40
-32.5
 40
0.0
 40
0.0
 40
0.0
 40
1.0
330
D2C
100
AcDbAssocArrayItem
 90
0
 90
9
 90
0
 90
0
 90
12
 40
-0.7071067811865442
 40
-0.7071067811865479
 40
0.0
 40
2467.865583556649
 40
0.7071067811865513
 40
-0.7071067811865476
 40
0.0
 40
1643.919493172337
 40
0.0
 40
0.0
 40
1.0
 40
-32.5
 40
0.0
 40
0.0
 40
0.0
 40
1.0
330
D2D
100
AcDbAssocArrayItem
 90
0
 90
10
 90
0
 90
0
 90
12
 40
-0.8660254037844364
 40
-0.5000000000000002
 40
0.0
 40
2463.892617991702
 40
0.5000000000000047
 40
-0.8660254037844389
 40
0.0
 40
1638.741823642674
 40
0.0
 40
0.0
 40
1.0
 40
-32.5
 40
0.0
 40
0.0
 40
0.0
 40
1.0
330
D2E
100
AcDbAssocArrayItem
 90
0
 90
11
 90
0
 90
0
 90
12
 40
-0.965925826289067
 40
-0.2588190451025209
 40
0.0
 40
2461.395107429086
 40
0.2588190451025263
 40
-0.9659258262890684
 40
0.0
 40
1632.712299770236
 40
0.0
 40
0.0
 40
1.0
 40
-32.5
 40
0.0
 40
0.0
 40
0.0
 40
1.0
330
D2F
100
AcDbAssocArrayItem
 90
0
 90
12
 90
0
 90
0
 90
12
 40
-1.0
 40
-8e-16
 40
0.0
 40
2460.543253086313
 40
6.7e-15
 40
-1.0
 40
0.0
 40
1626.241823642674
 40
0.0
 40
0.0
 40
1.0
 40
-32.5
 40
0.0
 40
0.0
 40
0.0
 40
1.0
330
D30
100
AcDbAssocArrayItem
 90
0
 90
13
 90
0
 90
0
 90
12
 40
-0.9659258262890702
 40
0.2588190451025202
 40
0.0
 40
2461.395107429086
 40
-0.2588190451025143
 40
-0.9659258262890688
 40
0.0
 40
1619.771347515111
 40
0.0
 40
0.0
 40
1.0
 40
-32.5
 40
0.0
 40
0.0
 40
0.0
 40
1.0
330
D31
100
AcDbAssocArrayItem
 90
0
 90
14
 90
0
 90
0
 90
12
 40
-0.8660254037844421
 40
0.4999999999999997
 40
0.0
 40
2463.892617991702
 40
-0.4999999999999946
 40
-0.866025403784439
 40
0.0
 40
1613.741823642674
 40
0.0
 40
0.0
 40
1.0
 40
-32.5
 40
0.0
 40
0.0
 40
0.0
 40
1.0
330
D32
100
AcDbAssocArrayItem
 90
0
 90
15
 90
0
 90
0
 90
12
 40
-0.7071067811865526
 40
0.7071067811865471
 40
0.0
 40
2467.865583556649
 40
-0.7071067811865428
 40
-0.707106781186548
 40
0.0
 40
1608.56415411301
 40
0.0
 40
0.0
 40
1.0
 40
-32.5
 40
0.0
 40
0.0
 40
0.0
 40
1.0
330
D33
100
AcDbAssocArrayItem
 90
0
 90
16
 90
0
 90
0
 90
12
 40
-0.5000000000000071
 40
0.8660254037844385
 40
0.0
 40
2473.043253086313
 40
-0.8660254037844349
 40
-0.5000000000000007
 40
0.0
 40
1604.591188548063
 40
0.0
 40
0.0
 40
1.0
 40
-32.5
 40
0.0
 40
0.0
 40
0.0
 40
1.0
330
D34
100
AcDbAssocArrayItem
 90
0
 90
17
 90
0
 90
0
 90
12
 40
-0.2588190451025291
 40
0.9659258262890684
 40
0.0
 40
2479.07277695875
 40
-0.9659258262890663
 40
-0.258819045102521
 40
0.0
 40
1602.093677985447
 40
0.0
 40
0.0
 40
1.0
 40
-32.5
 40
0.0
 40
0.0
 40
0.0
 40
1.0
330
D35
100
AcDbAssocArrayItem
 90
0
 90
18
 90
0
 90
0
 90
12
 40
-9.1e-15
 40
1.0
 40
0.0
 40
2485.543253086313
 40
-1.0
 40
-4e-16
 40
0.0
 40
1601.241823642674
 40
0.0
 40
0.0
 40
1.0
 40
-32.5
 40
0.0
 40
0.0
 40
0.0
 40
1.0
330
D36
100
AcDbAssocArrayItem
 90
0
 90
19
 90
0
 90
0
 90
12
 40
0.2588190451025115
 40
0.9659258262890688
 40
0.0
 40
2492.013729213876
 40
-0.9659258262890711
 40
0.2588190451025201
 40
0.0
 40
1602.093677985447
 40
0.0
 40
0.0
 40
1.0
 40
-32.5
 40
0.0
 40
0.0
 40
0.0
 40
1.0
330
D37
100
AcDbAssocArrayItem
 90
0
 90
20
 90
0
 90
0
 90
12
 40
0.4999999999999921
 40
0.8660254037844389
 40
0.0
 40
2498.043253086313
 40
-0.8660254037844435
 40
0.5
 40
0.0
 40
1604.591188548063
 40
0.0
 40
0.0
 40
1.0
 40
-32.5
 40
0.0
 40
0.0
 40
0.0
 40
1.0
330
D38
100
AcDbAssocArrayItem
 90
0
 90
21
 90
0
 90
0
 90
12
 40
0.7071067811865399
 40
0.7071067811865487
 40
0.0
 40
2503.220922615976
 40
-0.7071067811865555
 40
0.7071067811865467
 40
0.0
 40
1608.56415411301
 40
0.0
 40
0.0
 40
1.0
 40
-32.5
 40
0.0
 40
0.0
 40
0.0
 40
1.0
330
D39
100
AcDbAssocArrayItem
 90
0
 90
22
 90
0
 90
0
 90
12
 40
0.866025403784434
 40
0.5
 40
0.0
 40
2507.193888180924
 40
-0.5000000000000089
 40
0.866025403784439
 40
0.0
 40
1613.741823642674
 40
0.0
 40
0.0
 40
1.0
 40
-32.5
 40
0.0
 40
0.0
 40
0.0
 40
1.0
330
D3A
100
AcDbAssocArrayItem
 90
0
 90
23
 90
0
 90
0
 90
12
 40
0.9659258262890656
 40
0.2588190451025218
 40
0.0
 40
2509.69139874354
 40
-0.2588190451025323
 40
0.9659258262890681
 40
0.0
 40
1619.771347515111
 40
0.0
 40
0.0
 40
1.0
 40
-32.5
 40
0.0
 40
0.0
 40
0.0
 40
1.0
330
D3B
 40
1.0
 40
0.0
 40
0.0
 40
4726.650434195681
 40
0.0
 40
1.0
 40
0.0
 40
379.5614047711881
 40
0.0
 40
0.0
 40
1.0
 40
-3670.0
 40
0.0
 40
0.0
 40
0.0
 40
1.0
  0
ACDBASSOCDEPENDENCY
  5
D0A
330
D08
100
AcDbAssocDependency
 90
2
 90
0
290
0
290
1
290
1
290
1
 90
0
330
D22
290
0
330
0
330
0
360
0
 90
1
  0
ACDBASSOCDEPENDENCY
  5
D0B
330
D08
100
AcDbAssocDependency
 90
2
 90
0
290
1
290
0
290
1
290
1
 90
0
330
D1E
290
0
330
0
330
0
360
0
 90
2
  0
ACDBASSOCDEPENDENCY
  5
D0C
330
D08
100
AcDbAssocDependency
 90
2
 90
0
290
1
290
1
290
1
290
1
 90
-2147483648
330
CFC
290
0
330
0
330
0
360
0
 90
3
  0
ACDBASSOCVERTEXACTIONPARAM
  5
D0D
330
D08
100
AcDbAssocActionParam
 90
1
 90
0
  1
BaseNormal
100
AcDbAssocSingleDependencyActionParam
 90
0
330
0
100
AcDbAssocVertexActionParam
 90
0
 10
0.0
 20
0.0
 30
1.0
  0
ACDBASSOCVERTEXACTIONPARAM
  5
D0E
330
D08
100
AcDbAssocActionParam
 90
1
 90
0
  1
Origin
100
AcDbAssocSingleDependencyActionParam
 90
0
330
0
100
AcDbAssocVertexActionParam
 90
0
 10
2485.543253086313
 20
1626.241823642674
 30
-32.5
  0
ACDBASSOCVERTEXACTIONPARAM
  5
D0F
330
D08
100
AcDbAssocActionParam
 90
1
 90
0
  1
basePoint
100
AcDbAssocSingleDependencyActionParam
 90
0
330
0
100
AcDbAssocVertexActionParam
 90
0
 10
0.0
 20
0.0
 30
0.0
  0
ACDBASSOCARRAYACTIONBODY
  5
D47
330
D46
100
AcDbAssocActionBody
 90
2
100
AcDbAssocArrayActionBody
 90
1
  1
AcDbAssocArrayPolarParameters
 90
0
 90
7
  1
AcDbAssocArrayItem
100
AcDbAssocArrayItem
 90
0
 90
0
 90
0
 90
0
 90
8
 11
2585.543253086314
 21
1600.874536331566
 31
-123.7874041846087
330
D5C
100
AcDbAssocArrayItem
 90
0
 90
1
 90
0
 90
0
 90
12
 40
0.6234898018587341
 40
-0.7818314824680295
 40
0.0
 40
2605.376196930949
 40
0.7818314824680295
 40
0.6234898018587341
 40
0.0
 40
1610.425578703378
 40
0.0
 40
0.0
 40
1.0
 40
-123.7874041846087
 40
0.0
 40
0.0
 40
0.0
 40
1.0
330
D5D
100
AcDbAssocArrayItem
 90
0
 90
2
 90
0
 90
0
 90
12
 40
-0.222520933956314
 40
-0.9749279121818236
 40
0.0
 40
2610.274529542248
 40
0.9749279121818236
 40
-0.2225209339563138
 40
0.0
 40
1631.88657610708
 40
0.0
 40
0.0
 40
1.0
 40
-123.7874041846087
 40
0.0
 40
0.0
 40
0.0
 40
1.0
330
D5E
100
AcDbAssocArrayItem
 90
0
 90
3
 90
0
 90
0
 90
12
 40
-0.9009688679024188
 40
-0.4338837391175589
 40
0.0
 40
2596.549706556126
 40
0.4338837391175585
 40
-0.9009688679024186
 40
0.0
 40
1649.096959773118
 40
0.0
 40
0.0
 40
1.0
 40
-123.7874041846087
 40
0.0
 40
0.0
 40
0.0
 40
1.0
330
D5F
100
AcDbAssocArrayItem
 90
0
 90
4
 90
0
 90
0
 90
12
 40
-0.9009688679024191
 40
0.4338837391175571
 40
0.0
 40
2574.536799616499
 40
-0.4338837391175577
 40
-0.9009688679024197
 40
0.0
 40
1649.096959773118
 40
0.0
 40
0.0
 40
1.0
 40
-123.7874041846087
 40
0.0
 40
0.0
 40
0.0
 40
1.0
330
D60
100
AcDbAssocArrayItem
 90
0
 90
5
 90
0
 90
0
 90
12
 40
-0.2225209339563131
 40
0.9749279121818236
 40
0.0
 40
2560.811976630378
 40
-0.974927912181824
 40
-0.2225209339563142
 40
0.0
 40
1631.886576107079
 40
0.0
 40
0.0
 40
1.0
 40
-123.7874041846087
 40
0.0
 40
0.0
 40
0.0
 40
1.0
330
D61
100
AcDbAssocArrayItem
 90
0
 90
6
 90
0
 90
0
 90
12
 40
0.6234898018587332
 40
0.7818314824680311
 40
0.0
 40
2565.710309241677
 40
-0.7818314824680302
 40
0.6234898018587323
 40
0.0
 40
1610.425578703377
 40
0.0
 40
0.0
 40
1.0
 40
-123.7874041846087
 40
0.0
 40
0.0
 40
0.0
 40
1.0
330
D62
 40
1.0
 40
0.0
 40
0.0
 40
4626.65043419568
 40
0.0
 40
1.0
 40
0.0
 40
529.5614047711883
 40
0.0
 40
0.0
 40
1.0
 40
-3517.5
 40
0.0
 40
0.0
 40
0.0
 40
1.0
  0
ACDBASSOCDEPENDENCY
  5
D48
330
D46
100
AcDbAssocDependency
 90
2
 90
0
290
0
290
1
290
1
290
1
 90
0
330
D5A
290
0
330
0
330
0
360
0
 90
1
  0
ACDBASSOCDEPENDENCY
  5
D49
330
D46
100
AcDbAssocDependency
 90
2
 90
0
290
1
290
0
290
1
290
1
 90
0
330
D56
290
0
330
0
330
0
360
0
 90
2
  0
ACDBASSOCDEPENDENCY
  5
D4A
330
D46
100
AcDbAssocDependency
 90
2
 90
0
290
1
290
1
290
1
290
1
 90
-2147483648
330
D41
290
0
330
0
330
0
360
0
 90
3
  0
ACDBASSOCVERTEXACTIONPARAM
  5
D4B
330
D46
100
AcDbAssocActionParam
 90
1
 90
0
  1
BaseNormal
100
AcDbAssocSingleDependencyActionParam
 90
0
330
0
100
AcDbAssocVertexActionParam
 90
0
 10
0.0
 20
0.0
 30
1.0
  0
ACDBASSOCVERTEXACTIONPARAM
  5
D4C
330
D46
100
AcDbAssocActionParam
 90
1
 90
0
  1
Origin
100
AcDbAssocSingleDependencyActionParam
 90
0
330
0
100
AcDbAssocVertexActionParam
 90
0
 10
2585.543253086313
 20
1626.241823642674
 30
-123.7874041846087
  0
ACDBASSOCVERTEXACTIONPARAM
  5
D4D
330
D46
100
AcDbAssocActionParam
 90
1
 90
0
  1
basePoint
100
AcDbAssocSingleDependencyActionParam
 90
0
330
0
100
AcDbAssocVertexActionParam
 90
0
 10
0.0
 20
0.0
 30
0.0
  0
ACDBASSOCARRAYACTIONBODY
  5
D4F
330
D4E
100
AcDbAssocActionBody
 90
2
100
AcDbAssocArrayActionBody
 90
1
  1
AcDbAssocArrayPolarParameters
 90
0
 90
24
  1
AcDbAssocArrayItem
100
AcDbAssocArrayItem
 90
0
 90
0
 90
0
 90
0
 90
8
 11
2510.543253086313
 21
1626.241823642674
 31
-32.5
330
D6A
100
AcDbAssocArrayItem
 90
0
 90
1
 90
0
 90
0
 90
12
 40
0.9659258262890688
 40
-0.2588190451025206
 40
0.0
 40
2509.69139874354
 40
0.2588190451025201
 40
0.9659258262890688
 40
0.0
 40
1632.712299770236
 40
0.0
 40
0.0
 40
1.0
 40
-32.5
 40
0.0
 40
0.0
 40
0.0
 40
1.0
330
D6B
100
AcDbAssocArrayItem
 90
0
 90
2
 90
0
 90
0
 90
12
 40
0.8660254037844397
 40
-0.4999999999999999
 40
0.0
 40
2507.193888180924
 40
0.4999999999999986
 40
0.866025403784439
 40
0.0
 40
1638.741823642674
 40
0.0
 40
0.0
 40
1.0
 40
-32.5
 40
0.0
 40
0.0
 40
0.0
 40
1.0
330
D6C
100
AcDbAssocArrayItem
 90
0
 90
3
 90
0
 90
0
 90
12
 40
0.7071067811865493
 40
-0.7071067811865475
 40
0.0
 40
2503.220922615976
 40
0.7071067811865462
 40
0.7071067811865479
 40
0.0
 40
1643.919493172337
 40
0.0
 40
0.0
 40
1.0
 40
-32.5
 40
0.0
 40
0.0
 40
0.0
 40
1.0
330
D6D
100
AcDbAssocArrayItem
 90
0
 90
4
 90
0
 90
0
 90
12
 40
0.5000000000000026
 40
-0.8660254037844385
 40
0.0
 40
2498.043253086313
 40
0.8660254037844376
 40
0.5000000000000006
 40
0.0
 40
1647.892458737285
 40
0.0
 40
0.0
 40
1.0
 40
-32.5
 40
0.0
 40
0.0
 40
0.0
 40
1.0
330
D6E
100
AcDbAssocArrayItem
 90
0
 90
5
 90
0
 90
0
 90
12
 40
0.2588190451025245
 40
-0.9659258262890684
 40
0.0
 40
2492.013729213876
 40
0.9659258262890675
 40
0.2588190451025211
 40
0.0
 40
1650.3899692999
 40
0.0
 40
0.0
 40
1.0
 40
-32.5
 40
0.0
 40
0.0
 40
0.0
 40
1.0
330
D6F
100
AcDbAssocArrayItem
 90
0
 90
6
 90
0
 90
0
 90
12
 40
4.7e-15
 40
-1.0
 40
0.0
 40
2485.543253086313
 40
1.0
 40
5e-16
 40
0.0
 40
1651.241823642674
 40
0.0
 40
0.0
 40
1.0
 40
-32.5
 40
0.0
 40
0.0
 40
0.0
 40
1.0
330
D70
100
AcDbAssocArrayItem
 90
0
 90
7
 90
0
 90
0
 90
12
 40
-0.2588190451025161
 40
-0.9659258262890688
 40
0.0
 40
2479.07277695875
 40
0.9659258262890698
 40
-0.2588190451025205
 40
0.0
 40
1650.3899692999
 40
0.0
 40
0.0
 40
1.0
 40
-32.5
 40
0.0
 40
0.0
 40
0.0
 40
1.0
330
D71
100
AcDbAssocArrayItem
 90
0
 90
8
 90
0
 90
0
 90
12
 40
-0.4999999999999955
 40
-0.866025403784439
 40
0.0
 40
2473.043253086313
 40
0.8660254037844415
 40
-0.4999999999999998
 40
0.0
 40
1647.892458737285
 40
0.0
 40
0.0
 40
1.0
 40
-32.5
 40
0.0
 40
0.0
 40
0.0
 40
1.0
330
D72
100
AcDbAssocArrayItem
 90
0
 90
9
 90
0
 90
0
 90
12
 40
-0.7071067811865442
 40
-0.7071067811865479
 40
0.0
 40
2467.865583556649
 40
0.7071067811865513
 40
-0.7071067811865476
 40
0.0
 40
1643.919493172337
 40
0.0
 40
0.0
 40
1.0
 40
-32.5
 40
0.0
 40
0.0
 40
0.0
 40
1.0
330
D73
100
AcDbAssocArrayItem
 90
0
 90
10
 90
0
 90
0
 90
12
 40
-0.8660254037844364
 40
-0.5000000000000002
 40
0.0
 40
2463.892617991702
 40
0.5000000000000047
 40
-0.8660254037844389
 40
0.0
 40
1638.741823642674
 40
0.0
 40
0.0
 40
1.0
 40
-32.5
 40
0.0
 40
0.0
 40
0.0
 40
1.0
330
D74
100
AcDbAssocArrayItem
 90
0
 90
11
 90
0
 90
0
 90
12
 40
-0.965925826289067
 40
-0.2588190451025209
 40
0.0
 40
2461.395107429086
 40
0.2588190451025263
 40
-0.9659258262890684
 40
0.0
 40
1632.712299770236
 40
0.0
 40
0.0
 40
1.0
 40
-32.5
 40
0.0
 40
0.0
 40
0.0
 40
1.0
330
D75
100
AcDbAssocArrayItem
 90
0
 90
12
 90
0
 90
0
 90
12
 40
-1.0
 40
-8e-16
 40
0.0
 40
2460.543253086313
 40
6.7e-15
 40
-1.0
 40
0.0
 40
1626.241823642674
 40
0.0
 40
0.0
 40
1.0
 40
-32.5
 40
0.0
 40
0.0
 40
0.0
 40
1.0
330
D76
100
AcDbAssocArrayItem
 90
0
 90
13
 90
0
 90
0
 90
12
 40
-0.9659258262890702
 40
0.2588190451025202
 40
0.0
 40
2461.395107429086
 40
-0.2588190451025143
 40
-0.9659258262890688
 40
0.0
 40
1619.771347515111
 40
0.0
 40
0.0
 40
1.0
 40
-32.5
 40
0.0
 40
0.0
 40
0.0
 40
1.0
330
D77
100
AcDbAssocArrayItem
 90
0
 90
14
 90
0
 90
0
 90
12
 40
-0.8660254037844421
 40
0.4999999999999997
 40
0.0
 40
2463.892617991702
 40
-0.4999999999999946
 40
-0.866025403784439
 40
0.0
 40
1613.741823642674
 40
0.0
 40
0.0
 40
1.0
 40
-32.5
 40
0.0
 40
0.0
 40
0.0
 40
1.0
330
D78
100
AcDbAssocArrayItem
 90
0
 90
15
 90
0
 90
0
 90
12
 40
-0.7071067811865526
 40
0.7071067811865471
 40
0.0
 40
2467.865583556649
 40
-0.7071067811865428
 40
-0.707106781186548
 40
0.0
 40
1608.56415411301
 40
0.0
 40
0.0
 40
1.0
 40
-32.5
 40
0.0
 40
0.0
 40
0.0
 40
1.0
330
D79
100
AcDbAssocArrayItem
 90
0
 90
16
 90
0
 90
0
 90
12
 40
-0.5000000000000071
 40
0.8660254037844385
 40
0.0
 40
2473.043253086313
 40
-0.8660254037844349
 40
-0.5000000000000007
 40
0.0
 40
1604.591188548063
 40
0.0
 40
0.0
 40
1.0
 40
-32.5
 40
0.0
 40
0.0
 40
0.0
 40
1.0
330
D7A
100
AcDbAssocArrayItem
 90
0
 90
17
 90
0
 90
0
 90
12
 40
-0.2588190451025291
 40
0.9659258262890684
 40
0.0
 40
2479.07277695875
 40
-0.9659258262890663
 40
-0.258819045102521
 40
0.0
 40
1602.093677985447
 40
0.0
 40
0.0
 40
1.0
 40
-32.5
 40
0.0
 40
0.0
 40
0.0
 40
1.0
330
D7B
100
AcDbAssocArrayItem
 90
0
 90
18
 90
0
 90
0
 90
12
 40
-9.1e-15
 40
1.0
 40
0.0
 40
2485.543253086313
 40
-1.0
 40
-4e-16
 40
0.0
 40
1601.241823642674
 40
0.0
 40
0.0
 40
1.0
 40
-32.5
 40
0.0
 40
0.0
 40
0.0
 40
1.0
330
D7C
100
AcDbAssocArrayItem
 90
0
 90
19
 90
0
 90
0
 90
12
 40
0.2588190451025115
 40
0.9659258262890688
 40
0.0
 40
2492.013729213876
 40
-0.9659258262890711
 40
0.2588190451025201
 40
0.0
 40
1602.093677985447
 40
0.0
 40
0.0
 40
1.0
 40
-32.5
 40
0.0
 40
0.0
 40
0.0
 40
1.0
330
D7D
100
AcDbAssocArrayItem
 90
0
 90
20
 90
0
 90
0
 90
12
 40
0.4999999999999921
 40
0.8660254037844389
 40
0.0
 40
2498.043253086313
 40
-0.8660254037844435
 40
0.5
 40
0.0
 40
1604.591188548063
 40
0.0
 40
0.0
 40
1.0
 40
-32.5
 40
0.0
 40
0.0
 40
0.0
 40
1.0
330
D7E
100
AcDbAssocArrayItem
 90
0
 90
21
 90
0
 90
0
 90
12
 40
0.7071067811865399
 40
0.7071067811865487
 40
0.0
 40
2503.220922615976
 40
-0.7071067811865555
 40
0.7071067811865467
 40
0.0
 40
1608.56415411301
 40
0.0
 40
0.0
 40
1.0
 40
-32.5
 40
0.0
 40
0.0
 40
0.0
 40
1.0
330
D7F
100
AcDbAssocArrayItem
 90
0
 90
22
 90
0
 90
0
 90
12
 40
0.866025403784434
 40
0.5
 40
0.0
 40
2507.193888180924
 40
-0.5000000000000089
 40
0.866025403784439
 40
0.0
 40
1613.741823642674
 40
0.0
 40
0.0
 40
1.0
 40
-32.5
 40
0.0
 40
0.0
 40
0.0
 40
1.0
330
D80
100
AcDbAssocArrayItem
 90
0
 90
23
 90
0
 90
0
 90
12
 40
0.9659258262890656
 40
0.2588190451025218
 40
0.0
 40
2509.69139874354
 40
-0.2588190451025323
 40
0.9659258262890681
 40
0.0
 40
1619.771347515111
 40
0.0
 40
0.0
 40
1.0
 40
-32.5
 40
0.0
 40
0.0
 40
0.0
 40
1.0
330
D81
 40
1.0
 40
0.0
 40
0.0
 40
4726.650434195681
 40
0.0
 40
1.0
 40
0.0
 40
529.5614047711883
 40
0.0
 40
0.0
 40
1.0
 40
-3520.0
 40
0.0
 40
0.0
 40
0.0
 40
1.0
  0
ACDBASSOCDEPENDENCY
  5
D50
330
D4E
100
AcDbAssocDependency
 90
2
 90
0
290
0
290
1
290
1
290
1
 90
0
330
D68
290
0
330
0
330
0
360
0
 90
1
  0
ACDBASSOCDEPENDENCY
  5
D51
330
D4E
100
AcDbAssocDependency
 90
2
 90
0
290
1
290
0
290
1
290
1
 90
0
330
D64
290
0
330
0
330
0
360
0
 90
2
  0
ACDBASSOCDEPENDENCY
  5
D52
330
D4E
100
AcDbAssocDependency
 90
2
 90
0
290
1
290
1
290
1
290
1
 90
-2147483648
330
D42
290
0
330
0
330
0
360
0
 90
3
  0
ACDBASSOCVERTEXACTIONPARAM
  5
D53
330
D4E
100
AcDbAssocActionParam
 90
1
 90
0
  1
BaseNormal
100
AcDbAssocSingleDependencyActionParam
 90
0
330
0
100
AcDbAssocVertexActionParam
 90
0
 10
0.0
 20
0.0
 30
1.0
  0
ACDBASSOCVERTEXACTIONPARAM
  5
D54
330
D4E
100
AcDbAssocActionParam
 90
1
 90
0
  1
Origin
100
AcDbAssocSingleDependencyActionParam
 90
0
330
0
100
AcDbAssocVertexActionParam
 90
0
 10
2485.543253086313
 20
1626.241823642674
 30
-32.5
  0
ACDBASSOCVERTEXACTIONPARAM
  5
D55
330
D4E
100
AcDbAssocActionParam
 90
1
 90
0
  1
basePoint
100
AcDbAssocSingleDependencyActionParam
 90
0
330
0
100
AcDbAssocVertexActionParam
 90
0
 10
0.0
 20
0.0
 30
0.0
  0
ACDBASSOCARRAYACTIONBODY
  5
D8D
330
D8C
100
AcDbAssocActionBody
 90
2
100
AcDbAssocArrayActionBody
 90
1
  1
AcDbAssocArrayPolarParameters
 90
0
 90
7
  1
AcDbAssocArrayItem
100
AcDbAssocArrayItem
 90
0
 90
0
 90
0
 90
0
 90
8
 11
2585.543253086314
 21
1600.874536331566
 31
-123.7874041846087
330
DA2
100
AcDbAssocArrayItem
 90
0
 90
1
 90
0
 90
0
 90
12
 40
0.6234898018587341
 40
-0.7818314824680295
 40
0.0
 40
2605.376196930949
 40
0.7818314824680295
 40
0.6234898018587341
 40
0.0
 40
1610.425578703378
 40
0.0
 40
0.0
 40
1.0
 40
-123.7874041846087
 40
0.0
 40
0.0
 40
0.0
 40
1.0
330
DA3
100
AcDbAssocArrayItem
 90
0
 90
2
 90
0
 90
0
 90
12
 40
-0.222520933956314
 40
-0.9749279121818236
 40
0.0
 40
2610.274529542248
 40
0.9749279121818236
 40
-0.2225209339563138
 40
0.0
 40
1631.88657610708
 40
0.0
 40
0.0
 40
1.0
 40
-123.7874041846087
 40
0.0
 40
0.0
 40
0.0
 40
1.0
330
DA4
100
AcDbAssocArrayItem
 90
0
 90
3
 90
0
 90
0
 90
12
 40
-0.9009688679024188
 40
-0.4338837391175589
 40
0.0
 40
2596.549706556126
 40
0.4338837391175585
 40
-0.9009688679024186
 40
0.0
 40
1649.096959773118
 40
0.0
 40
0.0
 40
1.0
 40
-123.7874041846087
 40
0.0
 40
0.0
 40
0.0
 40
1.0
330
DA5
100
AcDbAssocArrayItem
 90
0
 90
4
 90
0
 90
0
 90
12
 40
-0.9009688679024191
 40
0.4338837391175571
 40
0.0
 40
2574.536799616499
 40
-0.4338837391175577
 40
-0.9009688679024197
 40
0.0
 40
1649.096959773118
 40
0.0
 40
0.0
 40
1.0
 40
-123.7874041846087
 40
0.0
 40
0.0
 40
0.0
 40
1.0
330
DA6
100
AcDbAssocArrayItem
 90
0
 90
5
 90
0
 90
0
 90
12
 40
-0.2225209339563131
 40
0.9749279121818236
 40
0.0
 40
2560.811976630378
 40
-0.974927912181824
 40
-0.2225209339563142
 40
0.0
 40
1631.886576107079
 40
0.0
 40
0.0
 40
1.0
 40
-123.7874041846087
 40
0.0
 40
0.0
 40
0.0
 40
1.0
330
DA7
100
AcDbAssocArrayItem
 90
0
 90
6
 90
0
 90
0
 90
12
 40
0.6234898018587332
 40
0.7818314824680311
 40
0.0
 40
2565.710309241677
 40
-0.7818314824680302
 40
0.6234898018587323
 40
0.0
 40
1610.425578703377
 40
0.0
 40
0.0
 40
1.0
 40
-123.7874041846087
 40
0.0
 40
0.0
 40
0.0
 40
1.0
330
DA8
 40
1.0
 40
0.0
 40
0.0
 40
4626.650434195679
 40
0.0
 40
1.0
 40
0.0
 40
679.5614047711883
 40
0.0
 40
0.0
 40
1.0
 40
-2467.5
 40
0.0
 40
0.0
 40
0.0
 40
1.0
  0
ACDBASSOCDEPENDENCY
  5
D8E
330
D8C
100
AcDbAssocDependency
 90
2
 90
0
290
0
290
1
290
1
290
1
 90
0
330
DA0
290
0
330
0
330
0
360
0
 90
1
  0
ACDBASSOCDEPENDENCY
  5
D8F
330
D8C
100
AcDbAssocDependency
 90
2
 90
0
290
1
290
0
290
1
290
1
 90
0
330
D9C
290
0
330
0
330
0
360
0
 90
2
  0
ACDBASSOCDEPENDENCY
  5
D90
330
D8C
100
AcDbAssocDependency
 90
2
 90
0
290
1
290
1
290
1
290
1
 90
-2147483648
330
D87
290
0
330
0
330
0
360
0
 90
3
  0
ACDBASSOCVERTEXACTIONPARAM
  5
D91
330
D8C
100
AcDbAssocActionParam
 90
1
 90
0
  1
BaseNormal
100
AcDbAssocSingleDependencyActionParam
 90
0
330
0
100
AcDbAssocVertexActionParam
 90
0
 10
0.0
 20
0.0
 30
1.0
  0
ACDBASSOCVERTEXACTIONPARAM
  5
D92
330
D8C
100
AcDbAssocActionParam
 90
1
 90
0
  1
Origin
100
AcDbAssocSingleDependencyActionParam
 90
0
330
0
100
AcDbAssocVertexActionParam
 90
0
 10
2585.543253086313
 20
1626.241823642674
 30
-123.7874041846087
  0
ACDBASSOCVERTEXACTIONPARAM
  5
D93
330
D8C
100
AcDbAssocActionParam
 90
1
 90
0
  1
basePoint
100
AcDbAssocSingleDependencyActionParam
 90
0
330
0
100
AcDbAssocVertexActionParam
 90
0
 10
0.0
 20
0.0
 30
0.0
  0
ACDBASSOCARRAYACTIONBODY
  5
D95
330
D94
100
AcDbAssocActionBody
 90
2
100
AcDbAssocArrayActionBody
 90
1
  1
AcDbAssocArrayPolarParameters
 90
0
 90
24
  1
AcDbAssocArrayItem
100
AcDbAssocArrayItem
 90
0
 90
0
 90
0
 90
0
 90
8
 11
2510.543253086313
 21
1626.241823642674
 31
-32.5
330
DB0
100
AcDbAssocArrayItem
 90
0
 90
1
 90
0
 90
0
 90
12
 40
0.9659258262890688
 40
-0.2588190451025206
 40
0.0
 40
2509.69139874354
 40
0.2588190451025201
 40
0.9659258262890688
 40
0.0
 40
1632.712299770236
 40
0.0
 40
0.0
 40
1.0
 40
-32.5
 40
0.0
 40
0.0
 40
0.0
 40
1.0
330
DB1
100
AcDbAssocArrayItem
 90
0
 90
2
 90
0
 90
0
 90
12
 40
0.8660254037844397
 40
-0.4999999999999999
 40
0.0
 40
2507.193888180924
 40
0.4999999999999986
 40
0.866025403784439
 40
0.0
 40
1638.741823642674
 40
0.0
 40
0.0
 40
1.0
 40
-32.5
 40
0.0
 40
0.0
 40
0.0
 40
1.0
330
DB2
100
AcDbAssocArrayItem
 90
0
 90
3
 90
0
 90
0
 90
12
 40
0.7071067811865493
 40
-0.7071067811865475
 40
0.0
 40
2503.220922615976
 40
0.7071067811865462
 40
0.7071067811865479
 40
0.0
 40
1643.919493172337
 40
0.0
 40
0.0
 40
1.0
 40
-32.5
 40
0.0
 40
0.0
 40
0.0
 40
1.0
330
DB3
100
AcDbAssocArrayItem
 90
0
 90
4
 90
0
 90
0
 90
12
 40
0.5000000000000026
 40
-0.8660254037844385
 40
0.0
 40
2498.043253086313
 40
0.8660254037844376
 40
0.5000000000000006
 40
0.0
 40
1647.892458737285
 40
0.0
 40
0.0
 40
1.0
 40
-32.5
 40
0.0
 40
0.0
 40
0.0
 40
1.0
330
DB4
100
AcDbAssocArrayItem
 90
0
 90
5
 90
0
 90
0
 90
12
 40
0.2588190451025245
 40
-0.9659258262890684
 40
0.0
 40
2492.013729213876
 40
0.9659258262890675
 40
0.2588190451025211
 40
0.0
 40
1650.3899692999
 40
0.0
 40
0.0
 40
1.0
 40
-32.5
 40
0.0
 40
0.0
 40
0.0
 40
1.0
330
DB5
100
AcDbAssocArrayItem
 90
0
 90
6
 90
0
 90
0
 90
12
 40
4.7e-15
 40
-1.0
 40
0.0
 40
2485.543253086313
 40
1.0
 40
5e-16
 40
0.0
 40
1651.241823642674
 40
0.0
 40
0.0
 40
1.0
 40
-32.5
 40
0.0
 40
0.0
 40
0.0
 40
1.0
330
DB6
100
AcDbAssocArrayItem
 90
0
 90
7
 90
0
 90
0
 90
12
 40
-0.2588190451025161
 40
-0.9659258262890688
 40
0.0
 40
2479.07277695875
 40
0.9659258262890698
 40
-0.2588190451025205
 40
0.0
 40
1650.3899692999
 40
0.0
 40
0.0
 40
1.0
 40
-32.5
 40
0.0
 40
0.0
 40
0.0
 40
1.0
330
DB7
100
AcDbAssocArrayItem
 90
0
 90
8
 90
0
 90
0
 90
12
 40
-0.4999999999999955
 40
-0.866025403784439
 40
0.0
 40
2473.043253086313
 40
0.8660254037844415
 40
-0.4999999999999998
 40
0.0
 40
1647.892458737285
 40
0.0
 40
0.0
 40
1.0
 40
-32.5
 40
0.0
 40
0.0
 40
0.0
 40
1.0
330
DB8
100
AcDbAssocArrayItem
 90
0
 90
9
 90
0
 90
0
 90
12
 40
-0.7071067811865442
 40
-0.7071067811865479
 40
0.0
 40
2467.865583556649
 40
0.7071067811865513
 40
-0.7071067811865476
 40
0.0
 40
1643.919493172337
 40
0.0
 40
0.0
 40
1.0
 40
-32.5
 40
0.0
 40
0.0
 40
0.0
 40
1.0
330
DB9
100
AcDbAssocArrayItem
 90
0
 90
10
 90
0
 90
0
 90
12
 40
-0.8660254037844364
 40
-0.5000000000000002
 40
0.0
 40
2463.892617991702
 40
0.5000000000000047
 40
-0.8660254037844389
 40
0.0
 40
1638.741823642674
 40
0.0
 40
0.0
 40
1.0
 40
-32.5
 40
0.0
 40
0.0
 40
0.0
 40
1.0
330
DBA
100
AcDbAssocArrayItem
 90
0
 90
11
 90
0
 90
0
 90
12
 40
-0.965925826289067
 40
-0.2588190451025209
 40
0.0
 40
2461.395107429086
 40
0.2588190451025263
 40
-0.9659258262890684
 40
0.0
 40
1632.712299770236
 40
0.0
 40
0.0
 40
1.0
 40
-32.5
 40
0.0
 40
0.0
 40
0.0
 40
1.0
330
DBB
100
AcDbAssocArrayItem
 90
0
 90
12
 90
0
 90
0
 90
12
 40
-1.0
 40
-8e-16
 40
0.0
 40
2460.543253086313
 40
6.7e-15
 40
-1.0
 40
0.0
 40
1626.241823642674
 40
0.0
 40
0.0
 40
1.0
 40
-32.5
 40
0.0
 40
0.0
 40
0.0
 40
1.0
330
DBC
100
AcDbAssocArrayItem
 90
0
 90
13
 90
0
 90
0
 90
12
 40
-0.9659258262890702
 40
0.2588190451025202
 40
0.0
 40
2461.395107429086
 40
-0.2588190451025143
 40
-0.9659258262890688
 40
0.0
 40
1619.771347515111
 40
0.0
 40
0.0
 40
1.0
 40
-32.5
 40
0.0
 40
0.0
 40
0.0
 40
1.0
330
DBD
100
AcDbAssocArrayItem
 90
0
 90
14
 90
0
 90
0
 90
12
 40
-0.8660254037844421
 40
0.4999999999999997
 40
0.0
 40
2463.892617991702
 40
-0.4999999999999946
 40
-0.866025403784439
 40
0.0
 40
1613.741823642674
 40
0.0
 40
0.0
 40
1.0
 40
-32.5
 40
0.0
 40
0.0
 40
0.0
 40
1.0
330
DBE
100
AcDbAssocArrayItem
 90
0
 90
15
 90
0
 90
0
 90
12
 40
-0.7071067811865526
 40
0.7071067811865471
 40
0.0
 40
2467.865583556649
 40
-0.7071067811865428
 40
-0.707106781186548
 40
0.0
 40
1608.56415411301
 40
0.0
 40
0.0
 40
1.0
 40
-32.5
 40
0.0
 40
0.0
 40
0.0
 40
1.0
330
DBF
100
AcDbAssocArrayItem
 90
0
 90
16
 90
0
 90
0
 90
12
 40
-0.5000000000000071
 40
0.8660254037844385
 40
0.0
 40
2473.043253086313
 40
-0.8660254037844349
 40
-0.5000000000000007
 40
0.0
 40
1604.591188548063
 40
0.0
 40
0.0
 40
1.0
 40
-32.5
 40
0.0
 40
0.0
 40
0.0
 40
1.0
330
DC0
100
AcDbAssocArrayItem
 90
0
 90
17
 90
0
 90
0
 90
12
 40
-0.2588190451025291
 40
0.9659258262890684
 40
0.0
 40
2479.07277695875
 40
-0.9659258262890663
 40
-0.258819045102521
 40
0.0
 40
1602.093677985447
 40
0.0
 40
0.0
 40
1.0
 40
-32.5
 40
0.0
 40
0.0
 40
0.0
 40
1.0
330
DC1
100
AcDbAssocArrayItem
 90
0
 90
18
 90
0
 90
0
 90
12
 40
-9.1e-15
 40
1.0
 40
0.0
 40
2485.543253086313
 40
-1.0
 40
-4e-16
 40
0.0
 40
1601.241823642674
 40
0.0
 40
0.0
 40
1.0
 40
-32.5
 40
0.0
 40
0.0
 40
0.0
 40
1.0
330
DC2
100
AcDbAssocArrayItem
 90
0
 90
19
 90
0
 90
0
 90
12
 40
0.2588190451025115
 40
0.9659258262890688
 40
0.0
 40
2492.013729213876
 40
-0.9659258262890711
 40
0.2588190451025201
 40
0.0
 40
1602.093677985447
 40
0.0
 40
0.0
 40
1.0
 40
-32.5
 40
0.0
 40
0.0
 40
0.0
 40
1.0
330
DC3
100
AcDbAssocArrayItem
 90
0
 90
20
 90
0
 90
0
 90
12
 40
0.4999999999999921
 40
0.8660254037844389
 40
0.0
 40
2498.043253086313
 40
-0.8660254037844435
 40
0.5
 40
0.0
 40
1604.591188548063
 40
0.0
 40
0.0
 40
1.0
 40
-32.5
 40
0.0
 40
0.0
 40
0.0
 40
1.0
330
DC4
100
AcDbAssocArrayItem
 90
0
 90
21
 90
0
 90
0
 90
12
 40
0.7071067811865399
 40
0.7071067811865487
 40
0.0
 40
2503.220922615976
 40
-0.7071067811865555
 40
0.7071067811865467
 40
0.0
 40
1608.56415411301
 40
0.0
 40
0.0
 40
1.0
 40
-32.5
 40
0.0
 40
0.0
 40
0.0
 40
1.0
330
DC5
100
AcDbAssocArrayItem
 90
0
 90
22
 90
0
 90
0
 90
12
 40
0.866025403784434
 40
0.5
 40
0.0
 40
2507.193888180924
 40
-0.5000000000000089
 40
0.866025403784439
 40
0.0
 40
1613.741823642674
 40
0.0
 40
0.0
 40
1.0
 40
-32.5
 40
0.0
 40
0.0
 40
0.0
 40
1.0
330
DC6
100
AcDbAssocArrayItem
 90
0
 90
23
 90
0
 90
0
 90
12
 40
0.9659258262890656
 40
0.2588190451025218
 40
0.0
 40
2509.69139874354
 40
-0.2588190451025323
 40
0.9659258262890681
 40
0.0
 40
1619.771347515111
 40
0.0
 40
0.0
 40
1.0
 40
-32.5
 40
0.0
 40
0.0
 40
0.0
 40
1.0
330
DC7
 40
1.0
 40
0.0
 40
0.0
 40
4726.650434195678
 40
0.0
 40
1.0
 40
0.0
 40
679.5614047711883
 40
0.0
 40
0.0
 40
1.0
 40
-2470.0
 40
0.0
 40
0.0
 40
0.0
 40
1.0
  0
ACDBASSOCDEPENDENCY
  5
D96
330
D94
100
AcDbAssocDependency
 90
2
 90
0
290
0
290
1
290
1
290
1
 90
0
330
DAE
290
0
330
0
330
0
360
0
 90
1
  0
ACDBASSOCDEPENDENCY
  5
D97
330
D94
100
AcDbAssocDependency
 90
2
 90
0
290
1
290
0
290
1
290
1
 90
0
330
DAA
290
0
330
0
330
0
360
0
 90
2
  0
ACDBASSOCDEPENDENCY
  5
D98
330
D94
100
AcDbAssocDependency
 90
2
 90
0
290
1
290
1
290
1
290
1
 90
-2147483648
330
D88
290
0
330
0
330
0
360
0
 90
3
  0
ACDBASSOCVERTEXACTIONPARAM
  5
D99
330
D94
100
AcDbAssocActionParam
 90
1
 90
0
  1
BaseNormal
100
AcDbAssocSingleDependencyActionParam
 90
0
330
0
100
AcDbAssocVertexActionParam
 90
0
 10
0.0
 20
0.0
 30
1.0
  0
ACDBASSOCVERTEXACTIONPARAM
  5
D9A
330
D94
100
AcDbAssocActionParam
 90
1
 90
0
  1
Origin
100
AcDbAssocSingleDependencyActionParam
 90
0
330
0
100
AcDbAssocVertexActionParam
 90
0
 10
2485.543253086313
 20
1626.241823642674
 30
-32.5
  0
ACDBASSOCVERTEXACTIONPARAM
  5
D9B
330
D94
100
AcDbAssocActionParam
 90
1
 90
0
  1
basePoint
100
AcDbAssocSingleDependencyActionParam
 90
0
330
0
100
AcDbAssocVertexActionParam
 90
0
 10
0.0
 20
0.0
 30
0.0
  0
ACDBASSOCARRAYACTIONBODY
  5
DD3
330
DD2
100
AcDbAssocActionBody
 90
2
100
AcDbAssocArrayActionBody
 90
1
  1
AcDbAssocArrayPolarParameters
 90
0
 90
7
  1
AcDbAssocArrayItem
100
AcDbAssocArrayItem
 90
0
 90
0
 90
0
 90
0
 90
8
 11
2585.543253086314
 21
1600.874536331566
 31
-123.7874041846087
330
DE8
100
AcDbAssocArrayItem
 90
0
 90
1
 90
0
 90
0
 90
12
 40
0.6234898018587341
 40
-0.7818314824680295
 40
0.0
 40
2605.376196930949
 40
0.7818314824680295
 40
0.6234898018587341
 40
0.0
 40
1610.425578703378
 40
0.0
 40
0.0
 40
1.0
 40
-123.7874041846087
 40
0.0
 40
0.0
 40
0.0
 40
1.0
330
DE9
100
AcDbAssocArrayItem
 90
0
 90
2
 90
0
 90
0
 90
12
 40
-0.222520933956314
 40
-0.9749279121818236
 40
0.0
 40
2610.274529542248
 40
0.9749279121818236
 40
-0.2225209339563138
 40
0.0
 40
1631.88657610708
 40
0.0
 40
0.0
 40
1.0
 40
-123.7874041846087
 40
0.0
 40
0.0
 40
0.0
 40
1.0
330
DEA
100
AcDbAssocArrayItem
 90
0
 90
3
 90
0
 90
0
 90
12
 40
-0.9009688679024188
 40
-0.4338837391175589
 40
0.0
 40
2596.549706556126
 40
0.4338837391175585
 40
-0.9009688679024186
 40
0.0
 40
1649.096959773118
 40
0.0
 40
0.0
 40
1.0
 40
-123.7874041846087
 40
0.0
 40
0.0
 40
0.0
 40
1.0
330
DEB
100
AcDbAssocArrayItem
 90
0
 90
4
 90
0
 90
0
 90
12
 40
-0.9009688679024191
 40
0.4338837391175571
 40
0.0
 40
2574.536799616499
 40
-0.4338837391175577
 40
-0.9009688679024197
 40
0.0
 40
1649.096959773118
 40
0.0
 40
0.0
 40
1.0
 40
-123.7874041846087
 40
0.0
 40
0.0
 40
0.0
 40
1.0
330
DEC
100
AcDbAssocArrayItem
 90
0
 90
5
 90
0
 90
0
 90
12
 40
-0.2225209339563131
 40
0.9749279121818236
 40
0.0
 40
2560.811976630378
 40
-0.974927912181824
 40
-0.2225209339563142
 40
0.0
 40
1631.886576107079
 40
0.0
 40
0.0
 40
1.0
 40
-123.7874041846087
 40
0.0
 40
0.0
 40
0.0
 40
1.0
330
DED
100
AcDbAssocArrayItem
 90
0
 90
6
 90
0
 90
0
 90
12
 40
0.6234898018587332
 40
0.7818314824680311
 40
0.0
 40
2565.710309241677
 40
-0.7818314824680302
 40
0.6234898018587323
 40
0.0
 40
1610.425578703377
 40
0.0
 40
0.0
 40
1.0
 40
-123.7874041846087
 40
0.0
 40
0.0
 40
0.0
 40
1.0
330
DEE
 40
1.0
 40
0.0
 40
0.0
 40
4776.650434195679
 40
0.0
 40
1.0
 40
0.0
 40
-70.43859522881189
 40
0.0
 40
0.0
 40
1.0
 40
-2167.5
 40
0.0
 40
0.0
 40
0.0
 40
1.0
  0
ACDBASSOCDEPENDENCY
  5
DD4
330
DD2
100
AcDbAssocDependency
 90
2
 90
0
290
0
290
1
290
1
290
1
 90
0
330
DE6
290
0
330
0
330
0
360
0
 90
1
  0
ACDBASSOCDEPENDENCY
  5
DD5
330
DD2
100
AcDbAssocDependency
 90
2
 90
0
290
1
290
0
290
1
290
1
 90
0
330
DE2
290
0
330
0
330
0
360
0
 90
2
  0
ACDBASSOCDEPENDENCY
  5
DD6
330
DD2
100
AcDbAssocDependency
 90
2
 90
0
290
1
290
1
290
1
290
1
 90
-2147483648
330
DCD
290
0
330
0
330
0
360
0
 90
3
  0
ACDBASSOCVERTEXACTIONPARAM
  5
DD7
330
DD2
100
AcDbAssocActionParam
 90
1
 90
0
  1
BaseNormal
100
AcDbAssocSingleDependencyActionParam
 90
0
330
0
100
AcDbAssocVertexActionParam
 90
0
 10
0.0
 20
0.0
 30
1.0
  0
ACDBASSOCVERTEXACTIONPARAM
  5
DD8
330
DD2
100
AcDbAssocActionParam
 90
1
 90
0
  1
Origin
100
AcDbAssocSingleDependencyActionParam
 90
0
330
0
100
AcDbAssocVertexActionParam
 90
0
 10
2585.543253086313
 20
1626.241823642674
 30
-123.7874041846087
  0
ACDBASSOCVERTEXACTIONPARAM
  5
DD9
330
DD2
100
AcDbAssocActionParam
 90
1
 90
0
  1
basePoint
100
AcDbAssocSingleDependencyActionParam
 90
0
330
0
100
AcDbAssocVertexActionParam
 90
0
 10
0.0
 20
0.0
 30
0.0
  0
ACDBASSOCARRAYACTIONBODY
  5
DDB
330
DDA
100
AcDbAssocActionBody
 90
2
100
AcDbAssocArrayActionBody
 90
1
  1
AcDbAssocArrayPolarParameters
 90
0
 90
24
  1
AcDbAssocArrayItem
100
AcDbAssocArrayItem
 90
0
 90
0
 90
0
 90
0
 90
8
 11
2510.543253086313
 21
1626.241823642674
 31
-32.5
330
DF6
100
AcDbAssocArrayItem
 90
0
 90
1
 90
0
 90
0
 90
12
 40
0.9659258262890688
 40
-0.2588190451025206
 40
0.0
 40
2509.69139874354
 40
0.2588190451025201
 40
0.9659258262890688
 40
0.0
 40
1632.712299770236
 40
0.0
 40
0.0
 40
1.0
 40
-32.5
 40
0.0
 40
0.0
 40
0.0
 40
1.0
330
DF7
100
AcDbAssocArrayItem
 90
0
 90
2
 90
0
 90
0
 90
12
 40
0.8660254037844397
 40
-0.4999999999999999
 40
0.0
 40
2507.193888180924
 40
0.4999999999999986
 40
0.866025403784439
 40
0.0
 40
1638.741823642674
 40
0.0
 40
0.0
 40
1.0
 40
-32.5
 40
0.0
 40
0.0
 40
0.0
 40
1.0
330
DF8
100
AcDbAssocArrayItem
 90
0
 90
3
 90
0
 90
0
 90
12
 40
0.7071067811865493
 40
-0.7071067811865475
 40
0.0
 40
2503.220922615976
 40
0.7071067811865462
 40
0.7071067811865479
 40
0.0
 40
1643.919493172337
 40
0.0
 40
0.0
 40
1.0
 40
-32.5
 40
0.0
 40
0.0
 40
0.0
 40
1.0
330
DF9
100
AcDbAssocArrayItem
 90
0
 90
4
 90
0
 90
0
 90
12
 40
0.5000000000000026
 40
-0.8660254037844385
 40
0.0
 40
2498.043253086313
 40
0.8660254037844376
 40
0.5000000000000006
 40
0.0
 40
1647.892458737285
 40
0.0
 40
0.0
 40
1.0
 40
-32.5
 40
0.0
 40
0.0
 40
0.0
 40
1.0
330
DFA
100
AcDbAssocArrayItem
 90
0
 90
5
 90
0
 90
0
 90
12
 40
0.2588190451025245
 40
-0.9659258262890684
 40
0.0
 40
2492.013729213876
 40
0.9659258262890675
 40
0.2588190451025211
 40
0.0
 40
1650.3899692999
 40
0.0
 40
0.0
 40
1.0
 40
-32.5
 40
0.0
 40
0.0
 40
0.0
 40
1.0
330
DFB
100
AcDbAssocArrayItem
 90
0
 90
6
 90
0
 90
0
 90
12
 40
4.7e-15
 40
-1.0
 40
0.0
 40
2485.543253086313
 40
1.0
 40
5e-16
 40
0.0
 40
1651.241823642674
 40
0.0
 40
0.0
 40
1.0
 40
-32.5
 40
0.0
 40
0.0
 40
0.0
 40
1.0
330
DFC
100
AcDbAssocArrayItem
 90
0
 90
7
 90
0
 90
0
 90
12
 40
-0.2588190451025161
 40
-0.9659258262890688
 40
0.0
 40
2479.07277695875
 40
0.9659258262890698
 40
-0.2588190451025205
 40
0.0
 40
1650.3899692999
 40
0.0
 40
0.0
 40
1.0
 40
-32.5
 40
0.0
 40
0.0
 40
0.0
 40
1.0
330
DFD
100
AcDbAssocArrayItem
 90
0
 90
8
 90
0
 90
0
 90
12
 40
-0.4999999999999955
 40
-0.866025403784439
 40
0.0
 40
2473.043253086313
 40
0.8660254037844415
 40
-0.4999999999999998
 40
0.0
 40
1647.892458737285
 40
0.0
 40
0.0
 40
1.0
 40
-32.5
 40
0.0
 40
0.0
 40
0.0
 40
1.0
330
DFE
100
AcDbAssocArrayItem
 90
0
 90
9
 90
0
 90
0
 90
12
 40
-0.7071067811865442
 40
-0.7071067811865479
 40
0.0
 40
2467.865583556649
 40
0.7071067811865513
 40
-0.7071067811865476
 40
0.0
 40
1643.919493172337
 40
0.0
 40
0.0
 40
1.0
 40
-32.5
 40
0.0
 40
0.0
 40
0.0
 40
1.0
330
DFF
100
AcDbAssocArrayItem
 90
0
 90
10
 90
0
 90
0
 90
12
 40
-0.8660254037844364
 40
-0.5000000000000002
 40
0.0
 40
2463.892617991702
 40
0.5000000000000047
 40
-0.8660254037844389
 40
0.0
 40
1638.741823642674
 40
0.0
 40
0.0
 40
1.0
 40
-32.5
 40
0.0
 40
0.0
 40
0.0
 40
1.0
330
E00
100
AcDbAssocArrayItem
 90
0
 90
11
 90
0
 90
0
 90
12
 40
-0.965925826289067
 40
-0.2588190451025209
 40
0.0
 40
2461.395107429086
 40
0.2588190451025263
 40
-0.9659258262890684
 40
0.0
 40
1632.712299770236
 40
0.0
 40
0.0
 40
1.0
 40
-32.5
 40
0.0
 40
0.0
 40
0.0
 40
1.0
330
E01
100
AcDbAssocArrayItem
 90
0
 90
12
 90
0
 90
0
 90
12
 40
-1.0
 40
-8e-16
 40
0.0
 40
2460.543253086313
 40
6.7e-15
 40
-1.0
 40
0.0
 40
1626.241823642674
 40
0.0
 40
0.0
 40
1.0
 40
-32.5
 40
0.0
 40
0.0
 40
0.0
 40
1.0
330
E02
100
AcDbAssocArrayItem
 90
0
 90
13
 90
0
 90
0
 90
12
 40
-0.9659258262890702
 40
0.2588190451025202
 40
0.0
 40
2461.395107429086
 40
-0.2588190451025143
 40
-0.9659258262890688
 40
0.0
 40
1619.771347515111
 40
0.0
 40
0.0
 40
1.0
 40
-32.5
 40
0.0
 40
0.0
 40
0.0
 40
1.0
330
E03
100
AcDbAssocArrayItem
 90
0
 90
14
 90
0
 90
0
 90
12
 40
-0.8660254037844421
 40
0.4999999999999997
 40
0.0
 40
2463.892617991702
 40
-0.4999999999999946
 40
-0.866025403784439
 40
0.0
 40
1613.741823642674
 40
0.0
 40
0.0
 40
1.0
 40
-32.5
 40
0.0
 40
0.0
 40
0.0
 40
1.0
330
E04
100
AcDbAssocArrayItem
 90
0
 90
15
 90
0
 90
0
 90
12
 40
-0.7071067811865526
 40
0.7071067811865471
 40
0.0
 40
2467.865583556649
 40
-0.7071067811865428
 40
-0.707106781186548
 40
0.0
 40
1608.56415411301
 40
0.0
 40
0.0
 40
1.0
 40
-32.5
 40
0.0
 40
0.0
 40
0.0
 40
1.0
330
E05
100
AcDbAssocArrayItem
 90
0
 90
16
 90
0
 90
0
 90
12
 40
-0.5000000000000071
 40
0.8660254037844385
 40
0.0
 40
2473.043253086313
 40
-0.8660254037844349
 40
-0.5000000000000007
 40
0.0
 40
1604.591188548063
 40
0.0
 40
0.0
 40
1.0
 40
-32.5
 40
0.0
 40
0.0
 40
0.0
 40
1.0
330
E06
100
AcDbAssocArrayItem
 90
0
 90
17
 90
0
 90
0
 90
12
 40
-0.2588190451025291
 40
0.9659258262890684
 40
0.0
 40
2479.07277695875
 40
-0.9659258262890663
 40
-0.258819045102521
 40
0.0
 40
1602.093677985447
 40
0.0
 40
0.0
 40
1.0
 40
-32.5
 40
0.0
 40
0.0
 40
0.0
 40
1.0
330
E07
100
AcDbAssocArrayItem
 90
0
 90
18
 90
0
 90
0
 90
12
 40
-9.1e-15
 40
1.0
 40
0.0
 40
2485.543253086313
 40
-1.0
 40
-4e-16
 40
0.0
 40
1601.241823642674
 40
0.0
 40
0.0
 40
1.0
 40
-32.5
 40
0.0
 40
0.0
 40
0.0
 40
1.0
330
E08
100
AcDbAssocArrayItem
 90
0
 90
19
 90
0
 90
0
 90
12
 40
0.2588190451025115
 40
0.9659258262890688
 40
0.0
 40
2492.013729213876
 40
-0.9659258262890711
 40
0.2588190451025201
 40
0.0
 40
1602.093677985447
 40
0.0
 40
0.0
 40
1.0
 40
-32.5
 40
0.0
 40
0.0
 40
0.0
 40
1.0
330
E09
100
AcDbAssocArrayItem
 90
0
 90
20
 90
0
 90
0
 90
12
 40
0.4999999999999921
 40
0.8660254037844389
 40
0.0
 40
2498.043253086313
 40
-0.8660254037844435
 40
0.5
 40
0.0
 40
1604.591188548063
 40
0.0
 40
0.0
 40
1.0
 40
-32.5
 40
0.0
 40
0.0
 40
0.0
 40
1.0
330
E0A
100
AcDbAssocArrayItem
 90
0
 90
21
 90
0
 90
0
 90
12
 40
0.7071067811865399
 40
0.7071067811865487
 40
0.0
 40
2503.220922615976
 40
-0.7071067811865555
 40
0.7071067811865467
 40
0.0
 40
1608.56415411301
 40
0.0
 40
0.0
 40
1.0
 40
-32.5
 40
0.0
 40
0.0
 40
0.0
 40
1.0
330
E0B
100
AcDbAssocArrayItem
 90
0
 90
22
 90
0
 90
0
 90
12
 40
0.866025403784434
 40
0.5
 40
0.0
 40
2507.193888180924
 40
-0.5000000000000089
 40
0.866025403784439
 40
0.0
 40
1613.741823642674
 40
0.0
 40
0.0
 40
1.0
 40
-32.5
 40
0.0
 40
0.0
 40
0.0
 40
1.0
330
E0C
100
AcDbAssocArrayItem
 90
0
 90
23
 90
0
 90
0
 90
12
 40
0.9659258262890656
 40
0.2588190451025218
 40
0.0
 40
2509.69139874354
 40
-0.2588190451025323
 40
0.9659258262890681
 40
0.0
 40
1619.771347515111
 40
0.0
 40
0.0
 40
1.0
 40
-32.5
 40
0.0
 40
0.0
 40
0.0
 40
1.0
330
E0D
 40
1.0
 40
0.0
 40
0.0
 40
4876.650434195679
 40
0.0
 40
1.0
 40
0.0
 40
-70.43859522881189
 40
0.0
 40
0.0
 40
1.0
 40
-2170.0
 40
0.0
 40
0.0
 40
0.0
 40
1.0
  0
ACDBASSOCDEPENDENCY
  5
DDC
330
DDA
100
AcDbAssocDependency
 90
2
 90
0
290
0
290
1
290
1
290
1
 90
0
330
DF4
290
0
330
0
330
0
360
0
 90
1
  0
ACDBASSOCDEPENDENCY
  5
DDD
330
DDA
100
AcDbAssocDependency
 90
2
 90
0
290
1
290
0
290
1
290
1
 90
0
330
DF0
290
0
330
0
330
0
360
0
 90
2
  0
ACDBASSOCDEPENDENCY
  5
DDE
330
DDA
100
AcDbAssocDependency
 90
2
 90
0
290
1
290
1
290
1
290
1
 90
-2147483648
330
DCE
290
0
330
0
330
0
360
0
 90
3
  0
ACDBASSOCVERTEXACTIONPARAM
  5
DDF
330
DDA
100
AcDbAssocActionParam
 90
1
 90
0
  1
BaseNormal
100
AcDbAssocSingleDependencyActionParam
 90
0
330
0
100
AcDbAssocVertexActionParam
 90
0
 10
0.0
 20
0.0
 30
1.0
  0
ACDBASSOCVERTEXACTIONPARAM
  5
DE0
330
DDA
100
AcDbAssocActionParam
 90
1
 90
0
  1
Origin
100
AcDbAssocSingleDependencyActionParam
 90
0
330
0
100
AcDbAssocVertexActionParam
 90
0
 10
2485.543253086313
 20
1626.241823642674
 30
-32.5
  0
ACDBASSOCVERTEXACTIONPARAM
  5
DE1
330
DDA
100
AcDbAssocActionParam
 90
1
 90
0
  1
basePoint
100
AcDbAssocSingleDependencyActionParam
 90
0
330
0
100
AcDbAssocVertexActionParam
 90
0
 10
0.0
 20
0.0
 30
0.0
  0
ACDBASSOCARRAYACTIONBODY
  5
E19
330
E18
100
AcDbAssocActionBody
 90
2
100
AcDbAssocArrayActionBody
 90
1
  1
AcDbAssocArrayPolarParameters
 90
0
 90
7
  1
AcDbAssocArrayItem
100
AcDbAssocArrayItem
 90
0
 90
0
 90
0
 90
0
 90
8
 11
2585.543253086314
 21
1600.874536331566
 31
-123.7874041846087
330
E2E
100
AcDbAssocArrayItem
 90
0
 90
1
 90
0
 90
0
 90
12
 40
0.6234898018587341
 40
-0.7818314824680295
 40
0.0
 40
2605.376196930949
 40
0.7818314824680295
 40
0.6234898018587341
 40
0.0
 40
1610.425578703378
 40
0.0
 40
0.0
 40
1.0
 40
-123.7874041846087
 40
0.0
 40
0.0
 40
0.0
 40
1.0
330
E2F
100
AcDbAssocArrayItem
 90
0
 90
2
 90
0
 90
0
 90
12
 40
-0.222520933956314
 40
-0.9749279121818236
 40
0.0
 40
2610.274529542248
 40
0.9749279121818236
 40
-0.2225209339563138
 40
0.0
 40
1631.88657610708
 40
0.0
 40
0.0
 40
1.0
 40
-123.7874041846087
 40
0.0
 40
0.0
 40
0.0
 40
1.0
330
E30
100
AcDbAssocArrayItem
 90
0
 90
3
 90
0
 90
0
 90
12
 40
-0.9009688679024188
 40
-0.4338837391175589
 40
0.0
 40
2596.549706556126
 40
0.4338837391175585
 40
-0.9009688679024186
 40
0.0
 40
1649.096959773118
 40
0.0
 40
0.0
 40
1.0
 40
-123.7874041846087
 40
0.0
 40
0.0
 40
0.0
 40
1.0
330
E31
100
AcDbAssocArrayItem
 90
0
 90
4
 90
0
 90
0
 90
12
 40
-0.9009688679024191
 40
0.4338837391175571
 40
0.0
 40
2574.536799616499
 40
-0.4338837391175577
 40
-0.9009688679024197
 40
0.0
 40
1649.096959773118
 40
0.0
 40
0.0
 40
1.0
 40
-123.7874041846087
 40
0.0
 40
0.0
 40
0.0
 40
1.0
330
E32
100
AcDbAssocArrayItem
 90
0
 90
5
 90
0
 90
0
 90
12
 40
-0.2225209339563131
 40
0.9749279121818236
 40
0.0
 40
2560.811976630378
 40
-0.974927912181824
 40
-0.2225209339563142
 40
0.0
 40
1631.886576107079
 40
0.0
 40
0.0
 40
1.0
 40
-123.7874041846087
 40
0.0
 40
0.0
 40
0.0
 40
1.0
330
E33
100
AcDbAssocArrayItem
 90
0
 90
6
 90
0
 90
0
 90
12
 40
0.6234898018587332
 40
0.7818314824680311
 40
0.0
 40
2565.710309241677
 40
-0.7818314824680302
 40
0.6234898018587323
 40
0.0
 40
1610.425578703377
 40
0.0
 40
0.0
 40
1.0
 40
-123.7874041846087
 40
0.0
 40
0.0
 40
0.0
 40
1.0
330
E34
 40
1.0
 40
0.0
 40
0.0
 40
4776.650434195681
 40
0.0
 40
1.0
 40
0.0
 40
79.56140477118811
 40
0.0
 40
0.0
 40
1.0
 40
-3217.5
 40
0.0
 40
0.0
 40
0.0
 40
1.0
  0
ACDBASSOCDEPENDENCY
  5
E1A
330
E18
100
AcDbAssocDependency
 90
2
 90
0
290
0
290
1
290
1
290
1
 90
0
330
E2C
290
0
330
0
330
0
360
0
 90
1
  0
ACDBASSOCDEPENDENCY
  5
E1B
330
E18
100
AcDbAssocDependency
 90
2
 90
0
290
1
290
0
290
1
290
1
 90
0
330
E28
290
0
330
0
330
0
360
0
 90
2
  0
ACDBASSOCDEPENDENCY
  5
E1C
330
E18
100
AcDbAssocDependency
 90
2
 90
0
290
1
290
1
290
1
290
1
 90
-2147483648
330
E13
290
0
330
0
330
0
360
0
 90
3
  0
ACDBASSOCVERTEXACTIONPARAM
  5
E1D
330
E18
100
AcDbAssocActionParam
 90
1
 90
0
  1
BaseNormal
100
AcDbAssocSingleDependencyActionParam
 90
0
330
0
100
AcDbAssocVertexActionParam
 90
0
 10
0.0
 20
0.0
 30
1.0
  0
ACDBASSOCVERTEXACTIONPARAM
  5
E1E
330
E18
100
AcDbAssocActionParam
 90
1
 90
0
  1
Origin
100
AcDbAssocSingleDependencyActionParam
 90
0
330
0
100
AcDbAssocVertexActionParam
 90
0
 10
2585.543253086313
 20
1626.241823642674
 30
-123.7874041846087
  0
ACDBASSOCVERTEXACTIONPARAM
  5
E1F
330
E18
100
AcDbAssocActionParam
 90
1
 90
0
  1
basePoint
100
AcDbAssocSingleDependencyActionParam
 90
0
330
0
100
AcDbAssocVertexActionParam
 90
0
 10
0.0
 20
0.0
 30
0.0
  0
ACDBASSOCARRAYACTIONBODY
  5
E21
330
E20
100
AcDbAssocActionBody
 90
2
100
AcDbAssocArrayActionBody
 90
1
  1
AcDbAssocArrayPolarParameters
 90
0
 90
24
  1
AcDbAssocArrayItem
100
AcDbAssocArrayItem
 90
0
 90
0
 90
0
 90
0
 90
8
 11
2510.543253086313
 21
1626.241823642674
 31
-32.5
330
E3C
100
AcDbAssocArrayItem
 90
0
 90
1
 90
0
 90
0
 90
12
 40
0.9659258262890688
 40
-0.2588190451025206
 40
0.0
 40
2509.69139874354
 40
0.2588190451025201
 40
0.9659258262890688
 40
0.0
 40
1632.712299770236
 40
0.0
 40
0.0
 40
1.0
 40
-32.5
 40
0.0
 40
0.0
 40
0.0
 40
1.0
330
E3D
100
AcDbAssocArrayItem
 90
0
 90
2
 90
0
 90
0
 90
12
 40
0.8660254037844397
 40
-0.4999999999999999
 40
0.0
 40
2507.193888180924
 40
0.4999999999999986
 40
0.866025403784439
 40
0.0
 40
1638.741823642674
 40
0.0
 40
0.0
 40
1.0
 40
-32.5
 40
0.0
 40
0.0
 40
0.0
 40
1.0
330
E3E
100
AcDbAssocArrayItem
 90
0
 90
3
 90
0
 90
0
 90
12
 40
0.7071067811865493
 40
-0.7071067811865475
 40
0.0
 40
2503.220922615976
 40
0.7071067811865462
 40
0.7071067811865479
 40
0.0
 40
1643.919493172337
 40
0.0
 40
0.0
 40
1.0
 40
-32.5
 40
0.0
 40
0.0
 40
0.0
 40
1.0
330
E3F
100
AcDbAssocArrayItem
 90
0
 90
4
 90
0
 90
0
 90
12
 40
0.5000000000000026
 40
-0.8660254037844385
 40
0.0
 40
2498.043253086313
 40
0.8660254037844376
 40
0.5000000000000006
 40
0.0
 40
1647.892458737285
 40
0.0
 40
0.0
 40
1.0
 40
-32.5
 40
0.0
 40
0.0
 40
0.0
 40
1.0
330
E40
100
AcDbAssocArrayItem
 90
0
 90
5
 90
0
 90
0
 90
12
 40
0.2588190451025245
 40
-0.9659258262890684
 40
0.0
 40
2492.013729213876
 40
0.9659258262890675
 40
0.2588190451025211
 40
0.0
 40
1650.3899692999
 40
0.0
 40
0.0
 40
1.0
 40
-32.5
 40
0.0
 40
0.0
 40
0.0
 40
1.0
330
E41
100
AcDbAssocArrayItem
 90
0
 90
6
 90
0
 90
0
 90
12
 40
4.7e-15
 40
-1.0
 40
0.0
 40
2485.543253086313
 40
1.0
 40
5e-16
 40
0.0
 40
1651.241823642674
 40
0.0
 40
0.0
 40
1.0
 40
-32.5
 40
0.0
 40
0.0
 40
0.0
 40
1.0
330
E42
100
AcDbAssocArrayItem
 90
0
 90
7
 90
0
 90
0
 90
12
 40
-0.2588190451025161
 40
-0.9659258262890688
 40
0.0
 40
2479.07277695875
 40
0.9659258262890698
 40
-0.2588190451025205
 40
0.0
 40
1650.3899692999
 40
0.0
 40
0.0
 40
1.0
 40
-32.5
 40
0.0
 40
0.0
 40
0.0
 40
1.0
330
E43
100
AcDbAssocArrayItem
 90
0
 90
8
 90
0
 90
0
 90
12
 40
-0.4999999999999955
 40
-0.866025403784439
 40
0.0
 40
2473.043253086313
 40
0.8660254037844415
 40
-0.4999999999999998
 40
0.0
 40
1647.892458737285
 40
0.0
 40
0.0
 40
1.0
 40
-32.5
 40
0.0
 40
0.0
 40
0.0
 40
1.0
330
E44
100
AcDbAssocArrayItem
 90
0
 90
9
 90
0
 90
0
 90
12
 40
-0.7071067811865442
 40
-0.7071067811865479
 40
0.0
 40
2467.865583556649
 40
0.7071067811865513
 40
-0.7071067811865476
 40
0.0
 40
1643.919493172337
 40
0.0
 40
0.0
 40
1.0
 40
-32.5
 40
0.0
 40
0.0
 40
0.0
 40
1.0
330
E45
100
AcDbAssocArrayItem
 90
0
 90
10
 90
0
 90
0
 90
12
 40
-0.8660254037844364
 40
-0.5000000000000002
 40
0.0
 40
2463.892617991702
 40
0.5000000000000047
 40
-0.8660254037844389
 40
0.0
 40
1638.741823642674
 40
0.0
 40
0.0
 40
1.0
 40
-32.5
 40
0.0
 40
0.0
 40
0.0
 40
1.0
330
E46
100
AcDbAssocArrayItem
 90
0
 90
11
 90
0
 90
0
 90
12
 40
-0.965925826289067
 40
-0.2588190451025209
 40
0.0
 40
2461.395107429086
 40
0.2588190451025263
 40
-0.9659258262890684
 40
0.0
 40
1632.712299770236
 40
0.0
 40
0.0
 40
1.0
 40
-32.5
 40
0.0
 40
0.0
 40
0.0
 40
1.0
330
E47
100
AcDbAssocArrayItem
 90
0
 90
12
 90
0
 90
0
 90
12
 40
-1.0
 40
-8e-16
 40
0.0
 40
2460.543253086313
 40
6.7e-15
 40
-1.0
 40
0.0
 40
1626.241823642674
 40
0.0
 40
0.0
 40
1.0
 40
-32.5
 40
0.0
 40
0.0
 40
0.0
 40
1.0
330
E48
100
AcDbAssocArrayItem
 90
0
 90
13
 90
0
 90
0
 90
12
 40
-0.9659258262890702
 40
0.2588190451025202
 40
0.0
 40
2461.395107429086
 40
-0.2588190451025143
 40
-0.9659258262890688
 40
0.0
 40
1619.771347515111
 40
0.0
 40
0.0
 40
1.0
 40
-32.5
 40
0.0
 40
0.0
 40
0.0
 40
1.0
330
E49
100
AcDbAssocArrayItem
 90
0
 90
14
 90
0
 90
0
 90
12
 40
-0.8660254037844421
 40
0.4999999999999997
 40
0.0
 40
2463.892617991702
 40
-0.4999999999999946
 40
-0.866025403784439
 40
0.0
 40
1613.741823642674
 40
0.0
 40
0.0
 40
1.0
 40
-32.5
 40
0.0
 40
0.0
 40
0.0
 40
1.0
330
E4A
100
AcDbAssocArrayItem
 90
0
 90
15
 90
0
 90
0
 90
12
 40
-0.7071067811865526
 40
0.7071067811865471
 40
0.0
 40
2467.865583556649
 40
-0.7071067811865428
 40
-0.707106781186548
 40
0.0
 40
1608.56415411301
 40
0.0
 40
0.0
 40
1.0
 40
-32.5
 40
0.0
 40
0.0
 40
0.0
 40
1.0
330
E4B
100
AcDbAssocArrayItem
 90
0
 90
16
 90
0
 90
0
 90
12
 40
-0.5000000000000071
 40
0.8660254037844385
 40
0.0
 40
2473.043253086313
 40
-0.8660254037844349
 40
-0.5000000000000007
 40
0.0
 40
1604.591188548063
 40
0.0
 40
0.0
 40
1.0
 40
-32.5
 40
0.0
 40
0.0
 40
0.0
 40
1.0
330
E4C
100
AcDbAssocArrayItem
 90
0
 90
17
 90
0
 90
0
 90
12
 40
-0.2588190451025291
 40
0.9659258262890684
 40
0.0
 40
2479.07277695875
 40
-0.9659258262890663
 40
-0.258819045102521
 40
0.0
 40
1602.093677985447
 40
0.0
 40
0.0
 40
1.0
 40
-32.5
 40
0.0
 40
0.0
 40
0.0
 40
1.0
330
E4D
100
AcDbAssocArrayItem
 90
0
 90
18
 90
0
 90
0
 90
12
 40
-9.1e-15
 40
1.0
 40
0.0
 40
2485.543253086313
 40
-1.0
 40
-4e-16
 40
0.0
 40
1601.241823642674
 40
0.0
 40
0.0
 40
1.0
 40
-32.5
 40
0.0
 40
0.0
 40
0.0
 40
1.0
330
E4E
100
AcDbAssocArrayItem
 90
0
 90
19
 90
0
 90
0
 90
12
 40
0.2588190451025115
 40
0.9659258262890688
 40
0.0
 40
2492.013729213876
 40
-0.9659258262890711
 40
0.2588190451025201
 40
0.0
 40
1602.093677985447
 40
0.0
 40
0.0
 40
1.0
 40
-32.5
 40
0.0
 40
0.0
 40
0.0
 40
1.0
330
E4F
100
AcDbAssocArrayItem
 90
0
 90
20
 90
0
 90
0
 90
12
 40
0.4999999999999921
 40
0.8660254037844389
 40
0.0
 40
2498.043253086313
 40
-0.8660254037844435
 40
0.5
 40
0.0
 40
1604.591188548063
 40
0.0
 40
0.0
 40
1.0
 40
-32.5
 40
0.0
 40
0.0
 40
0.0
 40
1.0
330
E50
100
AcDbAssocArrayItem
 90
0
 90
21
 90
0
 90
0
 90
12
 40
0.7071067811865399
 40
0.7071067811865487
 40
0.0
 40
2503.220922615976
 40
-0.7071067811865555
 40
0.7071067811865467
 40
0.0
 40
1608.56415411301
 40
0.0
 40
0.0
 40
1.0
 40
-32.5
 40
0.0
 40
0.0
 40
0.0
 40
1.0
330
E51
100
AcDbAssocArrayItem
 90
0
 90
22
 90
0
 90
0
 90
12
 40
0.866025403784434
 40
0.5
 40
0.0
 40
2507.193888180924
 40
-0.5000000000000089
 40
0.866025403784439
 40
0.0
 40
1613.741823642674
 40
0.0
 40
0.0
 40
1.0
 40
-32.5
 40
0.0
 40
0.0
 40
0.0
 40
1.0
330
E52
100
AcDbAssocArrayItem
 90
0
 90
23
 90
0
 90
0
 90
12
 40
0.9659258262890656
 40
0.2588190451025218
 40
0.0
 40
2509.69139874354
 40
-0.2588190451025323
 40
0.9659258262890681
 40
0.0
 40
1619.771347515111
 40
0.0
 40
0.0
 40
1.0
 40
-32.5
 40
0.0
 40
0.0
 40
0.0
 40
1.0
330
E53
 40
1.0
 40
0.0
 40
0.0
 40
4876.650434195681
 40
0.0
 40
1.0
 40
0.0
 40
79.56140477118811
 40
0.0
 40
0.0
 40
1.0
 40
-3220.0
 40
0.0
 40
0.0
 40
0.0
 40
1.0
  0
ACDBASSOCDEPENDENCY
  5
E22
330
E20
100
AcDbAssocDependency
 90
2
 90
0
290
0
290
1
290
1
290
1
 90
0
330
E3A
290
0
330
0
330
0
360
0
 90
1
  0
ACDBASSOCDEPENDENCY
  5
E23
330
E20
100
AcDbAssocDependency
 90
2
 90
0
290
1
290
0
290
1
290
1
 90
0
330
E36
290
0
330
0
330
0
360
0
 90
2
  0
ACDBASSOCDEPENDENCY
  5
E24
330
E20
100
AcDbAssocDependency
 90
2
 90
0
290
1
290
1
290
1
290
1
 90
-2147483648
330
E14
290
0
330
0
330
0
360
0
 90
3
  0
ACDBASSOCVERTEXACTIONPARAM
  5
E25
330
E20
100
AcDbAssocActionParam
 90
1
 90
0
  1
BaseNormal
100
AcDbAssocSingleDependencyActionParam
 90
0
330
0
100
AcDbAssocVertexActionParam
 90
0
 10
0.0
 20
0.0
 30
1.0
  0
ACDBASSOCVERTEXACTIONPARAM
  5
E26
330
E20
100
AcDbAssocActionParam
 90
1
 90
0
  1
Origin
100
AcDbAssocSingleDependencyActionParam
 90
0
330
0
100
AcDbAssocVertexActionParam
 90
0
 10
2485.543253086313
 20
1626.241823642674
 30
-32.5
  0
ACDBASSOCVERTEXACTIONPARAM
  5
E27
330
E20
100
AcDbAssocActionParam
 90
1
 90
0
  1
basePoint
100
AcDbAssocSingleDependencyActionParam
 90
0
330
0
100
AcDbAssocVertexActionParam
 90
0
 10
0.0
 20
0.0
 30
0.0
  0
ACDBASSOCARRAYACTIONBODY
  5
E5F
330
E5E
100
AcDbAssocActionBody
 90
2
100
AcDbAssocArrayActionBody
 90
1
  1
AcDbAssocArrayPolarParameters
 90
0
 90
7
  1
AcDbAssocArrayItem
100
AcDbAssocArrayItem
 90
0
 90
0
 90
0
 90
0
 90
8
 11
2585.543253086314
 21
1600.874536331566
 31
-123.7874041846087
330
E74
100
AcDbAssocArrayItem
 90
0
 90
1
 90
0
 90
0
 90
12
 40
0.6234898018587341
 40
-0.7818314824680295
 40
0.0
 40
2605.376196930949
 40
0.7818314824680295
 40
0.6234898018587341
 40
0.0
 40
1610.425578703378
 40
0.0
 40
0.0
 40
1.0
 40
-123.7874041846087
 40
0.0
 40
0.0
 40
0.0
 40
1.0
330
E75
100
AcDbAssocArrayItem
 90
0
 90
2
 90
0
 90
0
 90
12
 40
-0.222520933956314
 40
-0.9749279121818236
 40
0.0
 40
2610.274529542248
 40
0.9749279121818236
 40
-0.2225209339563138
 40
0.0
 40
1631.88657610708
 40
0.0
 40
0.0
 40
1.0
 40
-123.7874041846087
 40
0.0
 40
0.0
 40
0.0
 40
1.0
330
E76
100
AcDbAssocArrayItem
 90
0
 90
3
 90
0
 90
0
 90
12
 40
-0.9009688679024188
 40
-0.4338837391175589
 40
0.0
 40
2596.549706556126
 40
0.4338837391175585
 40
-0.9009688679024186
 40
0.0
 40
1649.096959773118
 40
0.0
 40
0.0
 40
1.0
 40
-123.7874041846087
 40
0.0
 40
0.0
 40
0.0
 40
1.0
330
E77
100
AcDbAssocArrayItem
 90
0
 90
4
 90
0
 90
0
 90
12
 40
-0.9009688679024191
 40
0.4338837391175571
 40
0.0
 40
2574.536799616499
 40
-0.4338837391175577
 40
-0.9009688679024197
 40
0.0
 40
1649.096959773118
 40
0.0
 40
0.0
 40
1.0
 40
-123.7874041846087
 40
0.0
 40
0.0
 40
0.0
 40
1.0
330
E78
100
AcDbAssocArrayItem
 90
0
 90
5
 90
0
 90
0
 90
12
 40
-0.2225209339563131
 40
0.9749279121818236
 40
0.0
 40
2560.811976630378
 40
-0.974927912181824
 40
-0.2225209339563142
 40
0.0
 40
1631.886576107079
 40
0.0
 40
0.0
 40
1.0
 40
-123.7874041846087
 40
0.0
 40
0.0
 40
0.0
 40
1.0
330
E79
100
AcDbAssocArrayItem
 90
0
 90
6
 90
0
 90
0
 90
12
 40
0.6234898018587332
 40
0.7818314824680311
 40
0.0
 40
2565.710309241677
 40
-0.7818314824680302
 40
0.6234898018587323
 40
0.0
 40
1610.425578703377
 40
0.0
 40
0.0
 40
1.0
 40
-123.7874041846087
 40
0.0
 40
0.0
 40
0.0
 40
1.0
330
E7A
 40
1.0
 40
0.0
 40
0.0
 40
4776.650434195681
 40
0.0
 40
1.0
 40
0.0
 40
229.5614047711881
 40
0.0
 40
0.0
 40
1.0
 40
-3067.5
 40
0.0
 40
0.0
 40
0.0
 40
1.0
  0
ACDBASSOCDEPENDENCY
  5
E60
330
E5E
100
AcDbAssocDependency
 90
2
 90
0
290
0
290
1
290
1
290
1
 90
0
330
E72
290
0
330
0
330
0
360
0
 90
1
  0
ACDBASSOCDEPENDENCY
  5
E61
330
E5E
100
AcDbAssocDependency
 90
2
 90
0
290
1
290
0
290
1
290
1
 90
0
330
E6E
290
0
330
0
330
0
360
0
 90
2
  0
ACDBASSOCDEPENDENCY
  5
E62
330
E5E
100
AcDbAssocDependency
 90
2
 90
0
290
1
290
1
290
1
290
1
 90
-2147483648
330
E59
290
0
330
0
330
0
360
0
 90
3
  0
ACDBASSOCVERTEXACTIONPARAM
  5
E63
330
E5E
100
AcDbAssocActionParam
 90
1
 90
0
  1
BaseNormal
100
AcDbAssocSingleDependencyActionParam
 90
0
330
0
100
AcDbAssocVertexActionParam
 90
0
 10
0.0
 20
0.0
 30
1.0
  0
ACDBASSOCVERTEXACTIONPARAM
  5
E64
330
E5E
100
AcDbAssocActionParam
 90
1
 90
0
  1
Origin
100
AcDbAssocSingleDependencyActionParam
 90
0
330
0
100
AcDbAssocVertexActionParam
 90
0
 10
2585.543253086313
 20
1626.241823642674
 30
-123.7874041846087
  0
ACDBASSOCVERTEXACTIONPARAM
  5
E65
330
E5E
100
AcDbAssocActionParam
 90
1
 90
0
  1
basePoint
100
AcDbAssocSingleDependencyActionParam
 90
0
330
0
100
AcDbAssocVertexActionParam
 90
0
 10
0.0
 20
0.0
 30
0.0
  0
ACDBASSOCARRAYACTIONBODY
  5
E67
330
E66
100
AcDbAssocActionBody
 90
2
100
AcDbAssocArrayActionBody
 90
1
  1
AcDbAssocArrayPolarParameters
 90
0
 90
24
  1
AcDbAssocArrayItem
100
AcDbAssocArrayItem
 90
0
 90
0
 90
0
 90
0
 90
8
 11
2510.543253086313
 21
1626.241823642674
 31
-32.5
330
E82
100
AcDbAssocArrayItem
 90
0
 90
1
 90
0
 90
0
 90
12
 40
0.9659258262890688
 40
-0.2588190451025206
 40
0.0
 40
2509.69139874354
 40
0.2588190451025201
 40
0.9659258262890688
 40
0.0
 40
1632.712299770236
 40
0.0
 40
0.0
 40
1.0
 40
-32.5
 40
0.0
 40
0.0
 40
0.0
 40
1.0
330
E83
100
AcDbAssocArrayItem
 90
0
 90
2
 90
0
 90
0
 90
12
 40
0.8660254037844397
 40
-0.4999999999999999
 40
0.0
 40
2507.193888180924
 40
0.4999999999999986
 40
0.866025403784439
 40
0.0
 40
1638.741823642674
 40
0.0
 40
0.0
 40
1.0
 40
-32.5
 40
0.0
 40
0.0
 40
0.0
 40
1.0
330
E84
100
AcDbAssocArrayItem
 90
0
 90
3
 90
0
 90
0
 90
12
 40
0.7071067811865493
 40
-0.7071067811865475
 40
0.0
 40
2503.220922615976
 40
0.7071067811865462
 40
0.7071067811865479
 40
0.0
 40
1643.919493172337
 40
0.0
 40
0.0
 40
1.0
 40
-32.5
 40
0.0
 40
0.0
 40
0.0
 40
1.0
330
E85
100
AcDbAssocArrayItem
 90
0
 90
4
 90
0
 90
0
 90
12
 40
0.5000000000000026
 40
-0.8660254037844385
 40
0.0
 40
2498.043253086313
 40
0.8660254037844376
 40
0.5000000000000006
 40
0.0
 40
1647.892458737285
 40
0.0
 40
0.0
 40
1.0
 40
-32.5
 40
0.0
 40
0.0
 40
0.0
 40
1.0
330
E86
100
AcDbAssocArrayItem
 90
0
 90
5
 90
0
 90
0
 90
12
 40
0.2588190451025245
 40
-0.9659258262890684
 40
0.0
 40
2492.013729213876
 40
0.9659258262890675
 40
0.2588190451025211
 40
0.0
 40
1650.3899692999
 40
0.0
 40
0.0
 40
1.0
 40
-32.5
 40
0.0
 40
0.0
 40
0.0
 40
1.0
330
E87
100
AcDbAssocArrayItem
 90
0
 90
6
 90
0
 90
0
 90
12
 40
4.7e-15
 40
-1.0
 40
0.0
 40
2485.543253086313
 40
1.0
 40
5e-16
 40
0.0
 40
1651.241823642674
 40
0.0
 40
0.0
 40
1.0
 40
-32.5
 40
0.0
 40
0.0
 40
0.0
 40
1.0
330
E88
100
AcDbAssocArrayItem
 90
0
 90
7
 90
0
 90
0
 90
12
 40
-0.2588190451025161
 40
-0.9659258262890688
 40
0.0
 40
2479.07277695875
 40
0.9659258262890698
 40
-0.2588190451025205
 40
0.0
 40
1650.3899692999
 40
0.0
 40
0.0
 40
1.0
 40
-32.5
 40
0.0
 40
0.0
 40
0.0
 40
1.0
330
E89
100
AcDbAssocArrayItem
 90
0
 90
8
 90
0
 90
0
 90
12
 40
-0.4999999999999955
 40
-0.866025403784439
 40
0.0
 40
2473.043253086313
 40
0.8660254037844415
 40
-0.4999999999999998
 40
0.0
 40
1647.892458737285
 40
0.0
 40
0.0
 40
1.0
 40
-32.5
 40
0.0
 40
0.0
 40
0.0
 40
1.0
330
E8A
100
AcDbAssocArrayItem
 90
0
 90
9
 90
0
 90
0
 90
12
 40
-0.7071067811865442
 40
-0.7071067811865479
 40
0.0
 40
2467.865583556649
 40
0.7071067811865513
 40
-0.7071067811865476
 40
0.0
 40
1643.919493172337
 40
0.0
 40
0.0
 40
1.0
 40
-32.5
 40
0.0
 40
0.0
 40
0.0
 40
1.0
330
E8B
100
AcDbAssocArrayItem
 90
0
 90
10
 90
0
 90
0
 90
12
 40
-0.8660254037844364
 40
-0.5000000000000002
 40
0.0
 40
2463.892617991702
 40
0.5000000000000047
 40
-0.8660254037844389
 40
0.0
 40
1638.741823642674
 40
0.0
 40
0.0
 40
1.0
 40
-32.5
 40
0.0
 40
0.0
 40
0.0
 40
1.0
330
E8C
100
AcDbAssocArrayItem
 90
0
 90
11
 90
0
 90
0
 90
12
 40
-0.965925826289067
 40
-0.2588190451025209
 40
0.0
 40
2461.395107429086
 40
0.2588190451025263
 40
-0.9659258262890684
 40
0.0
 40
1632.712299770236
 40
0.0
 40
0.0
 40
1.0
 40
-32.5
 40
0.0
 40
0.0
 40
0.0
 40
1.0
330
E8D
100
AcDbAssocArrayItem
 90
0
 90
12
 90
0
 90
0
 90
12
 40
-1.0
 40
-8e-16
 40
0.0
 40
2460.543253086313
 40
6.7e-15
 40
-1.0
 40
0.0
 40
1626.241823642674
 40
0.0
 40
0.0
 40
1.0
 40
-32.5
 40
0.0
 40
0.0
 40
0.0
 40
1.0
330
E8E
100
AcDbAssocArrayItem
 90
0
 90
13
 90
0
 90
0
 90
12
 40
-0.9659258262890702
 40
0.2588190451025202
 40
0.0
 40
2461.395107429086
 40
-0.2588190451025143
 40
-0.9659258262890688
 40
0.0
 40
1619.771347515111
 40
0.0
 40
0.0
 40
1.0
 40
-32.5
 40
0.0
 40
0.0
 40
0.0
 40
1.0
330
E8F
100
AcDbAssocArrayItem
 90
0
 90
14
 90
0
 90
0
 90
12
 40
-0.8660254037844421
 40
0.4999999999999997
 40
0.0
 40
2463.892617991702
 40
-0.4999999999999946
 40
-0.866025403784439
 40
0.0
 40
1613.741823642674
 40
0.0
 40
0.0
 40
1.0
 40
-32.5
 40
0.0
 40
0.0
 40
0.0
 40
1.0
330
E90
100
AcDbAssocArrayItem
 90
0
 90
15
 90
0
 90
0
 90
12
 40
-0.7071067811865526
 40
0.7071067811865471
 40
0.0
 40
2467.865583556649
 40
-0.7071067811865428
 40
-0.707106781186548
 40
0.0
 40
1608.56415411301
 40
0.0
 40
0.0
 40
1.0
 40
-32.5
 40
0.0
 40
0.0
 40
0.0
 40
1.0
330
E91
100
AcDbAssocArrayItem
 90
0
 90
16
 90
0
 90
0
 90
12
 40
-0.5000000000000071
 40
0.8660254037844385
 40
0.0
 40
2473.043253086313
 40
-0.8660254037844349
 40
-0.5000000000000007
 40
0.0
 40
1604.591188548063
 40
0.0
 40
0.0
 40
1.0
 40
-32.5
 40
0.0
 40
0.0
 40
0.0
 40
1.0
330
E92
100
AcDbAssocArrayItem
 90
0
 90
17
 90
0
 90
0
 90
12
 40
-0.2588190451025291
 40
0.9659258262890684
 40
0.0
 40
2479.07277695875
 40
-0.9659258262890663
 40
-0.258819045102521
 40
0.0
 40
1602.093677985447
 40
0.0
 40
0.0
 40
1.0
 40
-32.5
 40
0.0
 40
0.0
 40
0.0
 40
1.0
330
E93
100
AcDbAssocArrayItem
 90
0
 90
18
 90
0
 90
0
 90
12
 40
-9.1e-15
 40
1.0
 40
0.0
 40
2485.543253086313
 40
-1.0
 40
-4e-16
 40
0.0
 40
1601.241823642674
 40
0.0
 40
0.0
 40
1.0
 40
-32.5
 40
0.0
 40
0.0
 40
0.0
 40
1.0
330
E94
100
AcDbAssocArrayItem
 90
0
 90
19
 90
0
 90
0
 90
12
 40
0.2588190451025115
 40
0.9659258262890688
 40
0.0
 40
2492.013729213876
 40
-0.9659258262890711
 40
0.2588190451025201
 40
0.0
 40
1602.093677985447
 40
0.0
 40
0.0
 40
1.0
 40
-32.5
 40
0.0
 40
0.0
 40
0.0
 40
1.0
330
E95
100
AcDbAssocArrayItem
 90
0
 90
20
 90
0
 90
0
 90
12
 40
0.4999999999999921
 40
0.8660254037844389
 40
0.0
 40
2498.043253086313
 40
-0.8660254037844435
 40
0.5
 40
0.0
 40
1604.591188548063
 40
0.0
 40
0.0
 40
1.0
 40
-32.5
 40
0.0
 40
0.0
 40
0.0
 40
1.0
330
E96
100
AcDbAssocArrayItem
 90
0
 90
21
 90
0
 90
0
 90
12
 40
0.7071067811865399
 40
0.7071067811865487
 40
0.0
 40
2503.220922615976
 40
-0.7071067811865555
 40
0.7071067811865467
 40
0.0
 40
1608.56415411301
 40
0.0
 40
0.0
 40
1.0
 40
-32.5
 40
0.0
 40
0.0
 40
0.0
 40
1.0
330
E97
100
AcDbAssocArrayItem
 90
0
 90
22
 90
0
 90
0
 90
12
 40
0.866025403784434
 40
0.5
 40
0.0
 40
2507.193888180924
 40
-0.5000000000000089
 40
0.866025403784439
 40
0.0
 40
1613.741823642674
 40
0.0
 40
0.0
 40
1.0
 40
-32.5
 40
0.0
 40
0.0
 40
0.0
 40
1.0
330
E98
100
AcDbAssocArrayItem
 90
0
 90
23
 90
0
 90
0
 90
12
 40
0.9659258262890656
 40
0.2588190451025218
 40
0.0
 40
2509.69139874354
 40
-0.2588190451025323
 40
0.9659258262890681
 40
0.0
 40
1619.771347515111
 40
0.0
 40
0.0
 40
1.0
 40
-32.5
 40
0.0
 40
0.0
 40
0.0
 40
1.0
330
E99
 40
1.0
 40
0.0
 40
0.0
 40
4876.650434195681
 40
0.0
 40
1.0
 40
0.0
 40
229.5614047711881
 40
0.0
 40
0.0
 40
1.0
 40
-3070.0
 40
0.0
 40
0.0
 40
0.0
 40
1.0
  0
ACDBASSOCDEPENDENCY
  5
E68
330
E66
100
AcDbAssocDependency
 90
2
 90
0
290
0
290
1
290
1
290
1
 90
0
330
E80
290
0
330
0
330
0
360
0
 90
1
  0
ACDBASSOCDEPENDENCY
  5
E69
330
E66
100
AcDbAssocDependency
 90
2
 90
0
290
1
290
0
290
1
290
1
 90
0
330
E7C
290
0
330
0
330
0
360
0
 90
2
  0
ACDBASSOCDEPENDENCY
  5
E6A
330
E66
100
AcDbAssocDependency
 90
2
 90
0
290
1
290
1
290
1
290
1
 90
-2147483648
330
E5A
290
0
330
0
330
0
360
0
 90
3
  0
ACDBASSOCVERTEXACTIONPARAM
  5
E6B
330
E66
100
AcDbAssocActionParam
 90
1
 90
0
  1
BaseNormal
100
AcDbAssocSingleDependencyActionParam
 90
0
330
0
100
AcDbAssocVertexActionParam
 90
0
 10
0.0
 20
0.0
 30
1.0
  0
ACDBASSOCVERTEXACTIONPARAM
  5
E6C
330
E66
100
AcDbAssocActionParam
 90
1
 90
0
  1
Origin
100
AcDbAssocSingleDependencyActionParam
 90
0
330
0
100
AcDbAssocVertexActionParam
 90
0
 10
2485.543253086313
 20
1626.241823642674
 30
-32.5
  0
ACDBASSOCVERTEXACTIONPARAM
  5
E6D
330
E66
100
AcDbAssocActionParam
 90
1
 90
0
  1
basePoint
100
AcDbAssocSingleDependencyActionParam
 90
0
330
0
100
AcDbAssocVertexActionParam
 90
0
 10
0.0
 20
0.0
 30
0.0
  0
ACDBASSOCARRAYACTIONBODY
  5
EA5
330
EA4
100
AcDbAssocActionBody
 90
2
100
AcDbAssocArrayActionBody
 90
1
  1
AcDbAssocArrayPolarParameters
 90
0
 90
7
  1
AcDbAssocArrayItem
100
AcDbAssocArrayItem
 90
0
 90
0
 90
0
 90
0
 90
8
 11
2585.543253086314
 21
1600.874536331566
 31
-123.7874041846087
330
EBA
100
AcDbAssocArrayItem
 90
0
 90
1
 90
0
 90
0
 90
12
 40
0.6234898018587341
 40
-0.7818314824680295
 40
0.0
 40
2605.376196930949
 40
0.7818314824680295
 40
0.6234898018587341
 40
0.0
 40
1610.425578703378
 40
0.0
 40
0.0
 40
1.0
 40
-123.7874041846087
 40
0.0
 40
0.0
 40
0.0
 40
1.0
330
EBB
100
AcDbAssocArrayItem
 90
0
 90
2
 90
0
 90
0
 90
12
 40
-0.222520933956314
 40
-0.9749279121818236
 40
0.0
 40
2610.274529542248
 40
0.9749279121818236
 40
-0.2225209339563138
 40
0.0
 40
1631.88657610708
 40
0.0
 40
0.0
 40
1.0
 40
-123.7874041846087
 40
0.0
 40
0.0
 40
0.0
 40
1.0
330
EBC
100
AcDbAssocArrayItem
 90
0
 90
3
 90
0
 90
0
 90
12
 40
-0.9009688679024188
 40
-0.4338837391175589
 40
0.0
 40
2596.549706556126
 40
0.4338837391175585
 40
-0.9009688679024186
 40
0.0
 40
1649.096959773118
 40
0.0
 40
0.0
 40
1.0
 40
-123.7874041846087
 40
0.0
 40
0.0
 40
0.0
 40
1.0
330
EBD
100
AcDbAssocArrayItem
 90
0
 90
4
 90
0
 90
0
 90
12
 40
-0.9009688679024191
 40
0.4338837391175571
 40
0.0
 40
2574.536799616499
 40
-0.4338837391175577
 40
-0.9009688679024197
 40
0.0
 40
1649.096959773118
 40
0.0
 40
0.0
 40
1.0
 40
-123.7874041846087
 40
0.0
 40
0.0
 40
0.0
 40
1.0
330
EBE
100
AcDbAssocArrayItem
 90
0
 90
5
 90
0
 90
0
 90
12
 40
-0.2225209339563131
 40
0.9749279121818236
 40
0.0
 40
2560.811976630378
 40
-0.974927912181824
 40
-0.2225209339563142
 40
0.0
 40
1631.886576107079
 40
0.0
 40
0.0
 40
1.0
 40
-123.7874041846087
 40
0.0
 40
0.0
 40
0.0
 40
1.0
330
EBF
100
AcDbAssocArrayItem
 90
0
 90
6
 90
0
 90
0
 90
12
 40
0.6234898018587332
 40
0.7818314824680311
 40
0.0
 40
2565.710309241677
 40
-0.7818314824680302
 40
0.6234898018587323
 40
0.0
 40
1610.425578703377
 40
0.0
 40
0.0
 40
1.0
 40
-123.7874041846087
 40
0.0
 40
0.0
 40
0.0
 40
1.0
330
EC0
 40
1.0
 40
0.0
 40
0.0
 40
4776.650434195676
 40
0.0
 40
1.0
 40
0.0
 40
379.5614047711881
 40
0.0
 40
0.0
 40
1.0
 40
-2917.5
 40
0.0
 40
0.0
 40
0.0
 40
1.0
  0
ACDBASSOCDEPENDENCY
  5
EA6
330
EA4
100
AcDbAssocDependency
 90
2
 90
0
290
0
290
1
290
1
290
1
 90
0
330
EB8
290
0
330
0
330
0
360
0
 90
1
  0
ACDBASSOCDEPENDENCY
  5
EA7
330
EA4
100
AcDbAssocDependency
 90
2
 90
0
290
1
290
0
290
1
290
1
 90
0
330
EB4
290
0
330
0
330
0
360
0
 90
2
  0
ACDBASSOCDEPENDENCY
  5
EA8
330
EA4
100
AcDbAssocDependency
 90
2
 90
0
290
1
290
1
290
1
290
1
 90
-2147483648
330
E9F
290
0
330
0
330
0
360
0
 90
3
  0
ACDBASSOCVERTEXACTIONPARAM
  5
EA9
330
EA4
100
AcDbAssocActionParam
 90
1
 90
0
  1
BaseNormal
100
AcDbAssocSingleDependencyActionParam
 90
0
330
0
100
AcDbAssocVertexActionParam
 90
0
 10
0.0
 20
0.0
 30
1.0
  0
ACDBASSOCVERTEXACTIONPARAM
  5
EAA
330
EA4
100
AcDbAssocActionParam
 90
1
 90
0
  1
Origin
100
AcDbAssocSingleDependencyActionParam
 90
0
330
0
100
AcDbAssocVertexActionParam
 90
0
 10
2585.543253086313
 20
1626.241823642674
 30
-123.7874041846087
  0
ACDBASSOCVERTEXACTIONPARAM
  5
EAB
330
EA4
100
AcDbAssocActionParam
 90
1
 90
0
  1
basePoint
100
AcDbAssocSingleDependencyActionParam
 90
0
330
0
100
AcDbAssocVertexActionParam
 90
0
 10
0.0
 20
0.0
 30
0.0
  0
ACDBASSOCARRAYACTIONBODY
  5
EAD
330
EAC
100
AcDbAssocActionBody
 90
2
100
AcDbAssocArrayActionBody
 90
1
  1
AcDbAssocArrayPolarParameters
 90
0
 90
24
  1
AcDbAssocArrayItem
100
AcDbAssocArrayItem
 90
0
 90
0
 90
0
 90
0
 90
8
 11
2510.543253086313
 21
1626.241823642674
 31
-32.5
330
EC8
100
AcDbAssocArrayItem
 90
0
 90
1
 90
0
 90
0
 90
12
 40
0.9659258262890688
 40
-0.2588190451025206
 40
0.0
 40
2509.69139874354
 40
0.2588190451025201
 40
0.9659258262890688
 40
0.0
 40
1632.712299770236
 40
0.0
 40
0.0
 40
1.0
 40
-32.5
 40
0.0
 40
0.0
 40
0.0
 40
1.0
330
EC9
100
AcDbAssocArrayItem
 90
0
 90
2
 90
0
 90
0
 90
12
 40
0.8660254037844397
 40
-0.4999999999999999
 40
0.0
 40
2507.193888180924
 40
0.4999999999999986
 40
0.866025403784439
 40
0.0
 40
1638.741823642674
 40
0.0
 40
0.0
 40
1.0
 40
-32.5
 40
0.0
 40
0.0
 40
0.0
 40
1.0
330
ECA
100
AcDbAssocArrayItem
 90
0
 90
3
 90
0
 90
0
 90
12
 40
0.7071067811865493
 40
-0.7071067811865475
 40
0.0
 40
2503.220922615976
 40
0.7071067811865462
 40
0.7071067811865479
 40
0.0
 40
1643.919493172337
 40
0.0
 40
0.0
 40
1.0
 40
-32.5
 40
0.0
 40
0.0
 40
0.0
 40
1.0
330
ECB
100
AcDbAssocArrayItem
 90
0
 90
4
 90
0
 90
0
 90
12
 40
0.5000000000000026
 40
-0.8660254037844385
 40
0.0
 40
2498.043253086313
 40
0.8660254037844376
 40
0.5000000000000006
 40
0.0
 40
1647.892458737285
 40
0.0
 40
0.0
 40
1.0
 40
-32.5
 40
0.0
 40
0.0
 40
0.0
 40
1.0
330
ECC
100
AcDbAssocArrayItem
 90
0
 90
5
 90
0
 90
0
 90
12
 40
0.2588190451025245
 40
-0.9659258262890684
 40
0.0
 40
2492.013729213876
 40
0.9659258262890675
 40
0.2588190451025211
 40
0.0
 40
1650.3899692999
 40
0.0
 40
0.0
 40
1.0
 40
-32.5
 40
0.0
 40
0.0
 40
0.0
 40
1.0
330
ECD
100
AcDbAssocArrayItem
 90
0
 90
6
 90
0
 90
0
 90
12
 40
4.7e-15
 40
-1.0
 40
0.0
 40
2485.543253086313
 40
1.0
 40
5e-16
 40
0.0
 40
1651.241823642674
 40
0.0
 40
0.0
 40
1.0
 40
-32.5
 40
0.0
 40
0.0
 40
0.0
 40
1.0
330
ECE
100
AcDbAssocArrayItem
 90
0
 90
7
 90
0
 90
0
 90
12
 40
-0.2588190451025161
 40
-0.9659258262890688
 40
0.0
 40
2479.07277695875
 40
0.9659258262890698
 40
-0.2588190451025205
 40
0.0
 40
1650.3899692999
 40
0.0
 40
0.0
 40
1.0
 40
-32.5
 40
0.0
 40
0.0
 40
0.0
 40
1.0
330
ECF
100
AcDbAssocArrayItem
 90
0
 90
8
 90
0
 90
0
 90
12
 40
-0.4999999999999955
 40
-0.866025403784439
 40
0.0
 40
2473.043253086313
 40
0.8660254037844415
 40
-0.4999999999999998
 40
0.0
 40
1647.892458737285
 40
0.0
 40
0.0
 40
1.0
 40
-32.5
 40
0.0
 40
0.0
 40
0.0
 40
1.0
330
ED0
100
AcDbAssocArrayItem
 90
0
 90
9
 90
0
 90
0
 90
12
 40
-0.7071067811865442
 40
-0.7071067811865479
 40
0.0
 40
2467.865583556649
 40
0.7071067811865513
 40
-0.7071067811865476
 40
0.0
 40
1643.919493172337
 40
0.0
 40
0.0
 40
1.0
 40
-32.5
 40
0.0
 40
0.0
 40
0.0
 40
1.0
330
ED1
100
AcDbAssocArrayItem
 90
0
 90
10
 90
0
 90
0
 90
12
 40
-0.8660254037844364
 40
-0.5000000000000002
 40
0.0
 40
2463.892617991702
 40
0.5000000000000047
 40
-0.8660254037844389
 40
0.0
 40
1638.741823642674
 40
0.0
 40
0.0
 40
1.0
 40
-32.5
 40
0.0
 40
0.0
 40
0.0
 40
1.0
330
ED2
100
AcDbAssocArrayItem
 90
0
 90
11
 90
0
 90
0
 90
12
 40
-0.965925826289067
 40
-0.2588190451025209
 40
0.0
 40
2461.395107429086
 40
0.2588190451025263
 40
-0.9659258262890684
 40
0.0
 40
1632.712299770236
 40
0.0
 40
0.0
 40
1.0
 40
-32.5
 40
0.0
 40
0.0
 40
0.0
 40
1.0
330
ED3
100
AcDbAssocArrayItem
 90
0
 90
12
 90
0
 90
0
 90
12
 40
-1.0
 40
-8e-16
 40
0.0
 40
2460.543253086313
 40
6.7e-15
 40
-1.0
 40
0.0
 40
1626.241823642674
 40
0.0
 40
0.0
 40
1.0
 40
-32.5
 40
0.0
 40
0.0
 40
0.0
 40
1.0
330
ED4
100
AcDbAssocArrayItem
 90
0
 90
13
 90
0
 90
0
 90
12
 40
-0.9659258262890702
 40
0.2588190451025202
 40
0.0
 40
2461.395107429086
 40
-0.2588190451025143
 40
-0.9659258262890688
 40
0.0
 40
1619.771347515111
 40
0.0
 40
0.0
 40
1.0
 40
-32.5
 40
0.0
 40
0.0
 40
0.0
 40
1.0
330
ED5
100
AcDbAssocArrayItem
 90
0
 90
14
 90
0
 90
0
 90
12
 40
-0.8660254037844421
 40
0.4999999999999997
 40
0.0
 40
2463.892617991702
 40
-0.4999999999999946
 40
-0.866025403784439
 40
0.0
 40
1613.741823642674
 40
0.0
 40
0.0
 40
1.0
 40
-32.5
 40
0.0
 40
0.0
 40
0.0
 40
1.0
330
ED6
100
AcDbAssocArrayItem
 90
0
 90
15
 90
0
 90
0
 90
12
 40
-0.7071067811865526
 40
0.7071067811865471
 40
0.0
 40
2467.865583556649
 40
-0.7071067811865428
 40
-0.707106781186548
 40
0.0
 40
1608.56415411301
 40
0.0
 40
0.0
 40
1.0
 40
-32.5
 40
0.0
 40
0.0
 40
0.0
 40
1.0
330
ED7
100
AcDbAssocArrayItem
 90
0
 90
16
 90
0
 90
0
 90
12
 40
-0.5000000000000071
 40
0.8660254037844385
 40
0.0
 40
2473.043253086313
 40
-0.8660254037844349
 40
-0.5000000000000007
 40
0.0
 40
1604.591188548063
 40
0.0
 40
0.0
 40
1.0
 40
-32.5
 40
0.0
 40
0.0
 40
0.0
 40
1.0
330
ED8
100
AcDbAssocArrayItem
 90
0
 90
17
 90
0
 90
0
 90
12
 40
-0.2588190451025291
 40
0.9659258262890684
 40
0.0
 40
2479.07277695875
 40
-0.9659258262890663
 40
-0.258819045102521
 40
0.0
 40
1602.093677985447
 40
0.0
 40
0.0
 40
1.0
 40
-32.5
 40
0.0
 40
0.0
 40
0.0
 40
1.0
330
ED9
100
AcDbAssocArrayItem
 90
0
 90
18
 90
0
 90
0
 90
12
 40
-9.1e-15
 40
1.0
 40
0.0
 40
2485.543253086313
 40
-1.0
 40
-4e-16
 40
0.0
 40
1601.241823642674
 40
0.0
 40
0.0
 40
1.0
 40
-32.5
 40
0.0
 40
0.0
 40
0.0
 40
1.0
330
EDA
100
AcDbAssocArrayItem
 90
0
 90
19
 90
0
 90
0
 90
12
 40
0.2588190451025115
 40
0.9659258262890688
 40
0.0
 40
2492.013729213876
 40
-0.9659258262890711
 40
0.2588190451025201
 40
0.0
 40
1602.093677985447
 40
0.0
 40
0.0
 40
1.0
 40
-32.5
 40
0.0
 40
0.0
 40
0.0
 40
1.0
330
EDB
100
AcDbAssocArrayItem
 90
0
 90
20
 90
0
 90
0
 90
12
 40
0.4999999999999921
 40
0.8660254037844389
 40
0.0
 40
2498.043253086313
 40
-0.8660254037844435
 40
0.5
 40
0.0
 40
1604.591188548063
 40
0.0
 40
0.0
 40
1.0
 40
-32.5
 40
0.0
 40
0.0
 40
0.0
 40
1.0
330
EDC
100
AcDbAssocArrayItem
 90
0
 90
21
 90
0
 90
0
 90
12
 40
0.7071067811865399
 40
0.7071067811865487
 40
0.0
 40
2503.220922615976
 40
-0.7071067811865555
 40
0.7071067811865467
 40
0.0
 40
1608.56415411301
 40
0.0
 40
0.0
 40
1.0
 40
-32.5
 40
0.0
 40
0.0
 40
0.0
 40
1.0
330
EDD
100
AcDbAssocArrayItem
 90
0
 90
22
 90
0
 90
0
 90
12
 40
0.866025403784434
 40
0.5
 40
0.0
 40
2507.193888180924
 40
-0.5000000000000089
 40
0.866025403784439
 40
0.0
 40
1613.741823642674
 40
0.0
 40
0.0
 40
1.0
 40
-32.5
 40
0.0
 40
0.0
 40
0.0
 40
1.0
330
EDE
100
AcDbAssocArrayItem
 90
0
 90
23
 90
0
 90
0
 90
12
 40
0.9659258262890656
 40
0.2588190451025218
 40
0.0
 40
2509.69139874354
 40
-0.2588190451025323
 40
0.9659258262890681
 40
0.0
 40
1619.771347515111
 40
0.0
 40
0.0
 40
1.0
 40
-32.5
 40
0.0
 40
0.0
 40
0.0
 40
1.0
330
EDF
 40
1.0
 40
0.0
 40
0.0
 40
4876.650434195677
 40
0.0
 40
1.0
 40
0.0
 40
379.5614047711881
 40
0.0
 40
0.0
 40
1.0
 40
-2920.0
 40
0.0
 40
0.0
 40
0.0
 40
1.0
  0
ACDBASSOCDEPENDENCY
  5
EAE
330
EAC
100
AcDbAssocDependency
 90
2
 90
0
290
0
290
1
290
1
290
1
 90
0
330
EC6
290
0
330
0
330
0
360
0
 90
1
  0
ACDBASSOCDEPENDENCY
  5
EAF
330
EAC
100
AcDbAssocDependency
 90
2
 90
0
290
1
290
0
290
1
290
1
 90
0
330
EC2
290
0
330
0
330
0
360
0
 90
2
  0
ACDBASSOCDEPENDENCY
  5
EB0
330
EAC
100
AcDbAssocDependency
 90
2
 90
0
290
1
290
1
290
1
290
1
 90
-2147483648
330
EA0
290
0
330
0
330
0
360
0
 90
3
  0
ACDBASSOCVERTEXACTIONPARAM
  5
EB1
330
EAC
100
AcDbAssocActionParam
 90
1
 90
0
  1
BaseNormal
100
AcDbAssocSingleDependencyActionParam
 90
0
330
0
100
AcDbAssocVertexActionParam
 90
0
 10
0.0
 20
0.0
 30
1.0
  0
ACDBASSOCVERTEXACTIONPARAM
  5
EB2
330
EAC
100
AcDbAssocActionParam
 90
1
 90
0
  1
Origin
100
AcDbAssocSingleDependencyActionParam
 90
0
330
0
100
AcDbAssocVertexActionParam
 90
0
 10
2485.543253086313
 20
1626.241823642674
 30
-32.5
  0
ACDBASSOCVERTEXACTIONPARAM
  5
EB3
330
EAC
100
AcDbAssocActionParam
 90
1
 90
0
  1
basePoint
100
AcDbAssocSingleDependencyActionParam
 90
0
330
0
100
AcDbAssocVertexActionParam
 90
0
 10
0.0
 20
0.0
 30
0.0
  0
ACDBASSOCARRAYACTIONBODY
  5
EEB
330
EEA
100
AcDbAssocActionBody
 90
2
100
AcDbAssocArrayActionBody
 90
1
  1
AcDbAssocArrayPolarParameters
 90
0
 90
7
  1
AcDbAssocArrayItem
100
AcDbAssocArrayItem
 90
0
 90
0
 90
0
 90
0
 90
8
 11
2585.543253086314
 21
1600.874536331566
 31
-123.7874041846087
330
F00
100
AcDbAssocArrayItem
 90
0
 90
1
 90
0
 90
0
 90
12
 40
0.6234898018587341
 40
-0.7818314824680295
 40
0.0
 40
2605.376196930949
 40
0.7818314824680295
 40
0.6234898018587341
 40
0.0
 40
1610.425578703378
 40
0.0
 40
0.0
 40
1.0
 40
-123.7874041846087
 40
0.0
 40
0.0
 40
0.0
 40
1.0
330
F01
100
AcDbAssocArrayItem
 90
0
 90
2
 90
0
 90
0
 90
12
 40
-0.222520933956314
 40
-0.9749279121818236
 40
0.0
 40
2610.274529542248
 40
0.9749279121818236
 40
-0.2225209339563138
 40
0.0
 40
1631.88657610708
 40
0.0
 40
0.0
 40
1.0
 40
-123.7874041846087
 40
0.0
 40
0.0
 40
0.0
 40
1.0
330
F02
100
AcDbAssocArrayItem
 90
0
 90
3
 90
0
 90
0
 90
12
 40
-0.9009688679024188
 40
-0.4338837391175589
 40
0.0
 40
2596.549706556126
 40
0.4338837391175585
 40
-0.9009688679024186
 40
0.0
 40
1649.096959773118
 40
0.0
 40
0.0
 40
1.0
 40
-123.7874041846087
 40
0.0
 40
0.0
 40
0.0
 40
1.0
330
F03
100
AcDbAssocArrayItem
 90
0
 90
4
 90
0
 90
0
 90
12
 40
-0.9009688679024191
 40
0.4338837391175571
 40
0.0
 40
2574.536799616499
 40
-0.4338837391175577
 40
-0.9009688679024197
 40
0.0
 40
1649.096959773118
 40
0.0
 40
0.0
 40
1.0
 40
-123.7874041846087
 40
0.0
 40
0.0
 40
0.0
 40
1.0
330
F04
100
AcDbAssocArrayItem
 90
0
 90
5
 90
0
 90
0
 90
12
 40
-0.2225209339563131
 40
0.9749279121818236
 40
0.0
 40
2560.811976630378
 40
-0.974927912181824
 40
-0.2225209339563142
 40
0.0
 40
1631.886576107079
 40
0.0
 40
0.0
 40
1.0
 40
-123.7874041846087
 40
0.0
 40
0.0
 40
0.0
 40
1.0
330
F05
100
AcDbAssocArrayItem
 90
0
 90
6
 90
0
 90
0
 90
12
 40
0.6234898018587332
 40
0.7818314824680311
 40
0.0
 40
2565.710309241677
 40
-0.7818314824680302
 40
0.6234898018587323
 40
0.0
 40
1610.425578703377
 40
0.0
 40
0.0
 40
1.0
 40
-123.7874041846087
 40
0.0
 40
0.0
 40
0.0
 40
1.0
330
F06
 40
1.0
 40
0.0
 40
0.0
 40
4776.650434195676
 40
0.0
 40
1.0
 40
0.0
 40
529.5614047711883
 40
0.0
 40
0.0
 40
1.0
 40
-2767.5
 40
0.0
 40
0.0
 40
0.0
 40
1.0
  0
ACDBASSOCDEPENDENCY
  5
EEC
330
EEA
100
AcDbAssocDependency
 90
2
 90
0
290
0
290
1
290
1
290
1
 90
0
330
EFE
290
0
330
0
330
0
360
0
 90
1
  0
ACDBASSOCDEPENDENCY
  5
EED
330
EEA
100
AcDbAssocDependency
 90
2
 90
0
290
1
290
0
290
1
290
1
 90
0
330
EFA
290
0
330
0
330
0
360
0
 90
2
  0
ACDBASSOCDEPENDENCY
  5
EEE
330
EEA
100
AcDbAssocDependency
 90
2
 90
0
290
1
290
1
290
1
290
1
 90
-2147483648
330
EE5
290
0
330
0
330
0
360
0
 90
3
  0
ACDBASSOCVERTEXACTIONPARAM
  5
EEF
330
EEA
100
AcDbAssocActionParam
 90
1
 90
0
  1
BaseNormal
100
AcDbAssocSingleDependencyActionParam
 90
0
330
0
100
AcDbAssocVertexActionParam
 90
0
 10
0.0
 20
0.0
 30
1.0
  0
ACDBASSOCVERTEXACTIONPARAM
  5
EF0
330
EEA
100
AcDbAssocActionParam
 90
1
 90
0
  1
Origin
100
AcDbAssocSingleDependencyActionParam
 90
0
330
0
100
AcDbAssocVertexActionParam
 90
0
 10
2585.543253086313
 20
1626.241823642674
 30
-123.7874041846087
  0
ACDBASSOCVERTEXACTIONPARAM
  5
EF1
330
EEA
100
AcDbAssocActionParam
 90
1
 90
0
  1
basePoint
100
AcDbAssocSingleDependencyActionParam
 90
0
330
0
100
AcDbAssocVertexActionParam
 90
0
 10
0.0
 20
0.0
 30
0.0
  0
ACDBASSOCARRAYACTIONBODY
  5
EF3
330
EF2
100
AcDbAssocActionBody
 90
2
100
AcDbAssocArrayActionBody
 90
1
  1
AcDbAssocArrayPolarParameters
 90
0
 90
24
  1
AcDbAssocArrayItem
100
AcDbAssocArrayItem
 90
0
 90
0
 90
0
 90
0
 90
8
 11
2510.543253086313
 21
1626.241823642674
 31
-32.5
330
F0E
100
AcDbAssocArrayItem
 90
0
 90
1
 90
0
 90
0
 90
12
 40
0.9659258262890688
 40
-0.2588190451025206
 40
0.0
 40
2509.69139874354
 40
0.2588190451025201
 40
0.9659258262890688
 40
0.0
 40
1632.712299770236
 40
0.0
 40
0.0
 40
1.0
 40
-32.5
 40
0.0
 40
0.0
 40
0.0
 40
1.0
330
F0F
100
AcDbAssocArrayItem
 90
0
 90
2
 90
0
 90
0
 90
12
 40
0.8660254037844397
 40
-0.4999999999999999
 40
0.0
 40
2507.193888180924
 40
0.4999999999999986
 40
0.866025403784439
 40
0.0
 40
1638.741823642674
 40
0.0
 40
0.0
 40
1.0
 40
-32.5
 40
0.0
 40
0.0
 40
0.0
 40
1.0
330
F10
100
AcDbAssocArrayItem
 90
0
 90
3
 90
0
 90
0
 90
12
 40
0.7071067811865493
 40
-0.7071067811865475
 40
0.0
 40
2503.220922615976
 40
0.7071067811865462
 40
0.7071067811865479
 40
0.0
 40
1643.919493172337
 40
0.0
 40
0.0
 40
1.0
 40
-32.5
 40
0.0
 40
0.0
 40
0.0
 40
1.0
330
F11
100
AcDbAssocArrayItem
 90
0
 90
4
 90
0
 90
0
 90
12
 40
0.5000000000000026
 40
-0.8660254037844385
 40
0.0
 40
2498.043253086313
 40
0.8660254037844376
 40
0.5000000000000006
 40
0.0
 40
1647.892458737285
 40
0.0
 40
0.0
 40
1.0
 40
-32.5
 40
0.0
 40
0.0
 40
0.0
 40
1.0
330
F12
100
AcDbAssocArrayItem
 90
0
 90
5
 90
0
 90
0
 90
12
 40
0.2588190451025245
 40
-0.9659258262890684
 40
0.0
 40
2492.013729213876
 40
0.9659258262890675
 40
0.2588190451025211
 40
0.0
 40
1650.3899692999
 40
0.0
 40
0.0
 40
1.0
 40
-32.5
 40
0.0
 40
0.0
 40
0.0
 40
1.0
330
F13
100
AcDbAssocArrayItem
 90
0
 90
6
 90
0
 90
0
 90
12
 40
4.7e-15
 40
-1.0
 40
0.0
 40
2485.543253086313
 40
1.0
 40
5e-16
 40
0.0
 40
1651.241823642674
 40
0.0
 40
0.0
 40
1.0
 40
-32.5
 40
0.0
 40
0.0
 40
0.0
 40
1.0
330
F14
100
AcDbAssocArrayItem
 90
0
 90
7
 90
0
 90
0
 90
12
 40
-0.2588190451025161
 40
-0.9659258262890688
 40
0.0
 40
2479.07277695875
 40
0.9659258262890698
 40
-0.2588190451025205
 40
0.0
 40
1650.3899692999
 40
0.0
 40
0.0
 40
1.0
 40
-32.5
 40
0.0
 40
0.0
 40
0.0
 40
1.0
330
F15
100
AcDbAssocArrayItem
 90
0
 90
8
 90
0
 90
0
 90
12
 40
-0.4999999999999955
 40
-0.866025403784439
 40
0.0
 40
2473.043253086313
 40
0.8660254037844415
 40
-0.4999999999999998
 40
0.0
 40
1647.892458737285
 40
0.0
 40
0.0
 40
1.0
 40
-32.5
 40
0.0
 40
0.0
 40
0.0
 40
1.0
330
F16
100
AcDbAssocArrayItem
 90
0
 90
9
 90
0
 90
0
 90
12
 40
-0.7071067811865442
 40
-0.7071067811865479
 40
0.0
 40
2467.865583556649
 40
0.7071067811865513
 40
-0.7071067811865476
 40
0.0
 40
1643.919493172337
 40
0.0
 40
0.0
 40
1.0
 40
-32.5
 40
0.0
 40
0.0
 40
0.0
 40
1.0
330
F17
100
AcDbAssocArrayItem
 90
0
 90
10
 90
0
 90
0
 90
12
 40
-0.8660254037844364
 40
-0.5000000000000002
 40
0.0
 40
2463.892617991702
 40
0.5000000000000047
 40
-0.8660254037844389
 40
0.0
 40
1638.741823642674
 40
0.0
 40
0.0
 40
1.0
 40
-32.5
 40
0.0
 40
0.0
 40
0.0
 40
1.0
330
F18
100
AcDbAssocArrayItem
 90
0
 90
11
 90
0
 90
0
 90
12
 40
-0.965925826289067
 40
-0.2588190451025209
 40
0.0
 40
2461.395107429086
 40
0.2588190451025263
 40
-0.9659258262890684
 40
0.0
 40
1632.712299770236
 40
0.0
 40
0.0
 40
1.0
 40
-32.5
 40
0.0
 40
0.0
 40
0.0
 40
1.0
330
F19
100
AcDbAssocArrayItem
 90
0
 90
12
 90
0
 90
0
 90
12
 40
-1.0
 40
-8e-16
 40
0.0
 40
2460.543253086313
 40
6.7e-15
 40
-1.0
 40
0.0
 40
1626.241823642674
 40
0.0
 40
0.0
 40
1.0
 40
-32.5
 40
0.0
 40
0.0
 40
0.0
 40
1.0
330
F1A
100
AcDbAssocArrayItem
 90
0
 90
13
 90
0
 90
0
 90
12
 40
-0.9659258262890702
 40
0.2588190451025202
 40
0.0
 40
2461.395107429086
 40
-0.2588190451025143
 40
-0.9659258262890688
 40
0.0
 40
1619.771347515111
 40
0.0
 40
0.0
 40
1.0
 40
-32.5
 40
0.0
 40
0.0
 40
0.0
 40
1.0
330
F1B
100
AcDbAssocArrayItem
 90
0
 90
14
 90
0
 90
0
 90
12
 40
-0.8660254037844421
 40
0.4999999999999997
 40
0.0
 40
2463.892617991702
 40
-0.4999999999999946
 40
-0.866025403784439
 40
0.0
 40
1613.741823642674
 40
0.0
 40
0.0
 40
1.0
 40
-32.5
 40
0.0
 40
0.0
 40
0.0
 40
1.0
330
F1C
100
AcDbAssocArrayItem
 90
0
 90
15
 90
0
 90
0
 90
12
 40
-0.7071067811865526
 40
0.7071067811865471
 40
0.0
 40
2467.865583556649
 40
-0.7071067811865428
 40
-0.707106781186548
 40
0.0
 40
1608.56415411301
 40
0.0
 40
0.0
 40
1.0
 40
-32.5
 40
0.0
 40
0.0
 40
0.0
 40
1.0
330
F1D
100
AcDbAssocArrayItem
 90
0
 90
16
 90
0
 90
0
 90
12
 40
-0.5000000000000071
 40
0.8660254037844385
 40
0.0
 40
2473.043253086313
 40
-0.8660254037844349
 40
-0.5000000000000007
 40
0.0
 40
1604.591188548063
 40
0.0
 40
0.0
 40
1.0
 40
-32.5
 40
0.0
 40
0.0
 40
0.0
 40
1.0
330
F1E
100
AcDbAssocArrayItem
 90
0
 90
17
 90
0
 90
0
 90
12
 40
-0.2588190451025291
 40
0.9659258262890684
 40
0.0
 40
2479.07277695875
 40
-0.9659258262890663
 40
-0.258819045102521
 40
0.0
 40
1602.093677985447
 40
0.0
 40
0.0
 40
1.0
 40
-32.5
 40
0.0
 40
0.0
 40
0.0
 40
1.0
330
F1F
100
AcDbAssocArrayItem
 90
0
 90
18
 90
0
 90
0
 90
12
 40
-9.1e-15
 40
1.0
 40
0.0
 40
2485.543253086313
 40
-1.0
 40
-4e-16
 40
0.0
 40
1601.241823642674
 40
0.0
 40
0.0
 40
1.0
 40
-32.5
 40
0.0
 40
0.0
 40
0.0
 40
1.0
330
F20
100
AcDbAssocArrayItem
 90
0
 90
19
 90
0
 90
0
 90
12
 40
0.2588190451025115
 40
0.9659258262890688
 40
0.0
 40
2492.013729213876
 40
-0.9659258262890711
 40
0.2588190451025201
 40
0.0
 40
1602.093677985447
 40
0.0
 40
0.0
 40
1.0
 40
-32.5
 40
0.0
 40
0.0
 40
0.0
 40
1.0
330
F21
100
AcDbAssocArrayItem
 90
0
 90
20
 90
0
 90
0
 90
12
 40
0.4999999999999921
 40
0.8660254037844389
 40
0.0
 40
2498.043253086313
 40
-0.8660254037844435
 40
0.5
 40
0.0
 40
1604.591188548063
 40
0.0
 40
0.0
 40
1.0
 40
-32.5
 40
0.0
 40
0.0
 40
0.0
 40
1.0
330
F22
100
AcDbAssocArrayItem
 90
0
 90
21
 90
0
 90
0
 90
12
 40
0.7071067811865399
 40
0.7071067811865487
 40
0.0
 40
2503.220922615976
 40
-0.7071067811865555
 40
0.7071067811865467
 40
0.0
 40
1608.56415411301
 40
0.0
 40
0.0
 40
1.0
 40
-32.5
 40
0.0
 40
0.0
 40
0.0
 40
1.0
330
F23
100
AcDbAssocArrayItem
 90
0
 90
22
 90
0
 90
0
 90
12
 40
0.866025403784434
 40
0.5
 40
0.0
 40
2507.193888180924
 40
-0.5000000000000089
 40
0.866025403784439
 40
0.0
 40
1613.741823642674
 40
0.0
 40
0.0
 40
1.0
 40
-32.5
 40
0.0
 40
0.0
 40
0.0
 40
1.0
330
F24
100
AcDbAssocArrayItem
 90
0
 90
23
 90
0
 90
0
 90
12
 40
0.9659258262890656
 40
0.2588190451025218
 40
0.0
 40
2509.69139874354
 40
-0.2588190451025323
 40
0.9659258262890681
 40
0.0
 40
1619.771347515111
 40
0.0
 40
0.0
 40
1.0
 40
-32.5
 40
0.0
 40
0.0
 40
0.0
 40
1.0
330
F25
 40
1.0
 40
0.0
 40
0.0
 40
4876.650434195677
 40
0.0
 40
1.0
 40
0.0
 40
529.5614047711883
 40
0.0
 40
0.0
 40
1.0
 40
-2770.0
 40
0.0
 40
0.0
 40
0.0
 40
1.0
  0
ACDBASSOCDEPENDENCY
  5
EF4
330
EF2
100
AcDbAssocDependency
 90
2
 90
0
290
0
290
1
290
1
290
1
 90
0
330
F0C
290
0
330
0
330
0
360
0
 90
1
  0
ACDBASSOCDEPENDENCY
  5
EF5
330
EF2
100
AcDbAssocDependency
 90
2
 90
0
290
1
290
0
290
1
290
1
 90
0
330
F08
290
0
330
0
330
0
360
0
 90
2
  0
ACDBASSOCDEPENDENCY
  5
EF6
330
EF2
100
AcDbAssocDependency
 90
2
 90
0
290
1
290
1
290
1
290
1
 90
-2147483648
330
EE6
290
0
330
0
330
0
360
0
 90
3
  0
ACDBASSOCVERTEXACTIONPARAM
  5
EF7
330
EF2
100
AcDbAssocActionParam
 90
1
 90
0
  1
BaseNormal
100
AcDbAssocSingleDependencyActionParam
 90
0
330
0
100
AcDbAssocVertexActionParam
 90
0
 10
0.0
 20
0.0
 30
1.0
  0
ACDBASSOCVERTEXACTIONPARAM
  5
EF8
330
EF2
100
AcDbAssocActionParam
 90
1
 90
0
  1
Origin
100
AcDbAssocSingleDependencyActionParam
 90
0
330
0
100
AcDbAssocVertexActionParam
 90
0
 10
2485.543253086313
 20
1626.241823642674
 30
-32.5
  0
ACDBASSOCVERTEXACTIONPARAM
  5
EF9
330
EF2
100
AcDbAssocActionParam
 90
1
 90
0
  1
basePoint
100
AcDbAssocSingleDependencyActionParam
 90
0
330
0
100
AcDbAssocVertexActionParam
 90
0
 10
0.0
 20
0.0
 30
0.0
  0
ACDBASSOCARRAYACTIONBODY
  5
F31
330
F30
100
AcDbAssocActionBody
 90
2
100
AcDbAssocArrayActionBody
 90
1
  1
AcDbAssocArrayPolarParameters
 90
0
 90
7
  1
AcDbAssocArrayItem
100
AcDbAssocArrayItem
 90
0
 90
0
 90
0
 90
0
 90
8
 11
2585.543253086314
 21
1600.874536331566
 31
-123.7874041846087
330
F46
100
AcDbAssocArrayItem
 90
0
 90
1
 90
0
 90
0
 90
12
 40
0.6234898018587341
 40
-0.7818314824680295
 40
0.0
 40
2605.376196930949
 40
0.7818314824680295
 40
0.6234898018587341
 40
0.0
 40
1610.425578703378
 40
0.0
 40
0.0
 40
1.0
 40
-123.7874041846087
 40
0.0
 40
0.0
 40
0.0
 40
1.0
330
F47
100
AcDbAssocArrayItem
 90
0
 90
2
 90
0
 90
0
 90
12
 40
-0.222520933956314
 40
-0.9749279121818236
 40
0.0
 40
2610.274529542248
 40
0.9749279121818236
 40
-0.2225209339563138
 40
0.0
 40
1631.88657610708
 40
0.0
 40
0.0
 40
1.0
 40
-123.7874041846087
 40
0.0
 40
0.0
 40
0.0
 40
1.0
330
F48
100
AcDbAssocArrayItem
 90
0
 90
3
 90
0
 90
0
 90
12
 40
-0.9009688679024188
 40
-0.4338837391175589
 40
0.0
 40
2596.549706556126
 40
0.4338837391175585
 40
-0.9009688679024186
 40
0.0
 40
1649.096959773118
 40
0.0
 40
0.0
 40
1.0
 40
-123.7874041846087
 40
0.0
 40
0.0
 40
0.0
 40
1.0
330
F49
100
AcDbAssocArrayItem
 90
0
 90
4
 90
0
 90
0
 90
12
 40
-0.9009688679024191
 40
0.4338837391175571
 40
0.0
 40
2574.536799616499
 40
-0.4338837391175577
 40
-0.9009688679024197
 40
0.0
 40
1649.096959773118
 40
0.0
 40
0.0
 40
1.0
 40
-123.7874041846087
 40
0.0
 40
0.0
 40
0.0
 40
1.0
330
F4A
100
AcDbAssocArrayItem
 90
0
 90
5
 90
0
 90
0
 90
12
 40
-0.2225209339563131
 40
0.9749279121818236
 40
0.0
 40
2560.811976630378
 40
-0.974927912181824
 40
-0.2225209339563142
 40
0.0
 40
1631.886576107079
 40
0.0
 40
0.0
 40
1.0
 40
-123.7874041846087
 40
0.0
 40
0.0
 40
0.0
 40
1.0
330
F4B
100
AcDbAssocArrayItem
 90
0
 90
6
 90
0
 90
0
 90
12
 40
0.6234898018587332
 40
0.7818314824680311
 40
0.0
 40
2565.710309241677
 40
-0.7818314824680302
 40
0.6234898018587323
 40
0.0
 40
1610.425578703377
 40
0.0
 40
0.0
 40
1.0
 40
-123.7874041846087
 40
0.0
 40
0.0
 40
0.0
 40
1.0
330
F4C
 40
1.0
 40
0.0
 40
0.0
 40
4776.650434195681
 40
0.0
 40
1.0
 40
0.0
 40
679.5614047711883
 40
0.0
 40
0.0
 40
1.0
 40
-2617.5
 40
0.0
 40
0.0
 40
0.0
 40
1.0
  0
ACDBASSOCDEPENDENCY
  5
F32
330
F30
100
AcDbAssocDependency
 90
2
 90
0
290
0
290
1
290
1
290
1
 90
0
330
F44
290
0
330
0
330
0
360
0
 90
1
  0
ACDBASSOCDEPENDENCY
  5
F33
330
F30
100
AcDbAssocDependency
 90
2
 90
0
290
1
290
0
290
1
290
1
 90
0
330
F40
290
0
330
0
330
0
360
0
 90
2
  0
ACDBASSOCDEPENDENCY
  5
F34
330
F30
100
AcDbAssocDependency
 90
2
 90
0
290
1
290
1
290
1
290
1
 90
-2147483648
330
F2B
290
0
330
0
330
0
360
0
 90
3
  0
ACDBASSOCVERTEXACTIONPARAM
  5
F35
330
F30
100
AcDbAssocActionParam
 90
1
 90
0
  1
BaseNormal
100
AcDbAssocSingleDependencyActionParam
 90
0
330
0
100
AcDbAssocVertexActionParam
 90
0
 10
0.0
 20
0.0
 30
1.0
  0
ACDBASSOCVERTEXACTIONPARAM
  5
F36
330
F30
100
AcDbAssocActionParam
 90
1
 90
0
  1
Origin
100
AcDbAssocSingleDependencyActionParam
 90
0
330
0
100
AcDbAssocVertexActionParam
 90
0
 10
2585.543253086313
 20
1626.241823642674
 30
-123.7874041846087
  0
ACDBASSOCVERTEXACTIONPARAM
  5
F37
330
F30
100
AcDbAssocActionParam
 90
1
 90
0
  1
basePoint
100
AcDbAssocSingleDependencyActionParam
 90
0
330
0
100
AcDbAssocVertexActionParam
 90
0
 10
0.0
 20
0.0
 30
0.0
  0
ACDBASSOCARRAYACTIONBODY
  5
F39
330
F38
100
AcDbAssocActionBody
 90
2
100
AcDbAssocArrayActionBody
 90
1
  1
AcDbAssocArrayPolarParameters
 90
0
 90
24
  1
AcDbAssocArrayItem
100
AcDbAssocArrayItem
 90
0
 90
0
 90
0
 90
0
 90
8
 11
2510.543253086313
 21
1626.241823642674
 31
-32.5
330
F54
100
AcDbAssocArrayItem
 90
0
 90
1
 90
0
 90
0
 90
12
 40
0.9659258262890688
 40
-0.2588190451025206
 40
0.0
 40
2509.69139874354
 40
0.2588190451025201
 40
0.9659258262890688
 40
0.0
 40
1632.712299770236
 40
0.0
 40
0.0
 40
1.0
 40
-32.5
 40
0.0
 40
0.0
 40
0.0
 40
1.0
330
F55
100
AcDbAssocArrayItem
 90
0
 90
2
 90
0
 90
0
 90
12
 40
0.8660254037844397
 40
-0.4999999999999999
 40
0.0
 40
2507.193888180924
 40
0.4999999999999986
 40
0.866025403784439
 40
0.0
 40
1638.741823642674
 40
0.0
 40
0.0
 40
1.0
 40
-32.5
 40
0.0
 40
0.0
 40
0.0
 40
1.0
330
F56
100
AcDbAssocArrayItem
 90
0
 90
3
 90
0
 90
0
 90
12
 40
0.7071067811865493
 40
-0.7071067811865475
 40
0.0
 40
2503.220922615976
 40
0.7071067811865462
 40
0.7071067811865479
 40
0.0
 40
1643.919493172337
 40
0.0
 40
0.0
 40
1.0
 40
-32.5
 40
0.0
 40
0.0
 40
0.0
 40
1.0
330
F57
100
AcDbAssocArrayItem
 90
0
 90
4
 90
0
 90
0
 90
12
 40
0.5000000000000026
 40
-0.8660254037844385
 40
0.0
 40
2498.043253086313
 40
0.8660254037844376
 40
0.5000000000000006
 40
0.0
 40
1647.892458737285
 40
0.0
 40
0.0
 40
1.0
 40
-32.5
 40
0.0
 40
0.0
 40
0.0
 40
1.0
330
F58
100
AcDbAssocArrayItem
 90
0
 90
5
 90
0
 90
0
 90
12
 40
0.2588190451025245
 40
-0.9659258262890684
 40
0.0
 40
2492.013729213876
 40
0.9659258262890675
 40
0.2588190451025211
 40
0.0
 40
1650.3899692999
 40
0.0
 40
0.0
 40
1.0
 40
-32.5
 40
0.0
 40
0.0
 40
0.0
 40
1.0
330
F59
100
AcDbAssocArrayItem
 90
0
 90
6
 90
0
 90
0
 90
12
 40
4.7e-15
 40
-1.0
 40
0.0
 40
2485.543253086313
 40
1.0
 40
5e-16
 40
0.0
 40
1651.241823642674
 40
0.0
 40
0.0
 40
1.0
 40
-32.5
 40
0.0
 40
0.0
 40
0.0
 40
1.0
330
F5A
100
AcDbAssocArrayItem
 90
0
 90
7
 90
0
 90
0
 90
12
 40
-0.2588190451025161
 40
-0.9659258262890688
 40
0.0
 40
2479.07277695875
 40
0.9659258262890698
 40
-0.2588190451025205
 40
0.0
 40
1650.3899692999
 40
0.0
 40
0.0
 40
1.0
 40
-32.5
 40
0.0
 40
0.0
 40
0.0
 40
1.0
330
F5B
100
AcDbAssocArrayItem
 90
0
 90
8
 90
0
 90
0
 90
12
 40
-0.4999999999999955
 40
-0.866025403784439
 40
0.0
 40
2473.043253086313
 40
0.8660254037844415
 40
-0.4999999999999998
 40
0.0
 40
1647.892458737285
 40
0.0
 40
0.0
 40
1.0
 40
-32.5
 40
0.0
 40
0.0
 40
0.0
 40
1.0
330
F5C
100
AcDbAssocArrayItem
 90
0
 90
9
 90
0
 90
0
 90
12
 40
-0.7071067811865442
 40
-0.7071067811865479
 40
0.0
 40
2467.865583556649
 40
0.7071067811865513
 40
-0.7071067811865476
 40
0.0
 40
1643.919493172337
 40
0.0
 40
0.0
 40
1.0
 40
-32.5
 40
0.0
 40
0.0
 40
0.0
 40
1.0
330
F5D
100
AcDbAssocArrayItem
 90
0
 90
10
 90
0
 90
0
 90
12
 40
-0.8660254037844364
 40
-0.5000000000000002
 40
0.0
 40
2463.892617991702
 40
0.5000000000000047
 40
-0.8660254037844389
 40
0.0
 40
1638.741823642674
 40
0.0
 40
0.0
 40
1.0
 40
-32.5
 40
0.0
 40
0.0
 40
0.0
 40
1.0
330
F5E
100
AcDbAssocArrayItem
 90
0
 90
11
 90
0
 90
0
 90
12
 40
-0.965925826289067
 40
-0.2588190451025209
 40
0.0
 40
2461.395107429086
 40
0.2588190451025263
 40
-0.9659258262890684
 40
0.0
 40
1632.712299770236
 40
0.0
 40
0.0
 40
1.0
 40
-32.5
 40
0.0
 40
0.0
 40
0.0
 40
1.0
330
F5F
100
AcDbAssocArrayItem
 90
0
 90
12
 90
0
 90
0
 90
12
 40
-1.0
 40
-8e-16
 40
0.0
 40
2460.543253086313
 40
6.7e-15
 40
-1.0
 40
0.0
 40
1626.241823642674
 40
0.0
 40
0.0
 40
1.0
 40
-32.5
 40
0.0
 40
0.0
 40
0.0
 40
1.0
330
F60
100
AcDbAssocArrayItem
 90
0
 90
13
 90
0
 90
0
 90
12
 40
-0.9659258262890702
 40
0.2588190451025202
 40
0.0
 40
2461.395107429086
 40
-0.2588190451025143
 40
-0.9659258262890688
 40
0.0
 40
1619.771347515111
 40
0.0
 40
0.0
 40
1.0
 40
-32.5
 40
0.0
 40
0.0
 40
0.0
 40
1.0
330
F61
100
AcDbAssocArrayItem
 90
0
 90
14
 90
0
 90
0
 90
12
 40
-0.8660254037844421
 40
0.4999999999999997
 40
0.0
 40
2463.892617991702
 40
-0.4999999999999946
 40
-0.866025403784439
 40
0.0
 40
1613.741823642674
 40
0.0
 40
0.0
 40
1.0
 40
-32.5
 40
0.0
 40
0.0
 40
0.0
 40
1.0
330
F62
100
AcDbAssocArrayItem
 90
0
 90
15
 90
0
 90
0
 90
12
 40
-0.7071067811865526
 40
0.7071067811865471
 40
0.0
 40
2467.865583556649
 40
-0.7071067811865428
 40
-0.707106781186548
 40
0.0
 40
1608.56415411301
 40
0.0
 40
0.0
 40
1.0
 40
-32.5
 40
0.0
 40
0.0
 40
0.0
 40
1.0
330
F63
100
AcDbAssocArrayItem
 90
0
 90
16
 90
0
 90
0
 90
12
 40
-0.5000000000000071
 40
0.8660254037844385
 40
0.0
 40
2473.043253086313
 40
-0.8660254037844349
 40
-0.5000000000000007
 40
0.0
 40
1604.591188548063
 40
0.0
 40
0.0
 40
1.0
 40
-32.5
 40
0.0
 40
0.0
 40
0.0
 40
1.0
330
F64
100
AcDbAssocArrayItem
 90
0
 90
17
 90
0
 90
0
 90
12
 40
-0.2588190451025291
 40
0.9659258262890684
 40
0.0
 40
2479.07277695875
 40
-0.9659258262890663
 40
-0.258819045102521
 40
0.0
 40
1602.093677985447
 40
0.0
 40
0.0
 40
1.0
 40
-32.5
 40
0.0
 40
0.0
 40
0.0
 40
1.0
330
F65
100
AcDbAssocArrayItem
 90
0
 90
18
 90
0
 90
0
 90
12
 40
-9.1e-15
 40
1.0
 40
0.0
 40
2485.543253086313
 40
-1.0
 40
-4e-16
 40
0.0
 40
1601.241823642674
 40
0.0
 40
0.0
 40
1.0
 40
-32.5
 40
0.0
 40
0.0
 40
0.0
 40
1.0
330
F66
100
AcDbAssocArrayItem
 90
0
 90
19
 90
0
 90
0
 90
12
 40
0.2588190451025115
 40
0.9659258262890688
 40
0.0
 40
2492.013729213876
 40
-0.9659258262890711
 40
0.2588190451025201
 40
0.0
 40
1602.093677985447
 40
0.0
 40
0.0
 40
1.0
 40
-32.5
 40
0.0
 40
0.0
 40
0.0
 40
1.0
330
F67
100
AcDbAssocArrayItem
 90
0
 90
20
 90
0
 90
0
 90
12
 40
0.4999999999999921
 40
0.8660254037844389
 40
0.0
 40
2498.043253086313
 40
-0.8660254037844435
 40
0.5
 40
0.0
 40
1604.591188548063
 40
0.0
 40
0.0
 40
1.0
 40
-32.5
 40
0.0
 40
0.0
 40
0.0
 40
1.0
330
F68
100
AcDbAssocArrayItem
 90
0
 90
21
 90
0
 90
0
 90
12
 40
0.7071067811865399
 40
0.7071067811865487
 40
0.0
 40
2503.220922615976
 40
-0.7071067811865555
 40
0.7071067811865467
 40
0.0
 40
1608.56415411301
 40
0.0
 40
0.0
 40
1.0
 40
-32.5
 40
0.0
 40
0.0
 40
0.0
 40
1.0
330
F69
100
AcDbAssocArrayItem
 90
0
 90
22
 90
0
 90
0
 90
12
 40
0.866025403784434
 40
0.5
 40
0.0
 40
2507.193888180924
 40
-0.5000000000000089
 40
0.866025403784439
 40
0.0
 40
1613.741823642674
 40
0.0
 40
0.0
 40
1.0
 40
-32.5
 40
0.0
 40
0.0
 40
0.0
 40
1.0
330
F6A
100
AcDbAssocArrayItem
 90
0
 90
23
 90
0
 90
0
 90
12
 40
0.9659258262890656
 40
0.2588190451025218
 40
0.0
 40
2509.69139874354
 40
-0.2588190451025323
 40
0.9659258262890681
 40
0.0
 40
1619.771347515111
 40
0.0
 40
0.0
 40
1.0
 40
-32.5
 40
0.0
 40
0.0
 40
0.0
 40
1.0
330
F6B
 40
1.0
 40
0.0
 40
0.0
 40
4876.650434195681
 40
0.0
 40
1.0
 40
0.0
 40
679.5614047711883
 40
0.0
 40
0.0
 40
1.0
 40
-2620.0
 40
0.0
 40
0.0
 40
0.0
 40
1.0
  0
ACDBASSOCDEPENDENCY
  5
F3A
330
F38
100
AcDbAssocDependency
 90
2
 90
0
290
0
290
1
290
1
290
1
 90
0
330
F52
290
0
330
0
330
0
360
0
 90
1
  0
ACDBASSOCDEPENDENCY
  5
F3B
330
F38
100
AcDbAssocDependency
 90
2
 90
0
290
1
290
0
290
1
290
1
 90
0
330
F4E
290
0
330
0
330
0
360
0
 90
2
  0
ACDBASSOCDEPENDENCY
  5
F3C
330
F38
100
AcDbAssocDependency
 90
2
 90
0
290
1
290
1
290
1
290
1
 90
-2147483648
330
F2C
290
0
330
0
330
0
360
0
 90
3
  0
ACDBASSOCVERTEXACTIONPARAM
  5
F3D
330
F38
100
AcDbAssocActionParam
 90
1
 90
0
  1
BaseNormal
100
AcDbAssocSingleDependencyActionParam
 90
0
330
0
100
AcDbAssocVertexActionParam
 90
0
 10
0.0
 20
0.0
 30
1.0
  0
ACDBASSOCVERTEXACTIONPARAM
  5
F3E
330
F38
100
AcDbAssocActionParam
 90
1
 90
0
  1
Origin
100
AcDbAssocSingleDependencyActionParam
 90
0
330
0
100
AcDbAssocVertexActionParam
 90
0
 10
2485.543253086313
 20
1626.241823642674
 30
-32.5
  0
ACDBASSOCVERTEXACTIONPARAM
  5
F3F
330
F38
100
AcDbAssocActionParam
 90
1
 90
0
  1
basePoint
100
AcDbAssocSingleDependencyActionParam
 90
0
330
0
100
AcDbAssocVertexActionParam
 90
0
 10
0.0
 20
0.0
 30
0.0
  0
ACDBASSOCARRAYACTIONBODY
  5
F77
330
F76
100
AcDbAssocActionBody
 90
2
100
AcDbAssocArrayActionBody
 90
1
  1
AcDbAssocArrayPolarParameters
 90
0
 90
7
  1
AcDbAssocArrayItem
100
AcDbAssocArrayItem
 90
0
 90
0
 90
0
 90
0
 90
8
 11
2585.543253086314
 21
1600.874536331566
 31
-123.7874041846087
330
F8C
100
AcDbAssocArrayItem
 90
0
 90
1
 90
0
 90
0
 90
12
 40
0.6234898018587341
 40
-0.7818314824680295
 40
0.0
 40
2605.376196930949
 40
0.7818314824680295
 40
0.6234898018587341
 40
0.0
 40
1610.425578703378
 40
0.0
 40
0.0
 40
1.0
 40
-123.7874041846087
 40
0.0
 40
0.0
 40
0.0
 40
1.0
330
F8D
100
AcDbAssocArrayItem
 90
0
 90
2
 90
0
 90
0
 90
12
 40
-0.222520933956314
 40
-0.9749279121818236
 40
0.0
 40
2610.274529542248
 40
0.9749279121818236
 40
-0.2225209339563138
 40
0.0
 40
1631.88657610708
 40
0.0
 40
0.0
 40
1.0
 40
-123.7874041846087
 40
0.0
 40
0.0
 40
0.0
 40
1.0
330
F8E
100
AcDbAssocArrayItem
 90
0
 90
3
 90
0
 90
0
 90
12
 40
-0.9009688679024188
 40
-0.4338837391175589
 40
0.0
 40
2596.549706556126
 40
0.4338837391175585
 40
-0.9009688679024186
 40
0.0
 40
1649.096959773118
 40
0.0
 40
0.0
 40
1.0
 40
-123.7874041846087
 40
0.0
 40
0.0
 40
0.0
 40
1.0
330
F8F
100
AcDbAssocArrayItem
 90
0
 90
4
 90
0
 90
0
 90
12
 40
-0.9009688679024191
 40
0.4338837391175571
 40
0.0
 40
2574.536799616499
 40
-0.4338837391175577
 40
-0.9009688679024197
 40
0.0
 40
1649.096959773118
 40
0.0
 40
0.0
 40
1.0
 40
-123.7874041846087
 40
0.0
 40
0.0
 40
0.0
 40
1.0
330
F90
100
AcDbAssocArrayItem
 90
0
 90
5
 90
0
 90
0
 90
12
 40
-0.2225209339563131
 40
0.9749279121818236
 40
0.0
 40
2560.811976630378
 40
-0.974927912181824
 40
-0.2225209339563142
 40
0.0
 40
1631.886576107079
 40
0.0
 40
0.0
 40
1.0
 40
-123.7874041846087
 40
0.0
 40
0.0
 40
0.0
 40
1.0
330
F91
100
AcDbAssocArrayItem
 90
0
 90
6
 90
0
 90
0
 90
12
 40
0.6234898018587332
 40
0.7818314824680311
 40
0.0
 40
2565.710309241677
 40
-0.7818314824680302
 40
0.6234898018587323
 40
0.0
 40
1610.425578703377
 40
0.0
 40
0.0
 40
1.0
 40
-123.7874041846087
 40
0.0
 40
0.0
 40
0.0
 40
1.0
330
F92
 40
1.0
 40
0.0
 40
0.0
 40
4926.650434195681
 40
0.0
 40
1.0
 40
0.0
 40
-70.43859522881189
 40
0.0
 40
0.0
 40
1.0
 40
-2017.5
 40
0.0
 40
0.0
 40
0.0
 40
1.0
  0
ACDBASSOCDEPENDENCY
  5
F78
330
F76
100
AcDbAssocDependency
 90
2
 90
0
290
0
290
1
290
1
290
1
 90
0
330
F8A
290
0
330
0
330
0
360
0
 90
1
  0
ACDBASSOCDEPENDENCY
  5
F79
330
F76
100
AcDbAssocDependency
 90
2
 90
0
290
1
290
0
290
1
290
1
 90
0
330
F86
290
0
330
0
330
0
360
0
 90
2
  0
ACDBASSOCDEPENDENCY
  5
F7A
330
F76
100
AcDbAssocDependency
 90
2
 90
0
290
1
290
1
290
1
290
1
 90
-2147483648
330
F71
290
0
330
0
330
0
360
0
 90
3
  0
ACDBASSOCVERTEXACTIONPARAM
  5
F7B
330
F76
100
AcDbAssocActionParam
 90
1
 90
0
  1
BaseNormal
100
AcDbAssocSingleDependencyActionParam
 90
0
330
0
100
AcDbAssocVertexActionParam
 90
0
 10
0.0
 20
0.0
 30
1.0
  0
ACDBASSOCVERTEXACTIONPARAM
  5
F7C
330
F76
100
AcDbAssocActionParam
 90
1
 90
0
  1
Origin
100
AcDbAssocSingleDependencyActionParam
 90
0
330
0
100
AcDbAssocVertexActionParam
 90
0
 10
2585.543253086313
 20
1626.241823642674
 30
-123.7874041846087
  0
ACDBASSOCVERTEXACTIONPARAM
  5
F7D
330
F76
100
AcDbAssocActionParam
 90
1
 90
0
  1
basePoint
100
AcDbAssocSingleDependencyActionParam
 90
0
330
0
100
AcDbAssocVertexActionParam
 90
0
 10
0.0
 20
0.0
 30
0.0
  0
ACDBASSOCARRAYACTIONBODY
  5
F7F
330
F7E
100
AcDbAssocActionBody
 90
2
100
AcDbAssocArrayActionBody
 90
1
  1
AcDbAssocArrayPolarParameters
 90
0
 90
24
  1
AcDbAssocArrayItem
100
AcDbAssocArrayItem
 90
0
 90
0
 90
0
 90
0
 90
8
 11
2510.543253086313
 21
1626.241823642674
 31
-32.5
330
F9A
100
AcDbAssocArrayItem
 90
0
 90
1
 90
0
 90
0
 90
12
 40
0.9659258262890688
 40
-0.2588190451025206
 40
0.0
 40
2509.69139874354
 40
0.2588190451025201
 40
0.9659258262890688
 40
0.0
 40
1632.712299770236
 40
0.0
 40
0.0
 40
1.0
 40
-32.5
 40
0.0
 40
0.0
 40
0.0
 40
1.0
330
F9B
100
AcDbAssocArrayItem
 90
0
 90
2
 90
0
 90
0
 90
12
 40
0.8660254037844397
 40
-0.4999999999999999
 40
0.0
 40
2507.193888180924
 40
0.4999999999999986
 40
0.866025403784439
 40
0.0
 40
1638.741823642674
 40
0.0
 40
0.0
 40
1.0
 40
-32.5
 40
0.0
 40
0.0
 40
0.0
 40
1.0
330
F9C
100
AcDbAssocArrayItem
 90
0
 90
3
 90
0
 90
0
 90
12
 40
0.7071067811865493
 40
-0.7071067811865475
 40
0.0
 40
2503.220922615976
 40
0.7071067811865462
 40
0.7071067811865479
 40
0.0
 40
1643.919493172337
 40
0.0
 40
0.0
 40
1.0
 40
-32.5
 40
0.0
 40
0.0
 40
0.0
 40
1.0
330
F9D
100
AcDbAssocArrayItem
 90
0
 90
4
 90
0
 90
0
 90
12
 40
0.5000000000000026
 40
-0.8660254037844385
 40
0.0
 40
2498.043253086313
 40
0.8660254037844376
 40
0.5000000000000006
 40
0.0
 40
1647.892458737285
 40
0.0
 40
0.0
 40
1.0
 40
-32.5
 40
0.0
 40
0.0
 40
0.0
 40
1.0
330
F9E
100
AcDbAssocArrayItem
 90
0
 90
5
 90
0
 90
0
 90
12
 40
0.2588190451025245
 40
-0.9659258262890684
 40
0.0
 40
2492.013729213876
 40
0.9659258262890675
 40
0.2588190451025211
 40
0.0
 40
1650.3899692999
 40
0.0
 40
0.0
 40
1.0
 40
-32.5
 40
0.0
 40
0.0
 40
0.0
 40
1.0
330
F9F
100
AcDbAssocArrayItem
 90
0
 90
6
 90
0
 90
0
 90
12
 40
4.7e-15
 40
-1.0
 40
0.0
 40
2485.543253086313
 40
1.0
 40
5e-16
 40
0.0
 40
1651.241823642674
 40
0.0
 40
0.0
 40
1.0
 40
-32.5
 40
0.0
 40
0.0
 40
0.0
 40
1.0
330
FA0
100
AcDbAssocArrayItem
 90
0
 90
7
 90
0
 90
0
 90
12
 40
-0.2588190451025161
 40
-0.9659258262890688
 40
0.0
 40
2479.07277695875
 40
0.9659258262890698
 40
-0.2588190451025205
 40
0.0
 40
1650.3899692999
 40
0.0
 40
0.0
 40
1.0
 40
-32.5
 40
0.0
 40
0.0
 40
0.0
 40
1.0
330
FA1
100
AcDbAssocArrayItem
 90
0
 90
8
 90
0
 90
0
 90
12
 40
-0.4999999999999955
 40
-0.866025403784439
 40
0.0
 40
2473.043253086313
 40
0.8660254037844415
 40
-0.4999999999999998
 40
0.0
 40
1647.892458737285
 40
0.0
 40
0.0
 40
1.0
 40
-32.5
 40
0.0
 40
0.0
 40
0.0
 40
1.0
330
FA2
100
AcDbAssocArrayItem
 90
0
 90
9
 90
0
 90
0
 90
12
 40
-0.7071067811865442
 40
-0.7071067811865479
 40
0.0
 40
2467.865583556649
 40
0.7071067811865513
 40
-0.7071067811865476
 40
0.0
 40
1643.919493172337
 40
0.0
 40
0.0
 40
1.0
 40
-32.5
 40
0.0
 40
0.0
 40
0.0
 40
1.0
330
FA3
100
AcDbAssocArrayItem
 90
0
 90
10
 90
0
 90
0
 90
12
 40
-0.8660254037844364
 40
-0.5000000000000002
 40
0.0
 40
2463.892617991702
 40
0.5000000000000047
 40
-0.8660254037844389
 40
0.0
 40
1638.741823642674
 40
0.0
 40
0.0
 40
1.0
 40
-32.5
 40
0.0
 40
0.0
 40
0.0
 40
1.0
330
FA4
100
AcDbAssocArrayItem
 90
0
 90
11
 90
0
 90
0
 90
12
 40
-0.965925826289067
 40
-0.2588190451025209
 40
0.0
 40
2461.395107429086
 40
0.2588190451025263
 40
-0.9659258262890684
 40
0.0
 40
1632.712299770236
 40
0.0
 40
0.0
 40
1.0
 40
-32.5
 40
0.0
 40
0.0
 40
0.0
 40
1.0
330
FA5
100
AcDbAssocArrayItem
 90
0
 90
12
 90
0
 90
0
 90
12
 40
-1.0
 40
-8e-16
 40
0.0
 40
2460.543253086313
 40
6.7e-15
 40
-1.0
 40
0.0
 40
1626.241823642674
 40
0.0
 40
0.0
 40
1.0
 40
-32.5
 40
0.0
 40
0.0
 40
0.0
 40
1.0
330
FA6
100
AcDbAssocArrayItem
 90
0
 90
13
 90
0
 90
0
 90
12
 40
-0.9659258262890702
 40
0.2588190451025202
 40
0.0
 40
2461.395107429086
 40
-0.2588190451025143
 40
-0.9659258262890688
 40
0.0
 40
1619.771347515111
 40
0.0
 40
0.0
 40
1.0
 40
-32.5
 40
0.0
 40
0.0
 40
0.0
 40
1.0
330
FA7
100
AcDbAssocArrayItem
 90
0
 90
14
 90
0
 90
0
 90
12
 40
-0.8660254037844421
 40
0.4999999999999997
 40
0.0
 40
2463.892617991702
 40
-0.4999999999999946
 40
-0.866025403784439
 40
0.0
 40
1613.741823642674
 40
0.0
 40
0.0
 40
1.0
 40
-32.5
 40
0.0
 40
0.0
 40
0.0
 40
1.0
330
FA8
100
AcDbAssocArrayItem
 90
0
 90
15
 90
0
 90
0
 90
12
 40
-0.7071067811865526
 40
0.7071067811865471
 40
0.0
 40
2467.865583556649
 40
-0.7071067811865428
 40
-0.707106781186548
 40
0.0
 40
1608.56415411301
 40
0.0
 40
0.0
 40
1.0
 40
-32.5
 40
0.0
 40
0.0
 40
0.0
 40
1.0
330
FA9
100
AcDbAssocArrayItem
 90
0
 90
16
 90
0
 90
0
 90
12
 40
-0.5000000000000071
 40
0.8660254037844385
 40
0.0
 40
2473.043253086313
 40
-0.8660254037844349
 40
-0.5000000000000007
 40
0.0
 40
1604.591188548063
 40
0.0
 40
0.0
 40
1.0
 40
-32.5
 40
0.0
 40
0.0
 40
0.0
 40
1.0
330
FAA
100
AcDbAssocArrayItem
 90
0
 90
17
 90
0
 90
0
 90
12
 40
-0.2588190451025291
 40
0.9659258262890684
 40
0.0
 40
2479.07277695875
 40
-0.9659258262890663
 40
-0.258819045102521
 40
0.0
 40
1602.093677985447
 40
0.0
 40
0.0
 40
1.0
 40
-32.5
 40
0.0
 40
0.0
 40
0.0
 40
1.0
330
FAB
100
AcDbAssocArrayItem
 90
0
 90
18
 90
0
 90
0
 90
12
 40
-9.1e-15
 40
1.0
 40
0.0
 40
2485.543253086313
 40
-1.0
 40
-4e-16
 40
0.0
 40
1601.241823642674
 40
0.0
 40
0.0
 40
1.0
 40
-32.5
 40
0.0
 40
0.0
 40
0.0
 40
1.0
330
FAC
100
AcDbAssocArrayItem
 90
0
 90
19
 90
0
 90
0
 90
12
 40
0.2588190451025115
 40
0.9659258262890688
 40
0.0
 40
2492.013729213876
 40
-0.9659258262890711
 40
0.2588190451025201
 40
0.0
 40
1602.093677985447
 40
0.0
 40
0.0
 40
1.0
 40
-32.5
 40
0.0
 40
0.0
 40
0.0
 40
1.0
330
FAD
100
AcDbAssocArrayItem
 90
0
 90
20
 90
0
 90
0
 90
12
 40
0.4999999999999921
 40
0.8660254037844389
 40
0.0
 40
2498.043253086313
 40
-0.8660254037844435
 40
0.5
 40
0.0
 40
1604.591188548063
 40
0.0
 40
0.0
 40
1.0
 40
-32.5
 40
0.0
 40
0.0
 40
0.0
 40
1.0
330
FAE
100
AcDbAssocArrayItem
 90
0
 90
21
 90
0
 90
0
 90
12
 40
0.7071067811865399
 40
0.7071067811865487
 40
0.0
 40
2503.220922615976
 40
-0.7071067811865555
 40
0.7071067811865467
 40
0.0
 40
1608.56415411301
 40
0.0
 40
0.0
 40
1.0
 40
-32.5
 40
0.0
 40
0.0
 40
0.0
 40
1.0
330
FAF
100
AcDbAssocArrayItem
 90
0
 90
22
 90
0
 90
0
 90
12
 40
0.866025403784434
 40
0.5
 40
0.0
 40
2507.193888180924
 40
-0.5000000000000089
 40
0.866025403784439
 40
0.0
 40
1613.741823642674
 40
0.0
 40
0.0
 40
1.0
 40
-32.5
 40
0.0
 40
0.0
 40
0.0
 40
1.0
330
FB0
100
AcDbAssocArrayItem
 90
0
 90
23
 90
0
 90
0
 90
12
 40
0.9659258262890656
 40
0.2588190451025218
 40
0.0
 40
2509.69139874354
 40
-0.2588190451025323
 40
0.9659258262890681
 40
0.0
 40
1619.771347515111
 40
0.0
 40
0.0
 40
1.0
 40
-32.5
 40
0.0
 40
0.0
 40
0.0
 40
1.0
330
FB1
 40
1.0
 40
0.0
 40
0.0
 40
5026.650434195681
 40
0.0
 40
1.0
 40
0.0
 40
-70.43859522881189
 40
0.0
 40
0.0
 40
1.0
 40
-2020.0
 40
0.0
 40
0.0
 40
0.0
 40
1.0
  0
ACDBASSOCDEPENDENCY
  5
F80
330
F7E
100
AcDbAssocDependency
 90
2
 90
0
290
0
290
1
290
1
290
1
 90
0
330
F98
290
0
330
0
330
0
360
0
 90
1
  0
ACDBASSOCDEPENDENCY
  5
F81
330
F7E
100
AcDbAssocDependency
 90
2
 90
0
290
1
290
0
290
1
290
1
 90
0
330
F94
290
0
330
0
330
0
360
0
 90
2
  0
ACDBASSOCDEPENDENCY
  5
F82
330
F7E
100
AcDbAssocDependency
 90
2
 90
0
290
1
290
1
290
1
290
1
 90
-2147483648
330
F72
290
0
330
0
330
0
360
0
 90
3
  0
ACDBASSOCVERTEXACTIONPARAM
  5
F83
330
F7E
100
AcDbAssocActionParam
 90
1
 90
0
  1
BaseNormal
100
AcDbAssocSingleDependencyActionParam
 90
0
330
0
100
AcDbAssocVertexActionParam
 90
0
 10
0.0
 20
0.0
 30
1.0
  0
ACDBASSOCVERTEXACTIONPARAM
  5
F84
330
F7E
100
AcDbAssocActionParam
 90
1
 90
0
  1
Origin
100
AcDbAssocSingleDependencyActionParam
 90
0
330
0
100
AcDbAssocVertexActionParam
 90
0
 10
2485.543253086313
 20
1626.241823642674
 30
-32.5
  0
ACDBASSOCVERTEXACTIONPARAM
  5
F85
330
F7E
100
AcDbAssocActionParam
 90
1
 90
0
  1
basePoint
100
AcDbAssocSingleDependencyActionParam
 90
0
330
0
100
AcDbAssocVertexActionParam
 90
0
 10
0.0
 20
0.0
 30
0.0
  0
ACDBASSOCARRAYACTIONBODY
  5
FBD
330
FBC
100
AcDbAssocActionBody
 90
2
100
AcDbAssocArrayActionBody
 90
1
  1
AcDbAssocArrayPolarParameters
 90
0
 90
7
  1
AcDbAssocArrayItem
100
AcDbAssocArrayItem
 90
0
 90
0
 90
0
 90
0
 90
8
 11
2585.543253086314
 21
1600.874536331566
 31
-123.7874041846087
330
FD2
100
AcDbAssocArrayItem
 90
0
 90
1
 90
0
 90
0
 90
12
 40
0.6234898018587341
 40
-0.7818314824680295
 40
0.0
 40
2605.376196930949
 40
0.7818314824680295
 40
0.6234898018587341
 40
0.0
 40
1610.425578703378
 40
0.0
 40
0.0
 40
1.0
 40
-123.7874041846087
 40
0.0
 40
0.0
 40
0.0
 40
1.0
330
FD3
100
AcDbAssocArrayItem
 90
0
 90
2
 90
0
 90
0
 90
12
 40
-0.222520933956314
 40
-0.9749279121818236
 40
0.0
 40
2610.274529542248
 40
0.9749279121818236
 40
-0.2225209339563138
 40
0.0
 40
1631.88657610708
 40
0.0
 40
0.0
 40
1.0
 40
-123.7874041846087
 40
0.0
 40
0.0
 40
0.0
 40
1.0
330
FD4
100
AcDbAssocArrayItem
 90
0
 90
3
 90
0
 90
0
 90
12
 40
-0.9009688679024188
 40
-0.4338837391175589
 40
0.0
 40
2596.549706556126
 40
0.4338837391175585
 40
-0.9009688679024186
 40
0.0
 40
1649.096959773118
 40
0.0
 40
0.0
 40
1.0
 40
-123.7874041846087
 40
0.0
 40
0.0
 40
0.0
 40
1.0
330
FD5
100
AcDbAssocArrayItem
 90
0
 90
4
 90
0
 90
0
 90
12
 40
-0.9009688679024191
 40
0.4338837391175571
 40
0.0
 40
2574.536799616499
 40
-0.4338837391175577
 40
-0.9009688679024197
 40
0.0
 40
1649.096959773118
 40
0.0
 40
0.0
 40
1.0
 40
-123.7874041846087
 40
0.0
 40
0.0
 40
0.0
 40
1.0
330
FD6
100
AcDbAssocArrayItem
 90
0
 90
5
 90
0
 90
0
 90
12
 40
-0.2225209339563131
 40
0.9749279121818236
 40
0.0
 40
2560.811976630378
 40
-0.974927912181824
 40
-0.2225209339563142
 40
0.0
 40
1631.886576107079
 40
0.0
 40
0.0
 40
1.0
 40
-123.7874041846087
 40
0.0
 40
0.0
 40
0.0
 40
1.0
330
FD7
100
AcDbAssocArrayItem
 90
0
 90
6
 90
0
 90
0
 90
12
 40
0.6234898018587332
 40
0.7818314824680311
 40
0.0
 40
2565.710309241677
 40
-0.7818314824680302
 40
0.6234898018587323
 40
0.0
 40
1610.425578703377
 40
0.0
 40
0.0
 40
1.0
 40
-123.7874041846087
 40
0.0
 40
0.0
 40
0.0
 40
1.0
330
FD8
 40
1.0
 40
0.0
 40
0.0
 40
4926.650434195678
 40
0.0
 40
1.0
 40
0.0
 40
79.56140477118811
 40
0.0
 40
0.0
 40
1.0
 40
-1867.5
 40
0.0
 40
0.0
 40
0.0
 40
1.0
  0
ACDBASSOCDEPENDENCY
  5
FBE
330
FBC
100
AcDbAssocDependency
 90
2
 90
0
290
0
290
1
290
1
290
1
 90
0
330
FD0
290
0
330
0
330
0
360
0
 90
1
  0
ACDBASSOCDEPENDENCY
  5
FBF
330
FBC
100
AcDbAssocDependency
 90
2
 90
0
290
1
290
0
290
1
290
1
 90
0
330
FCC
290
0
330
0
330
0
360
0
 90
2
  0
ACDBASSOCDEPENDENCY
  5
FC0
330
FBC
100
AcDbAssocDependency
 90
2
 90
0
290
1
290
1
290
1
290
1
 90
-2147483648
330
FB7
290
0
330
0
330
0
360
0
 90
3
  0
ACDBASSOCVERTEXACTIONPARAM
  5
FC1
330
FBC
100
AcDbAssocActionParam
 90
1
 90
0
  1
BaseNormal
100
AcDbAssocSingleDependencyActionParam
 90
0
330
0
100
AcDbAssocVertexActionParam
 90
0
 10
0.0
 20
0.0
 30
1.0
  0
ACDBASSOCVERTEXACTIONPARAM
  5
FC2
330
FBC
100
AcDbAssocActionParam
 90
1
 90
0
  1
Origin
100
AcDbAssocSingleDependencyActionParam
 90
0
330
0
100
AcDbAssocVertexActionParam
 90
0
 10
2585.543253086313
 20
1626.241823642674
 30
-123.7874041846087
  0
ACDBASSOCVERTEXACTIONPARAM
  5
FC3
330
FBC
100
AcDbAssocActionParam
 90
1
 90
0
  1
basePoint
100
AcDbAssocSingleDependencyActionParam
 90
0
330
0
100
AcDbAssocVertexActionParam
 90
0
 10
0.0
 20
0.0
 30
0.0
  0
ACDBASSOCARRAYACTIONBODY
  5
FC5
330
FC4
100
AcDbAssocActionBody
 90
2
100
AcDbAssocArrayActionBody
 90
1
  1
AcDbAssocArrayPolarParameters
 90
0
 90
24
  1
AcDbAssocArrayItem
100
AcDbAssocArrayItem
 90
0
 90
0
 90
0
 90
0
 90
8
 11
2510.543253086313
 21
1626.241823642674
 31
-32.5
330
FE0
100
AcDbAssocArrayItem
 90
0
 90
1
 90
0
 90
0
 90
12
 40
0.9659258262890688
 40
-0.2588190451025206
 40
0.0
 40
2509.69139874354
 40
0.2588190451025201
 40
0.9659258262890688
 40
0.0
 40
1632.712299770236
 40
0.0
 40
0.0
 40
1.0
 40
-32.5
 40
0.0
 40
0.0
 40
0.0
 40
1.0
330
FE1
100
AcDbAssocArrayItem
 90
0
 90
2
 90
0
 90
0
 90
12
 40
0.8660254037844397
 40
-0.4999999999999999
 40
0.0
 40
2507.193888180924
 40
0.4999999999999986
 40
0.866025403784439
 40
0.0
 40
1638.741823642674
 40
0.0
 40
0.0
 40
1.0
 40
-32.5
 40
0.0
 40
0.0
 40
0.0
 40
1.0
330
FE2
100
AcDbAssocArrayItem
 90
0
 90
3
 90
0
 90
0
 90
12
 40
0.7071067811865493
 40
-0.7071067811865475
 40
0.0
 40
2503.220922615976
 40
0.7071067811865462
 40
0.7071067811865479
 40
0.0
 40
1643.919493172337
 40
0.0
 40
0.0
 40
1.0
 40
-32.5
 40
0.0
 40
0.0
 40
0.0
 40
1.0
330
FE3
100
AcDbAssocArrayItem
 90
0
 90
4
 90
0
 90
0
 90
12
 40
0.5000000000000026
 40
-0.8660254037844385
 40
0.0
 40
2498.043253086313
 40
0.8660254037844376
 40
0.5000000000000006
 40
0.0
 40
1647.892458737285
 40
0.0
 40
0.0
 40
1.0
 40
-32.5
 40
0.0
 40
0.0
 40
0.0
 40
1.0
330
FE4
100
AcDbAssocArrayItem
 90
0
 90
5
 90
0
 90
0
 90
12
 40
0.2588190451025245
 40
-0.9659258262890684
 40
0.0
 40
2492.013729213876
 40
0.9659258262890675
 40
0.2588190451025211
 40
0.0
 40
1650.3899692999
 40
0.0
 40
0.0
 40
1.0
 40
-32.5
 40
0.0
 40
0.0
 40
0.0
 40
1.0
330
FE5
100
AcDbAssocArrayItem
 90
0
 90
6
 90
0
 90
0
 90
12
 40
4.7e-15
 40
-1.0
 40
0.0
 40
2485.543253086313
 40
1.0
 40
5e-16
 40
0.0
 40
1651.241823642674
 40
0.0
 40
0.0
 40
1.0
 40
-32.5
 40
0.0
 40
0.0
 40
0.0
 40
1.0
330
FE6
100
AcDbAssocArrayItem
 90
0
 90
7
 90
0
 90
0
 90
12
 40
-0.2588190451025161
 40
-0.9659258262890688
 40
0.0
 40
2479.07277695875
 40
0.9659258262890698
 40
-0.2588190451025205
 40
0.0
 40
1650.3899692999
 40
0.0
 40
0.0
 40
1.0
 40
-32.5
 40
0.0
 40
0.0
 40
0.0
 40
1.0
330
FE7
100
AcDbAssocArrayItem
 90
0
 90
8
 90
0
 90
0
 90
12
 40
-0.4999999999999955
 40
-0.866025403784439
 40
0.0
 40
2473.043253086313
 40
0.8660254037844415
 40
-0.4999999999999998
 40
0.0
 40
1647.892458737285
 40
0.0
 40
0.0
 40
1.0
 40
-32.5
 40
0.0
 40
0.0
 40
0.0
 40
1.0
330
FE8
100
AcDbAssocArrayItem
 90
0
 90
9
 90
0
 90
0
 90
12
 40
-0.7071067811865442
 40
-0.7071067811865479
 40
0.0
 40
2467.865583556649
 40
0.7071067811865513
 40
-0.7071067811865476
 40
0.0
 40
1643.919493172337
 40
0.0
 40
0.0
 40
1.0
 40
-32.5
 40
0.0
 40
0.0
 40
0.0
 40
1.0
330
FE9
100
AcDbAssocArrayItem
 90
0
 90
10
 90
0
 90
0
 90
12
 40
-0.8660254037844364
 40
-0.5000000000000002
 40
0.0
 40
2463.892617991702
 40
0.5000000000000047
 40
-0.8660254037844389
 40
0.0
 40
1638.741823642674
 40
0.0
 40
0.0
 40
1.0
 40
-32.5
 40
0.0
 40
0.0
 40
0.0
 40
1.0
330
FEA
100
AcDbAssocArrayItem
 90
0
 90
11
 90
0
 90
0
 90
12
 40
-0.965925826289067
 40
-0.2588190451025209
 40
0.0
 40
2461.395107429086
 40
0.2588190451025263
 40
-0.9659258262890684
 40
0.0
 40
1632.712299770236
 40
0.0
 40
0.0
 40
1.0
 40
-32.5
 40
0.0
 40
0.0
 40
0.0
 40
1.0
330
FEB
100
AcDbAssocArrayItem
 90
0
 90
12
 90
0
 90
0
 90
12
 40
-1.0
 40
-8e-16
 40
0.0
 40
2460.543253086313
 40
6.7e-15
 40
-1.0
 40
0.0
 40
1626.241823642674
 40
0.0
 40
0.0
 40
1.0
 40
-32.5
 40
0.0
 40
0.0
 40
0.0
 40
1.0
330
FEC
100
AcDbAssocArrayItem
 90
0
 90
13
 90
0
 90
0
 90
12
 40
-0.9659258262890702
 40
0.2588190451025202
 40
0.0
 40
2461.395107429086
 40
-0.2588190451025143
 40
-0.9659258262890688
 40
0.0
 40
1619.771347515111
 40
0.0
 40
0.0
 40
1.0
 40
-32.5
 40
0.0
 40
0.0
 40
0.0
 40
1.0
330
FED
100
AcDbAssocArrayItem
 90
0
 90
14
 90
0
 90
0
 90
12
 40
-0.8660254037844421
 40
0.4999999999999997
 40
0.0
 40
2463.892617991702
 40
-0.4999999999999946
 40
-0.866025403784439
 40
0.0
 40
1613.741823642674
 40
0.0
 40
0.0
 40
1.0
 40
-32.5
 40
0.0
 40
0.0
 40
0.0
 40
1.0
330
FEE
100
AcDbAssocArrayItem
 90
0
 90
15
 90
0
 90
0
 90
12
 40
-0.7071067811865526
 40
0.7071067811865471
 40
0.0
 40
2467.865583556649
 40
-0.7071067811865428
 40
-0.707106781186548
 40
0.0
 40
1608.56415411301
 40
0.0
 40
0.0
 40
1.0
 40
-32.5
 40
0.0
 40
0.0
 40
0.0
 40
1.0
330
FEF
100
AcDbAssocArrayItem
 90
0
 90
16
 90
0
 90
0
 90
12
 40
-0.5000000000000071
 40
0.8660254037844385
 40
0.0
 40
2473.043253086313
 40
-0.8660254037844349
 40
-0.5000000000000007
 40
0.0
 40
1604.591188548063
 40
0.0
 40
0.0
 40
1.0
 40
-32.5
 40
0.0
 40
0.0
 40
0.0
 40
1.0
330
FF0
100
AcDbAssocArrayItem
 90
0
 90
17
 90
0
 90
0
 90
12
 40
-0.2588190451025291
 40
0.9659258262890684
 40
0.0
 40
2479.07277695875
 40
-0.9659258262890663
 40
-0.258819045102521
 40
0.0
 40
1602.093677985447
 40
0.0
 40
0.0
 40
1.0
 40
-32.5
 40
0.0
 40
0.0
 40
0.0
 40
1.0
330
FF1
100
AcDbAssocArrayItem
 90
0
 90
18
 90
0
 90
0
 90
12
 40
-9.1e-15
 40
1.0
 40
0.0
 40
2485.543253086313
 40
-1.0
 40
-4e-16
 40
0.0
 40
1601.241823642674
 40
0.0
 40
0.0
 40
1.0
 40
-32.5
 40
0.0
 40
0.0
 40
0.0
 40
1.0
330
FF2
100
AcDbAssocArrayItem
 90
0
 90
19
 90
0
 90
0
 90
12
 40
0.2588190451025115
 40
0.9659258262890688
 40
0.0
 40
2492.013729213876
 40
-0.9659258262890711
 40
0.2588190451025201
 40
0.0
 40
1602.093677985447
 40
0.0
 40
0.0
 40
1.0
 40
-32.5
 40
0.0
 40
0.0
 40
0.0
 40
1.0
330
FF3
100
AcDbAssocArrayItem
 90
0
 90
20
 90
0
 90
0
 90
12
 40
0.4999999999999921
 40
0.8660254037844389
 40
0.0
 40
2498.043253086313
 40
-0.8660254037844435
 40
0.5
 40
0.0
 40
1604.591188548063
 40
0.0
 40
0.0
 40
1.0
 40
-32.5
 40
0.0
 40
0.0
 40
0.0
 40
1.0
330
FF4
100
AcDbAssocArrayItem
 90
0
 90
21
 90
0
 90
0
 90
12
 40
0.7071067811865399
 40
0.7071067811865487
 40
0.0
 40
2503.220922615976
 40
-0.7071067811865555
 40
0.7071067811865467
 40
0.0
 40
1608.56415411301
 40
0.0
 40
0.0
 40
1.0
 40
-32.5
 40
0.0
 40
0.0
 40
0.0
 40
1.0
330
FF5
100
AcDbAssocArrayItem
 90
0
 90
22
 90
0
 90
0
 90
12
 40
0.866025403784434
 40
0.5
 40
0.0
 40
2507.193888180924
 40
-0.5000000000000089
 40
0.866025403784439
 40
0.0
 40
1613.741823642674
 40
0.0
 40
0.0
 40
1.0
 40
-32.5
 40
0.0
 40
0.0
 40
0.0
 40
1.0
330
FF6
100
AcDbAssocArrayItem
 90
0
 90
23
 90
0
 90
0
 90
12
 40
0.9659258262890656
 40
0.2588190451025218
 40
0.0
 40
2509.69139874354
 40
-0.2588190451025323
 40
0.9659258262890681
 40
0.0
 40
1619.771347515111
 40
0.0
 40
0.0
 40
1.0
 40
-32.5
 40
0.0
 40
0.0
 40
0.0
 40
1.0
330
FF7
 40
1.0
 40
0.0
 40
0.0
 40
5026.650434195679
 40
0.0
 40
1.0
 40
0.0
 40
79.56140477118811
 40
0.0
 40
0.0
 40
1.0
 40
-1870.0
 40
0.0
 40
0.0
 40
0.0
 40
1.0
  0
ACDBASSOCDEPENDENCY
  5
FC6
330
FC4
100
AcDbAssocDependency
 90
2
 90
0
290
0
290
1
290
1
290
1
 90
0
330
FDE
290
0
330
0
330
0
360
0
 90
1
  0
ACDBASSOCDEPENDENCY
  5
FC7
330
FC4
100
AcDbAssocDependency
 90
2
 90
0
290
1
290
0
290
1
290
1
 90
0
330
FDA
290
0
330
0
330
0
360
0
 90
2
  0
ACDBASSOCDEPENDENCY
  5
FC8
330
FC4
100
AcDbAssocDependency
 90
2
 90
0
290
1
290
1
290
1
290
1
 90
-2147483648
330
FB8
290
0
330
0
330
0
360
0
 90
3
  0
ACDBASSOCVERTEXACTIONPARAM
  5
FC9
330
FC4
100
AcDbAssocActionParam
 90
1
 90
0
  1
BaseNormal
100
AcDbAssocSingleDependencyActionParam
 90
0
330
0
100
AcDbAssocVertexActionParam
 90
0
 10
0.0
 20
0.0
 30
1.0
  0
ACDBASSOCVERTEXACTIONPARAM
  5
FCA
330
FC4
100
AcDbAssocActionParam
 90
1
 90
0
  1
Origin
100
AcDbAssocSingleDependencyActionParam
 90
0
330
0
100
AcDbAssocVertexActionParam
 90
0
 10
2485.543253086313
 20
1626.241823642674
 30
-32.5
  0
ACDBASSOCVERTEXACTIONPARAM
  5
FCB
330
FC4
100
AcDbAssocActionParam
 90
1
 90
0
  1
basePoint
100
AcDbAssocSingleDependencyActionParam
 90
0
330
0
100
AcDbAssocVertexActionParam
 90
0
 10
0.0
 20
0.0
 30
0.0
  0
ACDBASSOCARRAYACTIONBODY
  5
1003
330
1002
100
AcDbAssocActionBody
 90
2
100
AcDbAssocArrayActionBody
 90
1
  1
AcDbAssocArrayPolarParameters
 90
0
 90
7
  1
AcDbAssocArrayItem
100
AcDbAssocArrayItem
 90
0
 90
0
 90
0
 90
0
 90
8
 11
2585.543253086314
 21
1600.874536331566
 31
-123.7874041846087
330
1018
100
AcDbAssocArrayItem
 90
0
 90
1
 90
0
 90
0
 90
12
 40
0.6234898018587341
 40
-0.7818314824680295
 40
0.0
 40
2605.376196930949
 40
0.7818314824680295
 40
0.6234898018587341
 40
0.0
 40
1610.425578703378
 40
0.0
 40
0.0
 40
1.0
 40
-123.7874041846087
 40
0.0
 40
0.0
 40
0.0
 40
1.0
330
1019
100
AcDbAssocArrayItem
 90
0
 90
2
 90
0
 90
0
 90
12
 40
-0.222520933956314
 40
-0.9749279121818236
 40
0.0
 40
2610.274529542248
 40
0.9749279121818236
 40
-0.2225209339563138
 40
0.0
 40
1631.88657610708
 40
0.0
 40
0.0
 40
1.0
 40
-123.7874041846087
 40
0.0
 40
0.0
 40
0.0
 40
1.0
330
101A
100
AcDbAssocArrayItem
 90
0
 90
3
 90
0
 90
0
 90
12
 40
-0.9009688679024188
 40
-0.4338837391175589
 40
0.0
 40
2596.549706556126
 40
0.4338837391175585
 40
-0.9009688679024186
 40
0.0
 40
1649.096959773118
 40
0.0
 40
0.0
 40
1.0
 40
-123.7874041846087
 40
0.0
 40
0.0
 40
0.0
 40
1.0
330
101B
100
AcDbAssocArrayItem
 90
0
 90
4
 90
0
 90
0
 90
12
 40
-0.9009688679024191
 40
0.4338837391175571
 40
0.0
 40
2574.536799616499
 40
-0.4338837391175577
 40
-0.9009688679024197
 40
0.0
 40
1649.096959773118
 40
0.0
 40
0.0
 40
1.0
 40
-123.7874041846087
 40
0.0
 40
0.0
 40
0.0
 40
1.0
330
101C
100
AcDbAssocArrayItem
 90
0
 90
5
 90
0
 90
0
 90
12
 40
-0.2225209339563131
 40
0.9749279121818236
 40
0.0
 40
2560.811976630378
 40
-0.974927912181824
 40
-0.2225209339563142
 40
0.0
 40
1631.886576107079
 40
0.0
 40
0.0
 40
1.0
 40
-123.7874041846087
 40
0.0
 40
0.0
 40
0.0
 40
1.0
330
101D
100
AcDbAssocArrayItem
 90
0
 90
6
 90
0
 90
0
 90
12
 40
0.6234898018587332
 40
0.7818314824680311
 40
0.0
 40
2565.710309241677
 40
-0.7818314824680302
 40
0.6234898018587323
 40
0.0
 40
1610.425578703377
 40
0.0
 40
0.0
 40
1.0
 40
-123.7874041846087
 40
0.0
 40
0.0
 40
0.0
 40
1.0
330
101E
 40
1.0
 40
0.0
 40
0.0
 40
4926.650434195678
 40
0.0
 40
1.0
 40
0.0
 40
229.5614047711881
 40
0.0
 40
0.0
 40
1.0
 40
-1717.5
 40
0.0
 40
0.0
 40
0.0
 40
1.0
  0
ACDBASSOCDEPENDENCY
  5
1004
330
1002
100
AcDbAssocDependency
 90
2
 90
0
290
0
290
1
290
1
290
1
 90
0
330
1016
290
0
330
0
330
0
360
0
 90
1
  0
ACDBASSOCDEPENDENCY
  5
1005
330
1002
100
AcDbAssocDependency
 90
2
 90
0
290
1
290
0
290
1
290
1
 90
0
330
1012
290
0
330
0
330
0
360
0
 90
2
  0
ACDBASSOCDEPENDENCY
  5
1006
330
1002
100
AcDbAssocDependency
 90
2
 90
0
290
1
290
1
290
1
290
1
 90
-2147483648
330
FFD
290
0
330
0
330
0
360
0
 90
3
  0
ACDBASSOCVERTEXACTIONPARAM
  5
1007
330
1002
100
AcDbAssocActionParam
 90
1
 90
0
  1
BaseNormal
100
AcDbAssocSingleDependencyActionParam
 90
0
330
0
100
AcDbAssocVertexActionParam
 90
0
 10
0.0
 20
0.0
 30
1.0
  0
ACDBASSOCVERTEXACTIONPARAM
  5
1008
330
1002
100
AcDbAssocActionParam
 90
1
 90
0
  1
Origin
100
AcDbAssocSingleDependencyActionParam
 90
0
330
0
100
AcDbAssocVertexActionParam
 90
0
 10
2585.543253086313
 20
1626.241823642674
 30
-123.7874041846087
  0
ACDBASSOCVERTEXACTIONPARAM
  5
1009
330
1002
100
AcDbAssocActionParam
 90
1
 90
0
  1
basePoint
100
AcDbAssocSingleDependencyActionParam
 90
0
330
0
100
AcDbAssocVertexActionParam
 90
0
 10
0.0
 20
0.0
 30
0.0
  0
ACDBASSOCARRAYACTIONBODY
  5
100B
330
100A
100
AcDbAssocActionBody
 90
2
100
AcDbAssocArrayActionBody
 90
1
  1
AcDbAssocArrayPolarParameters
 90
0
 90
24
  1
AcDbAssocArrayItem
100
AcDbAssocArrayItem
 90
0
 90
0
 90
0
 90
0
 90
8
 11
2510.543253086313
 21
1626.241823642674
 31
-32.5
330
1026
100
AcDbAssocArrayItem
 90
0
 90
1
 90
0
 90
0
 90
12
 40
0.9659258262890688
 40
-0.2588190451025206
 40
0.0
 40
2509.69139874354
 40
0.2588190451025201
 40
0.9659258262890688
 40
0.0
 40
1632.712299770236
 40
0.0
 40
0.0
 40
1.0
 40
-32.5
 40
0.0
 40
0.0
 40
0.0
 40
1.0
330
1027
100
AcDbAssocArrayItem
 90
0
 90
2
 90
0
 90
0
 90
12
 40
0.8660254037844397
 40
-0.4999999999999999
 40
0.0
 40
2507.193888180924
 40
0.4999999999999986
 40
0.866025403784439
 40
0.0
 40
1638.741823642674
 40
0.0
 40
0.0
 40
1.0
 40
-32.5
 40
0.0
 40
0.0
 40
0.0
 40
1.0
330
1028
100
AcDbAssocArrayItem
 90
0
 90
3
 90
0
 90
0
 90
12
 40
0.7071067811865493
 40
-0.7071067811865475
 40
0.0
 40
2503.220922615976
 40
0.7071067811865462
 40
0.7071067811865479
 40
0.0
 40
1643.919493172337
 40
0.0
 40
0.0
 40
1.0
 40
-32.5
 40
0.0
 40
0.0
 40
0.0
 40
1.0
330
1029
100
AcDbAssocArrayItem
 90
0
 90
4
 90
0
 90
0
 90
12
 40
0.5000000000000026
 40
-0.8660254037844385
 40
0.0
 40
2498.043253086313
 40
0.8660254037844376
 40
0.5000000000000006
 40
0.0
 40
1647.892458737285
 40
0.0
 40
0.0
 40
1.0
 40
-32.5
 40
0.0
 40
0.0
 40
0.0
 40
1.0
330
102A
100
AcDbAssocArrayItem
 90
0
 90
5
 90
0
 90
0
 90
12
 40
0.2588190451025245
 40
-0.9659258262890684
 40
0.0
 40
2492.013729213876
 40
0.9659258262890675
 40
0.2588190451025211
 40
0.0
 40
1650.3899692999
 40
0.0
 40
0.0
 40
1.0
 40
-32.5
 40
0.0
 40
0.0
 40
0.0
 40
1.0
330
102B
100
AcDbAssocArrayItem
 90
0
 90
6
 90
0
 90
0
 90
12
 40
4.7e-15
 40
-1.0
 40
0.0
 40
2485.543253086313
 40
1.0
 40
5e-16
 40
0.0
 40
1651.241823642674
 40
0.0
 40
0.0
 40
1.0
 40
-32.5
 40
0.0
 40
0.0
 40
0.0
 40
1.0
330
102C
100
AcDbAssocArrayItem
 90
0
 90
7
 90
0
 90
0
 90
12
 40
-0.2588190451025161
 40
-0.9659258262890688
 40
0.0
 40
2479.07277695875
 40
0.9659258262890698
 40
-0.2588190451025205
 40
0.0
 40
1650.3899692999
 40
0.0
 40
0.0
 40
1.0
 40
-32.5
 40
0.0
 40
0.0
 40
0.0
 40
1.0
330
102D
100
AcDbAssocArrayItem
 90
0
 90
8
 90
0
 90
0
 90
12
 40
-0.4999999999999955
 40
-0.866025403784439
 40
0.0
 40
2473.043253086313
 40
0.8660254037844415
 40
-0.4999999999999998
 40
0.0
 40
1647.892458737285
 40
0.0
 40
0.0
 40
1.0
 40
-32.5
 40
0.0
 40
0.0
 40
0.0
 40
1.0
330
102E
100
AcDbAssocArrayItem
 90
0
 90
9
 90
0
 90
0
 90
12
 40
-0.7071067811865442
 40
-0.7071067811865479
 40
0.0
 40
2467.865583556649
 40
0.7071067811865513
 40
-0.7071067811865476
 40
0.0
 40
1643.919493172337
 40
0.0
 40
0.0
 40
1.0
 40
-32.5
 40
0.0
 40
0.0
 40
0.0
 40
1.0
330
102F
100
AcDbAssocArrayItem
 90
0
 90
10
 90
0
 90
0
 90
12
 40
-0.8660254037844364
 40
-0.5000000000000002
 40
0.0
 40
2463.892617991702
 40
0.5000000000000047
 40
-0.8660254037844389
 40
0.0
 40
1638.741823642674
 40
0.0
 40
0.0
 40
1.0
 40
-32.5
 40
0.0
 40
0.0
 40
0.0
 40
1.0
330
1030
100
AcDbAssocArrayItem
 90
0
 90
11
 90
0
 90
0
 90
12
 40
-0.965925826289067
 40
-0.2588190451025209
 40
0.0
 40
2461.395107429086
 40
0.2588190451025263
 40
-0.9659258262890684
 40
0.0
 40
1632.712299770236
 40
0.0
 40
0.0
 40
1.0
 40
-32.5
 40
0.0
 40
0.0
 40
0.0
 40
1.0
330
1031
100
AcDbAssocArrayItem
 90
0
 90
12
 90
0
 90
0
 90
12
 40
-1.0
 40
-8e-16
 40
0.0
 40
2460.543253086313
 40
6.7e-15
 40
-1.0
 40
0.0
 40
1626.241823642674
 40
0.0
 40
0.0
 40
1.0
 40
-32.5
 40
0.0
 40
0.0
 40
0.0
 40
1.0
330
1032
100
AcDbAssocArrayItem
 90
0
 90
13
 90
0
 90
0
 90
12
 40
-0.9659258262890702
 40
0.2588190451025202
 40
0.0
 40
2461.395107429086
 40
-0.2588190451025143
 40
-0.9659258262890688
 40
0.0
 40
1619.771347515111
 40
0.0
 40
0.0
 40
1.0
 40
-32.5
 40
0.0
 40
0.0
 40
0.0
 40
1.0
330
1033
100
AcDbAssocArrayItem
 90
0
 90
14
 90
0
 90
0
 90
12
 40
-0.8660254037844421
 40
0.4999999999999997
 40
0.0
 40
2463.892617991702
 40
-0.4999999999999946
 40
-0.866025403784439
 40
0.0
 40
1613.741823642674
 40
0.0
 40
0.0
 40
1.0
 40
-32.5
 40
0.0
 40
0.0
 40
0.0
 40
1.0
330
1034
100
AcDbAssocArrayItem
 90
0
 90
15
 90
0
 90
0
 90
12
 40
-0.7071067811865526
 40
0.7071067811865471
 40
0.0
 40
2467.865583556649
 40
-0.7071067811865428
 40
-0.707106781186548
 40
0.0
 40
1608.56415411301
 40
0.0
 40
0.0
 40
1.0
 40
-32.5
 40
0.0
 40
0.0
 40
0.0
 40
1.0
330
1035
100
AcDbAssocArrayItem
 90
0
 90
16
 90
0
 90
0
 90
12
 40
-0.5000000000000071
 40
0.8660254037844385
 40
0.0
 40
2473.043253086313
 40
-0.8660254037844349
 40
-0.5000000000000007
 40
0.0
 40
1604.591188548063
 40
0.0
 40
0.0
 40
1.0
 40
-32.5
 40
0.0
 40
0.0
 40
0.0
 40
1.0
330
1036
100
AcDbAssocArrayItem
 90
0
 90
17
 90
0
 90
0
 90
12
 40
-0.2588190451025291
 40
0.9659258262890684
 40
0.0
 40
2479.07277695875
 40
-0.9659258262890663
 40
-0.258819045102521
 40
0.0
 40
1602.093677985447
 40
0.0
 40
0.0
 40
1.0
 40
-32.5
 40
0.0
 40
0.0
 40
0.0
 40
1.0
330
1037
100
AcDbAssocArrayItem
 90
0
 90
18
 90
0
 90
0
 90
12
 40
-9.1e-15
 40
1.0
 40
0.0
 40
2485.543253086313
 40
-1.0
 40
-4e-16
 40
0.0
 40
1601.241823642674
 40
0.0
 40
0.0
 40
1.0
 40
-32.5
 40
0.0
 40
0.0
 40
0.0
 40
1.0
330
1038
100
AcDbAssocArrayItem
 90
0
 90
19
 90
0
 90
0
 90
12
 40
0.2588190451025115
 40
0.9659258262890688
 40
0.0
 40
2492.013729213876
 40
-0.9659258262890711
 40
0.2588190451025201
 40
0.0
 40
1602.093677985447
 40
0.0
 40
0.0
 40
1.0
 40
-32.5
 40
0.0
 40
0.0
 40
0.0
 40
1.0
330
1039
100
AcDbAssocArrayItem
 90
0
 90
20
 90
0
 90
0
 90
12
 40
0.4999999999999921
 40
0.8660254037844389
 40
0.0
 40
2498.043253086313
 40
-0.8660254037844435
 40
0.5
 40
0.0
 40
1604.591188548063
 40
0.0
 40
0.0
 40
1.0
 40
-32.5
 40
0.0
 40
0.0
 40
0.0
 40
1.0
330
103A
100
AcDbAssocArrayItem
 90
0
 90
21
 90
0
 90
0
 90
12
 40
0.7071067811865399
 40
0.7071067811865487
 40
0.0
 40
2503.220922615976
 40
-0.7071067811865555
 40
0.7071067811865467
 40
0.0
 40
1608.56415411301
 40
0.0
 40
0.0
 40
1.0
 40
-32.5
 40
0.0
 40
0.0
 40
0.0
 40
1.0
330
103B
100
AcDbAssocArrayItem
 90
0
 90
22
 90
0
 90
0
 90
12
 40
0.866025403784434
 40
0.5
 40
0.0
 40
2507.193888180924
 40
-0.5000000000000089
 40
0.866025403784439
 40
0.0
 40
1613.741823642674
 40
0.0
 40
0.0
 40
1.0
 40
-32.5
 40
0.0
 40
0.0
 40
0.0
 40
1.0
330
103C
100
AcDbAssocArrayItem
 90
0
 90
23
 90
0
 90
0
 90
12
 40
0.9659258262890656
 40
0.2588190451025218
 40
0.0
 40
2509.69139874354
 40
-0.2588190451025323
 40
0.9659258262890681
 40
0.0
 40
1619.771347515111
 40
0.0
 40
0.0
 40
1.0
 40
-32.5
 40
0.0
 40
0.0
 40
0.0
 40
1.0
330
103D
 40
1.0
 40
0.0
 40
0.0
 40
5026.650434195679
 40
0.0
 40
1.0
 40
0.0
 40
229.5614047711881
 40
0.0
 40
0.0
 40
1.0
 40
-1720.0
 40
0.0
 40
0.0
 40
0.0
 40
1.0
  0
ACDBASSOCDEPENDENCY
  5
100C
330
100A
100
AcDbAssocDependency
 90
2
 90
0
290
0
290
1
290
1
290
1
 90
0
330
1024
290
0
330
0
330
0
360
0
 90
1
  0
ACDBASSOCDEPENDENCY
  5
100D
330
100A
100
AcDbAssocDependency
 90
2
 90
0
290
1
290
0
290
1
290
1
 90
0
330
1020
290
0
330
0
330
0
360
0
 90
2
  0
ACDBASSOCDEPENDENCY
  5
100E
330
100A
100
AcDbAssocDependency
 90
2
 90
0
290
1
290
1
290
1
290
1
 90
-2147483648
330
FFE
290
0
330
0
330
0
360
0
 90
3
  0
ACDBASSOCVERTEXACTIONPARAM
  5
100F
330
100A
100
AcDbAssocActionParam
 90
1
 90
0
  1
BaseNormal
100
AcDbAssocSingleDependencyActionParam
 90
0
330
0
100
AcDbAssocVertexActionParam
 90
0
 10
0.0
 20
0.0
 30
1.0
  0
ACDBASSOCVERTEXACTIONPARAM
  5
1010
330
100A
100
AcDbAssocActionParam
 90
1
 90
0
  1
Origin
100
AcDbAssocSingleDependencyActionParam
 90
0
330
0
100
AcDbAssocVertexActionParam
 90
0
 10
2485.543253086313
 20
1626.241823642674
 30
-32.5
  0
ACDBASSOCVERTEXACTIONPARAM
  5
1011
330
100A
100
AcDbAssocActionParam
 90
1
 90
0
  1
basePoint
100
AcDbAssocSingleDependencyActionParam
 90
0
330
0
100
AcDbAssocVertexActionParam
 90
0
 10
0.0
 20
0.0
 30
0.0
  0
ACDBASSOCARRAYACTIONBODY
  5
1049
330
1048
100
AcDbAssocActionBody
 90
2
100
AcDbAssocArrayActionBody
 90
1
  1
AcDbAssocArrayPolarParameters
 90
0
 90
7
  1
AcDbAssocArrayItem
100
AcDbAssocArrayItem
 90
0
 90
0
 90
0
 90
0
 90
8
 11
2585.543253086314
 21
1600.874536331566
 31
-123.7874041846087
330
105E
100
AcDbAssocArrayItem
 90
0
 90
1
 90
0
 90
0
 90
12
 40
0.6234898018587341
 40
-0.7818314824680295
 40
0.0
 40
2605.376196930949
 40
0.7818314824680295
 40
0.6234898018587341
 40
0.0
 40
1610.425578703378
 40
0.0
 40
0.0
 40
1.0
 40
-123.7874041846087
 40
0.0
 40
0.0
 40
0.0
 40
1.0
330
105F
100
AcDbAssocArrayItem
 90
0
 90
2
 90
0
 90
0
 90
12
 40
-0.222520933956314
 40
-0.9749279121818236
 40
0.0
 40
2610.274529542248
 40
0.9749279121818236
 40
-0.2225209339563138
 40
0.0
 40
1631.88657610708
 40
0.0
 40
0.0
 40
1.0
 40
-123.7874041846087
 40
0.0
 40
0.0
 40
0.0
 40
1.0
330
1060
100
AcDbAssocArrayItem
 90
0
 90
3
 90
0
 90
0
 90
12
 40
-0.9009688679024188
 40
-0.4338837391175589
 40
0.0
 40
2596.549706556126
 40
0.4338837391175585
 40
-0.9009688679024186
 40
0.0
 40
1649.096959773118
 40
0.0
 40
0.0
 40
1.0
 40
-123.7874041846087
 40
0.0
 40
0.0
 40
0.0
 40
1.0
330
1061
100
AcDbAssocArrayItem
 90
0
 90
4
 90
0
 90
0
 90
12
 40
-0.9009688679024191
 40
0.4338837391175571
 40
0.0
 40
2574.536799616499
 40
-0.4338837391175577
 40
-0.9009688679024197
 40
0.0
 40
1649.096959773118
 40
0.0
 40
0.0
 40
1.0
 40
-123.7874041846087
 40
0.0
 40
0.0
 40
0.0
 40
1.0
330
1062
100
AcDbAssocArrayItem
 90
0
 90
5
 90
0
 90
0
 90
12
 40
-0.2225209339563131
 40
0.9749279121818236
 40
0.0
 40
2560.811976630378
 40
-0.974927912181824
 40
-0.2225209339563142
 40
0.0
 40
1631.886576107079
 40
0.0
 40
0.0
 40
1.0
 40
-123.7874041846087
 40
0.0
 40
0.0
 40
0.0
 40
1.0
330
1063
100
AcDbAssocArrayItem
 90
0
 90
6
 90
0
 90
0
 90
12
 40
0.6234898018587332
 40
0.7818314824680311
 40
0.0
 40
2565.710309241677
 40
-0.7818314824680302
 40
0.6234898018587323
 40
0.0
 40
1610.425578703377
 40
0.0
 40
0.0
 40
1.0
 40
-123.7874041846087
 40
0.0
 40
0.0
 40
0.0
 40
1.0
330
1064
 40
1.0
 40
0.0
 40
0.0
 40
4926.650434195678
 40
0.0
 40
1.0
 40
0.0
 40
379.5614047711881
 40
0.0
 40
0.0
 40
1.0
 40
-1567.5
 40
0.0
 40
0.0
 40
0.0
 40
1.0
  0
ACDBASSOCDEPENDENCY
  5
104A
330
1048
100
AcDbAssocDependency
 90
2
 90
0
290
0
290
1
290
1
290
1
 90
0
330
105C
290
0
330
0
330
0
360
0
 90
1
  0
ACDBASSOCDEPENDENCY
  5
104B
330
1048
100
AcDbAssocDependency
 90
2
 90
0
290
1
290
0
290
1
290
1
 90
0
330
1058
290
0
330
0
330
0
360
0
 90
2
  0
ACDBASSOCDEPENDENCY
  5
104C
330
1048
100
AcDbAssocDependency
 90
2
 90
0
290
1
290
1
290
1
290
1
 90
-2147483648
330
1043
290
0
330
0
330
0
360
0
 90
3
  0
ACDBASSOCVERTEXACTIONPARAM
  5
104D
330
1048
100
AcDbAssocActionParam
 90
1
 90
0
  1
BaseNormal
100
AcDbAssocSingleDependencyActionParam
 90
0
330
0
100
AcDbAssocVertexActionParam
 90
0
 10
0.0
 20
0.0
 30
1.0
  0
ACDBASSOCVERTEXACTIONPARAM
  5
104E
330
1048
100
AcDbAssocActionParam
 90
1
 90
0
  1
Origin
100
AcDbAssocSingleDependencyActionParam
 90
0
330
0
100
AcDbAssocVertexActionParam
 90
0
 10
2585.543253086313
 20
1626.241823642674
 30
-123.7874041846087
  0
ACDBASSOCVERTEXACTIONPARAM
  5
104F
330
1048
100
AcDbAssocActionParam
 90
1
 90
0
  1
basePoint
100
AcDbAssocSingleDependencyActionParam
 90
0
330
0
100
AcDbAssocVertexActionParam
 90
0
 10
0.0
 20
0.0
 30
0.0
  0
ACDBASSOCARRAYACTIONBODY
  5
1051
330
1050
100
AcDbAssocActionBody
 90
2
100
AcDbAssocArrayActionBody
 90
1
  1
AcDbAssocArrayPolarParameters
 90
0
 90
24
  1
AcDbAssocArrayItem
100
AcDbAssocArrayItem
 90
0
 90
0
 90
0
 90
0
 90
8
 11
2510.543253086313
 21
1626.241823642674
 31
-32.5
330
106C
100
AcDbAssocArrayItem
 90
0
 90
1
 90
0
 90
0
 90
12
 40
0.9659258262890688
 40
-0.2588190451025206
 40
0.0
 40
2509.69139874354
 40
0.2588190451025201
 40
0.9659258262890688
 40
0.0
 40
1632.712299770236
 40
0.0
 40
0.0
 40
1.0
 40
-32.5
 40
0.0
 40
0.0
 40
0.0
 40
1.0
330
106D
100
AcDbAssocArrayItem
 90
0
 90
2
 90
0
 90
0
 90
12
 40
0.8660254037844397
 40
-0.4999999999999999
 40
0.0
 40
2507.193888180924
 40
0.4999999999999986
 40
0.866025403784439
 40
0.0
 40
1638.741823642674
 40
0.0
 40
0.0
 40
1.0
 40
-32.5
 40
0.0
 40
0.0
 40
0.0
 40
1.0
330
106E
100
AcDbAssocArrayItem
 90
0
 90
3
 90
0
 90
0
 90
12
 40
0.7071067811865493
 40
-0.7071067811865475
 40
0.0
 40
2503.220922615976
 40
0.7071067811865462
 40
0.7071067811865479
 40
0.0
 40
1643.919493172337
 40
0.0
 40
0.0
 40
1.0
 40
-32.5
 40
0.0
 40
0.0
 40
0.0
 40
1.0
330
106F
100
AcDbAssocArrayItem
 90
0
 90
4
 90
0
 90
0
 90
12
 40
0.5000000000000026
 40
-0.8660254037844385
 40
0.0
 40
2498.043253086313
 40
0.8660254037844376
 40
0.5000000000000006
 40
0.0
 40
1647.892458737285
 40
0.0
 40
0.0
 40
1.0
 40
-32.5
 40
0.0
 40
0.0
 40
0.0
 40
1.0
330
1070
100
AcDbAssocArrayItem
 90
0
 90
5
 90
0
 90
0
 90
12
 40
0.2588190451025245
 40
-0.9659258262890684
 40
0.0
 40
2492.013729213876
 40
0.9659258262890675
 40
0.2588190451025211
 40
0.0
 40
1650.3899692999
 40
0.0
 40
0.0
 40
1.0
 40
-32.5
 40
0.0
 40
0.0
 40
0.0
 40
1.0
330
1071
100
AcDbAssocArrayItem
 90
0
 90
6
 90
0
 90
0
 90
12
 40
4.7e-15
 40
-1.0
 40
0.0
 40
2485.543253086313
 40
1.0
 40
5e-16
 40
0.0
 40
1651.241823642674
 40
0.0
 40
0.0
 40
1.0
 40
-32.5
 40
0.0
 40
0.0
 40
0.0
 40
1.0
330
1072
100
AcDbAssocArrayItem
 90
0
 90
7
 90
0
 90
0
 90
12
 40
-0.2588190451025161
 40
-0.9659258262890688
 40
0.0
 40
2479.07277695875
 40
0.9659258262890698
 40
-0.2588190451025205
 40
0.0
 40
1650.3899692999
 40
0.0
 40
0.0
 40
1.0
 40
-32.5
 40
0.0
 40
0.0
 40
0.0
 40
1.0
330
1073
100
AcDbAssocArrayItem
 90
0
 90
8
 90
0
 90
0
 90
12
 40
-0.4999999999999955
 40
-0.866025403784439
 40
0.0
 40
2473.043253086313
 40
0.8660254037844415
 40
-0.4999999999999998
 40
0.0
 40
1647.892458737285
 40
0.0
 40
0.0
 40
1.0
 40
-32.5
 40
0.0
 40
0.0
 40
0.0
 40
1.0
330
1074
100
AcDbAssocArrayItem
 90
0
 90
9
 90
0
 90
0
 90
12
 40
-0.7071067811865442
 40
-0.7071067811865479
 40
0.0
 40
2467.865583556649
 40
0.7071067811865513
 40
-0.7071067811865476
 40
0.0
 40
1643.919493172337
 40
0.0
 40
0.0
 40
1.0
 40
-32.5
 40
0.0
 40
0.0
 40
0.0
 40
1.0
330
1075
100
AcDbAssocArrayItem
 90
0
 90
10
 90
0
 90
0
 90
12
 40
-0.8660254037844364
 40
-0.5000000000000002
 40
0.0
 40
2463.892617991702
 40
0.5000000000000047
 40
-0.8660254037844389
 40
0.0
 40
1638.741823642674
 40
0.0
 40
0.0
 40
1.0
 40
-32.5
 40
0.0
 40
0.0
 40
0.0
 40
1.0
330
1076
100
AcDbAssocArrayItem
 90
0
 90
11
 90
0
 90
0
 90
12
 40
-0.965925826289067
 40
-0.2588190451025209
 40
0.0
 40
2461.395107429086
 40
0.2588190451025263
 40
-0.9659258262890684
 40
0.0
 40
1632.712299770236
 40
0.0
 40
0.0
 40
1.0
 40
-32.5
 40
0.0
 40
0.0
 40
0.0
 40
1.0
330
1077
100
AcDbAssocArrayItem
 90
0
 90
12
 90
0
 90
0
 90
12
 40
-1.0
 40
-8e-16
 40
0.0
 40
2460.543253086313
 40
6.7e-15
 40
-1.0
 40
0.0
 40
1626.241823642674
 40
0.0
 40
0.0
 40
1.0
 40
-32.5
 40
0.0
 40
0.0
 40
0.0
 40
1.0
330
1078
100
AcDbAssocArrayItem
 90
0
 90
13
 90
0
 90
0
 90
12
 40
-0.9659258262890702
 40
0.2588190451025202
 40
0.0
 40
2461.395107429086
 40
-0.2588190451025143
 40
-0.9659258262890688
 40
0.0
 40
1619.771347515111
 40
0.0
 40
0.0
 40
1.0
 40
-32.5
 40
0.0
 40
0.0
 40
0.0
 40
1.0
330
1079
100
AcDbAssocArrayItem
 90
0
 90
14
 90
0
 90
0
 90
12
 40
-0.8660254037844421
 40
0.4999999999999997
 40
0.0
 40
2463.892617991702
 40
-0.4999999999999946
 40
-0.866025403784439
 40
0.0
 40
1613.741823642674
 40
0.0
 40
0.0
 40
1.0
 40
-32.5
 40
0.0
 40
0.0
 40
0.0
 40
1.0
330
107A
100
AcDbAssocArrayItem
 90
0
 90
15
 90
0
 90
0
 90
12
 40
-0.7071067811865526
 40
0.7071067811865471
 40
0.0
 40
2467.865583556649
 40
-0.7071067811865428
 40
-0.707106781186548
 40
0.0
 40
1608.56415411301
 40
0.0
 40
0.0
 40
1.0
 40
-32.5
 40
0.0
 40
0.0
 40
0.0
 40
1.0
330
107B
100
AcDbAssocArrayItem
 90
0
 90
16
 90
0
 90
0
 90
12
 40
-0.5000000000000071
 40
0.8660254037844385
 40
0.0
 40
2473.043253086313
 40
-0.8660254037844349
 40
-0.5000000000000007
 40
0.0
 40
1604.591188548063
 40
0.0
 40
0.0
 40
1.0
 40
-32.5
 40
0.0
 40
0.0
 40
0.0
 40
1.0
330
107C
100
AcDbAssocArrayItem
 90
0
 90
17
 90
0
 90
0
 90
12
 40
-0.2588190451025291
 40
0.9659258262890684
 40
0.0
 40
2479.07277695875
 40
-0.9659258262890663
 40
-0.258819045102521
 40
0.0
 40
1602.093677985447
 40
0.0
 40
0.0
 40
1.0
 40
-32.5
 40
0.0
 40
0.0
 40
0.0
 40
1.0
330
107D
100
AcDbAssocArrayItem
 90
0
 90
18
 90
0
 90
0
 90
12
 40
-9.1e-15
 40
1.0
 40
0.0
 40
2485.543253086313
 40
-1.0
 40
-4e-16
 40
0.0
 40
1601.241823642674
 40
0.0
 40
0.0
 40
1.0
 40
-32.5
 40
0.0
 40
0.0
 40
0.0
 40
1.0
330
107E
100
AcDbAssocArrayItem
 90
0
 90
19
 90
0
 90
0
 90
12
 40
0.2588190451025115
 40
0.9659258262890688
 40
0.0
 40
2492.013729213876
 40
-0.9659258262890711
 40
0.2588190451025201
 40
0.0
 40
1602.093677985447
 40
0.0
 40
0.0
 40
1.0
 40
-32.5
 40
0.0
 40
0.0
 40
0.0
 40
1.0
330
107F
100
AcDbAssocArrayItem
 90
0
 90
20
 90
0
 90
0
 90
12
 40
0.4999999999999921
 40
0.8660254037844389
 40
0.0
 40
2498.043253086313
 40
-0.8660254037844435
 40
0.5
 40
0.0
 40
1604.591188548063
 40
0.0
 40
0.0
 40
1.0
 40
-32.5
 40
0.0
 40
0.0
 40
0.0
 40
1.0
330
1080
100
AcDbAssocArrayItem
 90
0
 90
21
 90
0
 90
0
 90
12
 40
0.7071067811865399
 40
0.7071067811865487
 40
0.0
 40
2503.220922615976
 40
-0.7071067811865555
 40
0.7071067811865467
 40
0.0
 40
1608.56415411301
 40
0.0
 40
0.0
 40
1.0
 40
-32.5
 40
0.0
 40
0.0
 40
0.0
 40
1.0
330
1081
100
AcDbAssocArrayItem
 90
0
 90
22
 90
0
 90
0
 90
12
 40
0.866025403784434
 40
0.5
 40
0.0
 40
2507.193888180924
 40
-0.5000000000000089
 40
0.866025403784439
 40
0.0
 40
1613.741823642674
 40
0.0
 40
0.0
 40
1.0
 40
-32.5
 40
0.0
 40
0.0
 40
0.0
 40
1.0
330
1082
100
AcDbAssocArrayItem
 90
0
 90
23
 90
0
 90
0
 90
12
 40
0.9659258262890656
 40
0.2588190451025218
 40
0.0
 40
2509.69139874354
 40
-0.2588190451025323
 40
0.9659258262890681
 40
0.0
 40
1619.771347515111
 40
0.0
 40
0.0
 40
1.0
 40
-32.5
 40
0.0
 40
0.0
 40
0.0
 40
1.0
330
1083
 40
1.0
 40
0.0
 40
0.0
 40
5026.650434195679
 40
0.0
 40
1.0
 40
0.0
 40
379.5614047711881
 40
0.0
 40
0.0
 40
1.0
 40
-1570.0
 40
0.0
 40
0.0
 40
0.0
 40
1.0
  0
ACDBASSOCDEPENDENCY
  5
1052
330
1050
100
AcDbAssocDependency
 90
2
 90
0
290
0
290
1
290
1
290
1
 90
0
330
106A
290
0
330
0
330
0
360
0
 90
1
  0
ACDBASSOCDEPENDENCY
  5
1053
330
1050
100
AcDbAssocDependency
 90
2
 90
0
290
1
290
0
290
1
290
1
 90
0
330
1066
290
0
330
0
330
0
360
0
 90
2
  0
ACDBASSOCDEPENDENCY
  5
1054
330
1050
100
AcDbAssocDependency
 90
2
 90
0
290
1
290
1
290
1
290
1
 90
-2147483648
330
1044
290
0
330
0
330
0
360
0
 90
3
  0
ACDBASSOCVERTEXACTIONPARAM
  5
1055
330
1050
100
AcDbAssocActionParam
 90
1
 90
0
  1
BaseNormal
100
AcDbAssocSingleDependencyActionParam
 90
0
330
0
100
AcDbAssocVertexActionParam
 90
0
 10
0.0
 20
0.0
 30
1.0
  0
ACDBASSOCVERTEXACTIONPARAM
  5
1056
330
1050
100
AcDbAssocActionParam
 90
1
 90
0
  1
Origin
100
AcDbAssocSingleDependencyActionParam
 90
0
330
0
100
AcDbAssocVertexActionParam
 90
0
 10
2485.543253086313
 20
1626.241823642674
 30
-32.5
  0
ACDBASSOCVERTEXACTIONPARAM
  5
1057
330
1050
100
AcDbAssocActionParam
 90
1
 90
0
  1
basePoint
100
AcDbAssocSingleDependencyActionParam
 90
0
330
0
100
AcDbAssocVertexActionParam
 90
0
 10
0.0
 20
0.0
 30
0.0
  0
ACDBASSOCARRAYACTIONBODY
  5
108F
330
108E
100
AcDbAssocActionBody
 90
2
100
AcDbAssocArrayActionBody
 90
1
  1
AcDbAssocArrayPolarParameters
 90
0
 90
7
  1
AcDbAssocArrayItem
100
AcDbAssocArrayItem
 90
0
 90
0
 90
0
 90
0
 90
8
 11
2585.543253086314
 21
1600.874536331566
 31
-123.7874041846087
330
10A4
100
AcDbAssocArrayItem
 90
0
 90
1
 90
0
 90
0
 90
12
 40
0.6234898018587341
 40
-0.7818314824680295
 40
0.0
 40
2605.376196930949
 40
0.7818314824680295
 40
0.6234898018587341
 40
0.0
 40
1610.425578703378
 40
0.0
 40
0.0
 40
1.0
 40
-123.7874041846087
 40
0.0
 40
0.0
 40
0.0
 40
1.0
330
10A5
100
AcDbAssocArrayItem
 90
0
 90
2
 90
0
 90
0
 90
12
 40
-0.222520933956314
 40
-0.9749279121818236
 40
0.0
 40
2610.274529542248
 40
0.9749279121818236
 40
-0.2225209339563138
 40
0.0
 40
1631.88657610708
 40
0.0
 40
0.0
 40
1.0
 40
-123.7874041846087
 40
0.0
 40
0.0
 40
0.0
 40
1.0
330
10A6
100
AcDbAssocArrayItem
 90
0
 90
3
 90
0
 90
0
 90
12
 40
-0.9009688679024188
 40
-0.4338837391175589
 40
0.0
 40
2596.549706556126
 40
0.4338837391175585
 40
-0.9009688679024186
 40
0.0
 40
1649.096959773118
 40
0.0
 40
0.0
 40
1.0
 40
-123.7874041846087
 40
0.0
 40
0.0
 40
0.0
 40
1.0
330
10A7
100
AcDbAssocArrayItem
 90
0
 90
4
 90
0
 90
0
 90
12
 40
-0.9009688679024191
 40
0.4338837391175571
 40
0.0
 40
2574.536799616499
 40
-0.4338837391175577
 40
-0.9009688679024197
 40
0.0
 40
1649.096959773118
 40
0.0
 40
0.0
 40
1.0
 40
-123.7874041846087
 40
0.0
 40
0.0
 40
0.0
 40
1.0
330
10A8
100
AcDbAssocArrayItem
 90
0
 90
5
 90
0
 90
0
 90
12
 40
-0.2225209339563131
 40
0.9749279121818236
 40
0.0
 40
2560.811976630378
 40
-0.974927912181824
 40
-0.2225209339563142
 40
0.0
 40
1631.886576107079
 40
0.0
 40
0.0
 40
1.0
 40
-123.7874041846087
 40
0.0
 40
0.0
 40
0.0
 40
1.0
330
10A9
100
AcDbAssocArrayItem
 90
0
 90
6
 90
0
 90
0
 90
12
 40
0.6234898018587332
 40
0.7818314824680311
 40
0.0
 40
2565.710309241677
 40
-0.7818314824680302
 40
0.6234898018587323
 40
0.0
 40
1610.425578703377
 40
0.0
 40
0.0
 40
1.0
 40
-123.7874041846087
 40
0.0
 40
0.0
 40
0.0
 40
1.0
330
10AA
 40
1.0
 40
0.0
 40
0.0
 40
4926.650434195678
 40
0.0
 40
1.0
 40
0.0
 40
529.5614047711883
 40
0.0
 40
0.0
 40
1.0
 40
-1417.5
 40
0.0
 40
0.0
 40
0.0
 40
1.0
  0
ACDBASSOCDEPENDENCY
  5
1090
330
108E
100
AcDbAssocDependency
 90
2
 90
0
290
0
290
1
290
1
290
1
 90
0
330
10A2
290
0
330
0
330
0
360
0
 90
1
  0
ACDBASSOCDEPENDENCY
  5
1091
330
108E
100
AcDbAssocDependency
 90
2
 90
0
290
1
290
0
290
1
290
1
 90
0
330
109E
290
0
330
0
330
0
360
0
 90
2
  0
ACDBASSOCDEPENDENCY
  5
1092
330
108E
100
AcDbAssocDependency
 90
2
 90
0
290
1
290
1
290
1
290
1
 90
-2147483648
330
1089
290
0
330
0
330
0
360
0
 90
3
  0
ACDBASSOCVERTEXACTIONPARAM
  5
1093
330
108E
100
AcDbAssocActionParam
 90
1
 90
0
  1
BaseNormal
100
AcDbAssocSingleDependencyActionParam
 90
0
330
0
100
AcDbAssocVertexActionParam
 90
0
 10
0.0
 20
0.0
 30
1.0
  0
ACDBASSOCVERTEXACTIONPARAM
  5
1094
330
108E
100
AcDbAssocActionParam
 90
1
 90
0
  1
Origin
100
AcDbAssocSingleDependencyActionParam
 90
0
330
0
100
AcDbAssocVertexActionParam
 90
0
 10
2585.543253086313
 20
1626.241823642674
 30
-123.7874041846087
  0
ACDBASSOCVERTEXACTIONPARAM
  5
1095
330
108E
100
AcDbAssocActionParam
 90
1
 90
0
  1
basePoint
100
AcDbAssocSingleDependencyActionParam
 90
0
330
0
100
AcDbAssocVertexActionParam
 90
0
 10
0.0
 20
0.0
 30
0.0
  0
ACDBASSOCARRAYACTIONBODY
  5
1097
330
1096
100
AcDbAssocActionBody
 90
2
100
AcDbAssocArrayActionBody
 90
1
  1
AcDbAssocArrayPolarParameters
 90
0
 90
24
  1
AcDbAssocArrayItem
100
AcDbAssocArrayItem
 90
0
 90
0
 90
0
 90
0
 90
8
 11
2510.543253086313
 21
1626.241823642674
 31
-32.5
330
10B2
100
AcDbAssocArrayItem
 90
0
 90
1
 90
0
 90
0
 90
12
 40
0.9659258262890688
 40
-0.2588190451025206
 40
0.0
 40
2509.69139874354
 40
0.2588190451025201
 40
0.9659258262890688
 40
0.0
 40
1632.712299770236
 40
0.0
 40
0.0
 40
1.0
 40
-32.5
 40
0.0
 40
0.0
 40
0.0
 40
1.0
330
10B3
100
AcDbAssocArrayItem
 90
0
 90
2
 90
0
 90
0
 90
12
 40
0.8660254037844397
 40
-0.4999999999999999
 40
0.0
 40
2507.193888180924
 40
0.4999999999999986
 40
0.866025403784439
 40
0.0
 40
1638.741823642674
 40
0.0
 40
0.0
 40
1.0
 40
-32.5
 40
0.0
 40
0.0
 40
0.0
 40
1.0
330
10B4
100
AcDbAssocArrayItem
 90
0
 90
3
 90
0
 90
0
 90
12
 40
0.7071067811865493
 40
-0.7071067811865475
 40
0.0
 40
2503.220922615976
 40
0.7071067811865462
 40
0.7071067811865479
 40
0.0
 40
1643.919493172337
 40
0.0
 40
0.0
 40
1.0
 40
-32.5
 40
0.0
 40
0.0
 40
0.0
 40
1.0
330
10B5
100
AcDbAssocArrayItem
 90
0
 90
4
 90
0
 90
0
 90
12
 40
0.5000000000000026
 40
-0.8660254037844385
 40
0.0
 40
2498.043253086313
 40
0.8660254037844376
 40
0.5000000000000006
 40
0.0
 40
1647.892458737285
 40
0.0
 40
0.0
 40
1.0
 40
-32.5
 40
0.0
 40
0.0
 40
0.0
 40
1.0
330
10B6
100
AcDbAssocArrayItem
 90
0
 90
5
 90
0
 90
0
 90
12
 40
0.2588190451025245
 40
-0.9659258262890684
 40
0.0
 40
2492.013729213876
 40
0.9659258262890675
 40
0.2588190451025211
 40
0.0
 40
1650.3899692999
 40
0.0
 40
0.0
 40
1.0
 40
-32.5
 40
0.0
 40
0.0
 40
0.0
 40
1.0
330
10B7
100
AcDbAssocArrayItem
 90
0
 90
6
 90
0
 90
0
 90
12
 40
4.7e-15
 40
-1.0
 40
0.0
 40
2485.543253086313
 40
1.0
 40
5e-16
 40
0.0
 40
1651.241823642674
 40
0.0
 40
0.0
 40
1.0
 40
-32.5
 40
0.0
 40
0.0
 40
0.0
 40
1.0
330
10B8
100
AcDbAssocArrayItem
 90
0
 90
7
 90
0
 90
0
 90
12
 40
-0.2588190451025161
 40
-0.9659258262890688
 40
0.0
 40
2479.07277695875
 40
0.9659258262890698
 40
-0.2588190451025205
 40
0.0
 40
1650.3899692999
 40
0.0
 40
0.0
 40
1.0
 40
-32.5
 40
0.0
 40
0.0
 40
0.0
 40
1.0
330
10B9
100
AcDbAssocArrayItem
 90
0
 90
8
 90
0
 90
0
 90
12
 40
-0.4999999999999955
 40
-0.866025403784439
 40
0.0
 40
2473.043253086313
 40
0.8660254037844415
 40
-0.4999999999999998
 40
0.0
 40
1647.892458737285
 40
0.0
 40
0.0
 40
1.0
 40
-32.5
 40
0.0
 40
0.0
 40
0.0
 40
1.0
330
10BA
100
AcDbAssocArrayItem
 90
0
 90
9
 90
0
 90
0
 90
12
 40
-0.7071067811865442
 40
-0.7071067811865479
 40
0.0
 40
2467.865583556649
 40
0.7071067811865513
 40
-0.7071067811865476
 40
0.0
 40
1643.919493172337
 40
0.0
 40
0.0
 40
1.0
 40
-32.5
 40
0.0
 40
0.0
 40
0.0
 40
1.0
330
10BB
100
AcDbAssocArrayItem
 90
0
 90
10
 90
0
 90
0
 90
12
 40
-0.8660254037844364
 40
-0.5000000000000002
 40
0.0
 40
2463.892617991702
 40
0.5000000000000047
 40
-0.8660254037844389
 40
0.0
 40
1638.741823642674
 40
0.0
 40
0.0
 40
1.0
 40
-32.5
 40
0.0
 40
0.0
 40
0.0
 40
1.0
330
10BC
100
AcDbAssocArrayItem
 90
0
 90
11
 90
0
 90
0
 90
12
 40
-0.965925826289067
 40
-0.2588190451025209
 40
0.0
 40
2461.395107429086
 40
0.2588190451025263
 40
-0.9659258262890684
 40
0.0
 40
1632.712299770236
 40
0.0
 40
0.0
 40
1.0
 40
-32.5
 40
0.0
 40
0.0
 40
0.0
 40
1.0
330
10BD
100
AcDbAssocArrayItem
 90
0
 90
12
 90
0
 90
0
 90
12
 40
-1.0
 40
-8e-16
 40
0.0
 40
2460.543253086313
 40
6.7e-15
 40
-1.0
 40
0.0
 40
1626.241823642674
 40
0.0
 40
0.0
 40
1.0
 40
-32.5
 40
0.0
 40
0.0
 40
0.0
 40
1.0
330
10BE
100
AcDbAssocArrayItem
 90
0
 90
13
 90
0
 90
0
 90
12
 40
-0.9659258262890702
 40
0.2588190451025202
 40
0.0
 40
2461.395107429086
 40
-0.2588190451025143
 40
-0.9659258262890688
 40
0.0
 40
1619.771347515111
 40
0.0
 40
0.0
 40
1.0
 40
-32.5
 40
0.0
 40
0.0
 40
0.0
 40
1.0
330
10BF
100
AcDbAssocArrayItem
 90
0
 90
14
 90
0
 90
0
 90
12
 40
-0.8660254037844421
 40
0.4999999999999997
 40
0.0
 40
2463.892617991702
 40
-0.4999999999999946
 40
-0.866025403784439
 40
0.0
 40
1613.741823642674
 40
0.0
 40
0.0
 40
1.0
 40
-32.5
 40
0.0
 40
0.0
 40
0.0
 40
1.0
330
10C0
100
AcDbAssocArrayItem
 90
0
 90
15
 90
0
 90
0
 90
12
 40
-0.7071067811865526
 40
0.7071067811865471
 40
0.0
 40
2467.865583556649
 40
-0.7071067811865428
 40
-0.707106781186548
 40
0.0
 40
1608.56415411301
 40
0.0
 40
0.0
 40
1.0
 40
-32.5
 40
0.0
 40
0.0
 40
0.0
 40
1.0
330
10C1
100
AcDbAssocArrayItem
 90
0
 90
16
 90
0
 90
0
 90
12
 40
-0.5000000000000071
 40
0.8660254037844385
 40
0.0
 40
2473.043253086313
 40
-0.8660254037844349
 40
-0.5000000000000007
 40
0.0
 40
1604.591188548063
 40
0.0
 40
0.0
 40
1.0
 40
-32.5
 40
0.0
 40
0.0
 40
0.0
 40
1.0
330
10C2
100
AcDbAssocArrayItem
 90
0
 90
17
 90
0
 90
0
 90
12
 40
-0.2588190451025291
 40
0.9659258262890684
 40
0.0
 40
2479.07277695875
 40
-0.9659258262890663
 40
-0.258819045102521
 40
0.0
 40
1602.093677985447
 40
0.0
 40
0.0
 40
1.0
 40
-32.5
 40
0.0
 40
0.0
 40
0.0
 40
1.0
330
10C3
100
AcDbAssocArrayItem
 90
0
 90
18
 90
0
 90
0
 90
12
 40
-9.1e-15
 40
1.0
 40
0.0
 40
2485.543253086313
 40
-1.0
 40
-4e-16
 40
0.0
 40
1601.241823642674
 40
0.0
 40
0.0
 40
1.0
 40
-32.5
 40
0.0
 40
0.0
 40
0.0
 40
1.0
330
10C4
100
AcDbAssocArrayItem
 90
0
 90
19
 90
0
 90
0
 90
12
 40
0.2588190451025115
 40
0.9659258262890688
 40
0.0
 40
2492.013729213876
 40
-0.9659258262890711
 40
0.2588190451025201
 40
0.0
 40
1602.093677985447
 40
0.0
 40
0.0
 40
1.0
 40
-32.5
 40
0.0
 40
0.0
 40
0.0
 40
1.0
330
10C5
100
AcDbAssocArrayItem
 90
0
 90
20
 90
0
 90
0
 90
12
 40
0.4999999999999921
 40
0.8660254037844389
 40
0.0
 40
2498.043253086313
 40
-0.8660254037844435
 40
0.5
 40
0.0
 40
1604.591188548063
 40
0.0
 40
0.0
 40
1.0
 40
-32.5
 40
0.0
 40
0.0
 40
0.0
 40
1.0
330
10C6
100
AcDbAssocArrayItem
 90
0
 90
21
 90
0
 90
0
 90
12
 40
0.7071067811865399
 40
0.7071067811865487
 40
0.0
 40
2503.220922615976
 40
-0.7071067811865555
 40
0.7071067811865467
 40
0.0
 40
1608.56415411301
 40
0.0
 40
0.0
 40
1.0
 40
-32.5
 40
0.0
 40
0.0
 40
0.0
 40
1.0
330
10C7
100
AcDbAssocArrayItem
 90
0
 90
22
 90
0
 90
0
 90
12
 40
0.866025403784434
 40
0.5
 40
0.0
 40
2507.193888180924
 40
-0.5000000000000089
 40
0.866025403784439
 40
0.0
 40
1613.741823642674
 40
0.0
 40
0.0
 40
1.0
 40
-32.5
 40
0.0
 40
0.0
 40
0.0
 40
1.0
330
10C8
100
AcDbAssocArrayItem
 90
0
 90
23
 90
0
 90
0
 90
12
 40
0.9659258262890656
 40
0.2588190451025218
 40
0.0
 40
2509.69139874354
 40
-0.2588190451025323
 40
0.9659258262890681
 40
0.0
 40
1619.771347515111
 40
0.0
 40
0.0
 40
1.0
 40
-32.5
 40
0.0
 40
0.0
 40
0.0
 40
1.0
330
10C9
 40
1.0
 40
0.0
 40
0.0
 40
5026.650434195679
 40
0.0
 40
1.0
 40
0.0
 40
529.5614047711883
 40
0.0
 40
0.0
 40
1.0
 40
-1420.0
 40
0.0
 40
0.0
 40
0.0
 40
1.0
  0
ACDBASSOCDEPENDENCY
  5
1098
330
1096
100
AcDbAssocDependency
 90
2
 90
0
290
0
290
1
290
1
290
1
 90
0
330
10B0
290
0
330
0
330
0
360
0
 90
1
  0
ACDBASSOCDEPENDENCY
  5
1099
330
1096
100
AcDbAssocDependency
 90
2
 90
0
290
1
290
0
290
1
290
1
 90
0
330
10AC
290
0
330
0
330
0
360
0
 90
2
  0
ACDBASSOCDEPENDENCY
  5
109A
330
1096
100
AcDbAssocDependency
 90
2
 90
0
290
1
290
1
290
1
290
1
 90
-2147483648
330
108A
290
0
330
0
330
0
360
0
 90
3
  0
ACDBASSOCVERTEXACTIONPARAM
  5
109B
330
1096
100
AcDbAssocActionParam
 90
1
 90
0
  1
BaseNormal
100
AcDbAssocSingleDependencyActionParam
 90
0
330
0
100
AcDbAssocVertexActionParam
 90
0
 10
0.0
 20
0.0
 30
1.0
  0
ACDBASSOCVERTEXACTIONPARAM
  5
109C
330
1096
100
AcDbAssocActionParam
 90
1
 90
0
  1
Origin
100
AcDbAssocSingleDependencyActionParam
 90
0
330
0
100
AcDbAssocVertexActionParam
 90
0
 10
2485.543253086313
 20
1626.241823642674
 30
-32.5
  0
ACDBASSOCVERTEXACTIONPARAM
  5
109D
330
1096
100
AcDbAssocActionParam
 90
1
 90
0
  1
basePoint
100
AcDbAssocSingleDependencyActionParam
 90
0
330
0
100
AcDbAssocVertexActionParam
 90
0
 10
0.0
 20
0.0
 30
0.0
  0
ACDBASSOCARRAYACTIONBODY
  5
10D5
330
10D4
100
AcDbAssocActionBody
 90
2
100
AcDbAssocArrayActionBody
 90
1
  1
AcDbAssocArrayPolarParameters
 90
0
 90
7
  1
AcDbAssocArrayItem
100
AcDbAssocArrayItem
 90
0
 90
0
 90
0
 90
0
 90
8
 11
2585.543253086314
 21
1600.874536331566
 31
-123.7874041846087
330
10EA
100
AcDbAssocArrayItem
 90
0
 90
1
 90
0
 90
0
 90
12
 40
0.6234898018587341
 40
-0.7818314824680295
 40
0.0
 40
2605.376196930949
 40
0.7818314824680295
 40
0.6234898018587341
 40
0.0
 40
1610.425578703378
 40
0.0
 40
0.0
 40
1.0
 40
-123.7874041846087
 40
0.0
 40
0.0
 40
0.0
 40
1.0
330
10EB
100
AcDbAssocArrayItem
 90
0
 90
2
 90
0
 90
0
 90
12
 40
-0.222520933956314
 40
-0.9749279121818236
 40
0.0
 40
2610.274529542248
 40
0.9749279121818236
 40
-0.2225209339563138
 40
0.0
 40
1631.88657610708
 40
0.0
 40
0.0
 40
1.0
 40
-123.7874041846087
 40
0.0
 40
0.0
 40
0.0
 40
1.0
330
10EC
100
AcDbAssocArrayItem
 90
0
 90
3
 90
0
 90
0
 90
12
 40
-0.9009688679024188
 40
-0.4338837391175589
 40
0.0
 40
2596.549706556126
 40
0.4338837391175585
 40
-0.9009688679024186
 40
0.0
 40
1649.096959773118
 40
0.0
 40
0.0
 40
1.0
 40
-123.7874041846087
 40
0.0
 40
0.0
 40
0.0
 40
1.0
330
10ED
100
AcDbAssocArrayItem
 90
0
 90
4
 90
0
 90
0
 90
12
 40
-0.9009688679024191
 40
0.4338837391175571
 40
0.0
 40
2574.536799616499
 40
-0.4338837391175577
 40
-0.9009688679024197
 40
0.0
 40
1649.096959773118
 40
0.0
 40
0.0
 40
1.0
 40
-123.7874041846087
 40
0.0
 40
0.0
 40
0.0
 40
1.0
330
10EE
100
AcDbAssocArrayItem
 90
0
 90
5
 90
0
 90
0
 90
12
 40
-0.2225209339563131
 40
0.9749279121818236
 40
0.0
 40
2560.811976630378
 40
-0.974927912181824
 40
-0.2225209339563142
 40
0.0
 40
1631.886576107079
 40
0.0
 40
0.0
 40
1.0
 40
-123.7874041846087
 40
0.0
 40
0.0
 40
0.0
 40
1.0
330
10EF
100
AcDbAssocArrayItem
 90
0
 90
6
 90
0
 90
0
 90
12
 40
0.6234898018587332
 40
0.7818314824680311
 40
0.0
 40
2565.710309241677
 40
-0.7818314824680302
 40
0.6234898018587323
 40
0.0
 40
1610.425578703377
 40
0.0
 40
0.0
 40
1.0
 40
-123.7874041846087
 40
0.0
 40
0.0
 40
0.0
 40
1.0
330
10F0
 40
1.0
 40
0.0
 40
0.0
 40
4176.650434195678
 40
0.0
 40
1.0
 40
0.0
 40
-70.43859522881189
 40
0.0
 40
0.0
 40
1.0
 40
-1267.5
 40
0.0
 40
0.0
 40
0.0
 40
1.0
  0
ACDBASSOCDEPENDENCY
  5
10D6
330
10D4
100
AcDbAssocDependency
 90
2
 90
0
290
0
290
1
290
1
290
1
 90
0
330
10E8
290
0
330
0
330
0
360
0
 90
1
  0
ACDBASSOCDEPENDENCY
  5
10D7
330
10D4
100
AcDbAssocDependency
 90
2
 90
0
290
1
290
0
290
1
290
1
 90
0
330
10E4
290
0
330
0
330
0
360
0
 90
2
  0
ACDBASSOCDEPENDENCY
  5
10D8
330
10D4
100
AcDbAssocDependency
 90
2
 90
0
290
1
290
1
290
1
290
1
 90
-2147483648
330
10CF
290
0
330
0
330
0
360
0
 90
3
  0
ACDBASSOCVERTEXACTIONPARAM
  5
10D9
330
10D4
100
AcDbAssocActionParam
 90
1
 90
0
  1
BaseNormal
100
AcDbAssocSingleDependencyActionParam
 90
0
330
0
100
AcDbAssocVertexActionParam
 90
0
 10
0.0
 20
0.0
 30
1.0
  0
ACDBASSOCVERTEXACTIONPARAM
  5
10DA
330
10D4
100
AcDbAssocActionParam
 90
1
 90
0
  1
Origin
100
AcDbAssocSingleDependencyActionParam
 90
0
330
0
100
AcDbAssocVertexActionParam
 90
0
 10
2585.543253086313
 20
1626.241823642674
 30
-123.7874041846087
  0
ACDBASSOCVERTEXACTIONPARAM
  5
10DB
330
10D4
100
AcDbAssocActionParam
 90
1
 90
0
  1
basePoint
100
AcDbAssocSingleDependencyActionParam
 90
0
330
0
100
AcDbAssocVertexActionParam
 90
0
 10
0.0
 20
0.0
 30
0.0
  0
ACDBASSOCARRAYACTIONBODY
  5
10DD
330
10DC
100
AcDbAssocActionBody
 90
2
100
AcDbAssocArrayActionBody
 90
1
  1
AcDbAssocArrayPolarParameters
 90
0
 90
24
  1
AcDbAssocArrayItem
100
AcDbAssocArrayItem
 90
0
 90
0
 90
0
 90
0
 90
8
 11
2510.543253086313
 21
1626.241823642674
 31
-32.5
330
10F8
100
AcDbAssocArrayItem
 90
0
 90
1
 90
0
 90
0
 90
12
 40
0.9659258262890688
 40
-0.2588190451025206
 40
0.0
 40
2509.69139874354
 40
0.2588190451025201
 40
0.9659258262890688
 40
0.0
 40
1632.712299770236
 40
0.0
 40
0.0
 40
1.0
 40
-32.5
 40
0.0
 40
0.0
 40
0.0
 40
1.0
330
10F9
100
AcDbAssocArrayItem
 90
0
 90
2
 90
0
 90
0
 90
12
 40
0.8660254037844397
 40
-0.4999999999999999
 40
0.0
 40
2507.193888180924
 40
0.4999999999999986
 40
0.866025403784439
 40
0.0
 40
1638.741823642674
 40
0.0
 40
0.0
 40
1.0
 40
-32.5
 40
0.0
 40
0.0
 40
0.0
 40
1.0
330
10FA
100
AcDbAssocArrayItem
 90
0
 90
3
 90
0
 90
0
 90
12
 40
0.7071067811865493
 40
-0.7071067811865475
 40
0.0
 40
2503.220922615976
 40
0.7071067811865462
 40
0.7071067811865479
 40
0.0
 40
1643.919493172337
 40
0.0
 40
0.0
 40
1.0
 40
-32.5
 40
0.0
 40
0.0
 40
0.0
 40
1.0
330
10FB
100
AcDbAssocArrayItem
 90
0
 90
4
 90
0
 90
0
 90
12
 40
0.5000000000000026
 40
-0.8660254037844385
 40
0.0
 40
2498.043253086313
 40
0.8660254037844376
 40
0.5000000000000006
 40
0.0
 40
1647.892458737285
 40
0.0
 40
0.0
 40
1.0
 40
-32.5
 40
0.0
 40
0.0
 40
0.0
 40
1.0
330
10FC
100
AcDbAssocArrayItem
 90
0
 90
5
 90
0
 90
0
 90
12
 40
0.2588190451025245
 40
-0.9659258262890684
 40
0.0
 40
2492.013729213876
 40
0.9659258262890675
 40
0.2588190451025211
 40
0.0
 40
1650.3899692999
 40
0.0
 40
0.0
 40
1.0
 40
-32.5
 40
0.0
 40
0.0
 40
0.0
 40
1.0
330
10FD
100
AcDbAssocArrayItem
 90
0
 90
6
 90
0
 90
0
 90
12
 40
4.7e-15
 40
-1.0
 40
0.0
 40
2485.543253086313
 40
1.0
 40
5e-16
 40
0.0
 40
1651.241823642674
 40
0.0
 40
0.0
 40
1.0
 40
-32.5
 40
0.0
 40
0.0
 40
0.0
 40
1.0
330
10FE
100
AcDbAssocArrayItem
 90
0
 90
7
 90
0
 90
0
 90
12
 40
-0.2588190451025161
 40
-0.9659258262890688
 40
0.0
 40
2479.07277695875
 40
0.9659258262890698
 40
-0.2588190451025205
 40
0.0
 40
1650.3899692999
 40
0.0
 40
0.0
 40
1.0
 40
-32.5
 40
0.0
 40
0.0
 40
0.0
 40
1.0
330
10FF
100
AcDbAssocArrayItem
 90
0
 90
8
 90
0
 90
0
 90
12
 40
-0.4999999999999955
 40
-0.866025403784439
 40
0.0
 40
2473.043253086313
 40
0.8660254037844415
 40
-0.4999999999999998
 40
0.0
 40
1647.892458737285
 40
0.0
 40
0.0
 40
1.0
 40
-32.5
 40
0.0
 40
0.0
 40
0.0
 40
1.0
330
1100
100
AcDbAssocArrayItem
 90
0
 90
9
 90
0
 90
0
 90
12
 40
-0.7071067811865442
 40
-0.7071067811865479
 40
0.0
 40
2467.865583556649
 40
0.7071067811865513
 40
-0.7071067811865476
 40
0.0
 40
1643.919493172337
 40
0.0
 40
0.0
 40
1.0
 40
-32.5
 40
0.0
 40
0.0
 40
0.0
 40
1.0
330
1101
100
AcDbAssocArrayItem
 90
0
 90
10
 90
0
 90
0
 90
12
 40
-0.8660254037844364
 40
-0.5000000000000002
 40
0.0
 40
2463.892617991702
 40
0.5000000000000047
 40
-0.8660254037844389
 40
0.0
 40
1638.741823642674
 40
0.0
 40
0.0
 40
1.0
 40
-32.5
 40
0.0
 40
0.0
 40
0.0
 40
1.0
330
1102
100
AcDbAssocArrayItem
 90
0
 90
11
 90
0
 90
0
 90
12
 40
-0.965925826289067
 40
-0.2588190451025209
 40
0.0
 40
2461.395107429086
 40
0.2588190451025263
 40
-0.9659258262890684
 40
0.0
 40
1632.712299770236
 40
0.0
 40
0.0
 40
1.0
 40
-32.5
 40
0.0
 40
0.0
 40
0.0
 40
1.0
330
1103
100
AcDbAssocArrayItem
 90
0
 90
12
 90
0
 90
0
 90
12
 40
-1.0
 40
-8e-16
 40
0.0
 40
2460.543253086313
 40
6.7e-15
 40
-1.0
 40
0.0
 40
1626.241823642674
 40
0.0
 40
0.0
 40
1.0
 40
-32.5
 40
0.0
 40
0.0
 40
0.0
 40
1.0
330
1104
100
AcDbAssocArrayItem
 90
0
 90
13
 90
0
 90
0
 90
12
 40
-0.9659258262890702
 40
0.2588190451025202
 40
0.0
 40
2461.395107429086
 40
-0.2588190451025143
 40
-0.9659258262890688
 40
0.0
 40
1619.771347515111
 40
0.0
 40
0.0
 40
1.0
 40
-32.5
 40
0.0
 40
0.0
 40
0.0
 40
1.0
330
1105
100
AcDbAssocArrayItem
 90
0
 90
14
 90
0
 90
0
 90
12
 40
-0.8660254037844421
 40
0.4999999999999997
 40
0.0
 40
2463.892617991702
 40
-0.4999999999999946
 40
-0.866025403784439
 40
0.0
 40
1613.741823642674
 40
0.0
 40
0.0
 40
1.0
 40
-32.5
 40
0.0
 40
0.0
 40
0.0
 40
1.0
330
1106
100
AcDbAssocArrayItem
 90
0
 90
15
 90
0
 90
0
 90
12
 40
-0.7071067811865526
 40
0.7071067811865471
 40
0.0
 40
2467.865583556649
 40
-0.7071067811865428
 40
-0.707106781186548
 40
0.0
 40
1608.56415411301
 40
0.0
 40
0.0
 40
1.0
 40
-32.5
 40
0.0
 40
0.0
 40
0.0
 40
1.0
330
1107
100
AcDbAssocArrayItem
 90
0
 90
16
 90
0
 90
0
 90
12
 40
-0.5000000000000071
 40
0.8660254037844385
 40
0.0
 40
2473.043253086313
 40
-0.8660254037844349
 40
-0.5000000000000007
 40
0.0
 40
1604.591188548063
 40
0.0
 40
0.0
 40
1.0
 40
-32.5
 40
0.0
 40
0.0
 40
0.0
 40
1.0
330
1108
100
AcDbAssocArrayItem
 90
0
 90
17
 90
0
 90
0
 90
12
 40
-0.2588190451025291
 40
0.9659258262890684
 40
0.0
 40
2479.07277695875
 40
-0.9659258262890663
 40
-0.258819045102521
 40
0.0
 40
1602.093677985447
 40
0.0
 40
0.0
 40
1.0
 40
-32.5
 40
0.0
 40
0.0
 40
0.0
 40
1.0
330
1109
100
AcDbAssocArrayItem
 90
0
 90
18
 90
0
 90
0
 90
12
 40
-9.1e-15
 40
1.0
 40
0.0
 40
2485.543253086313
 40
-1.0
 40
-4e-16
 40
0.0
 40
1601.241823642674
 40
0.0
 40
0.0
 40
1.0
 40
-32.5
 40
0.0
 40
0.0
 40
0.0
 40
1.0
330
110A
100
AcDbAssocArrayItem
 90
0
 90
19
 90
0
 90
0
 90
12
 40
0.2588190451025115
 40
0.9659258262890688
 40
0.0
 40
2492.013729213876
 40
-0.9659258262890711
 40
0.2588190451025201
 40
0.0
 40
1602.093677985447
 40
0.0
 40
0.0
 40
1.0
 40
-32.5
 40
0.0
 40
0.0
 40
0.0
 40
1.0
330
110B
100
AcDbAssocArrayItem
 90
0
 90
20
 90
0
 90
0
 90
12
 40
0.4999999999999921
 40
0.8660254037844389
 40
0.0
 40
2498.043253086313
 40
-0.8660254037844435
 40
0.5
 40
0.0
 40
1604.591188548063
 40
0.0
 40
0.0
 40
1.0
 40
-32.5
 40
0.0
 40
0.0
 40
0.0
 40
1.0
330
110C
100
AcDbAssocArrayItem
 90
0
 90
21
 90
0
 90
0
 90
12
 40
0.7071067811865399
 40
0.7071067811865487
 40
0.0
 40
2503.220922615976
 40
-0.7071067811865555
 40
0.7071067811865467
 40
0.0
 40
1608.56415411301
 40
0.0
 40
0.0
 40
1.0
 40
-32.5
 40
0.0
 40
0.0
 40
0.0
 40
1.0
330
110D
100
AcDbAssocArrayItem
 90
0
 90
22
 90
0
 90
0
 90
12
 40
0.866025403784434
 40
0.5
 40
0.0
 40
2507.193888180924
 40
-0.5000000000000089
 40
0.866025403784439
 40
0.0
 40
1613.741823642674
 40
0.0
 40
0.0
 40
1.0
 40
-32.5
 40
0.0
 40
0.0
 40
0.0
 40
1.0
330
110E
100
AcDbAssocArrayItem
 90
0
 90
23
 90
0
 90
0
 90
12
 40
0.9659258262890656
 40
0.2588190451025218
 40
0.0
 40
2509.69139874354
 40
-0.2588190451025323
 40
0.9659258262890681
 40
0.0
 40
1619.771347515111
 40
0.0
 40
0.0
 40
1.0
 40
-32.5
 40
0.0
 40
0.0
 40
0.0
 40
1.0
330
110F
 40
1.0
 40
0.0
 40
0.0
 40
4276.650434195679
 40
0.0
 40
1.0
 40
0.0
 40
-70.43859522881189
 40
0.0
 40
0.0
 40
1.0
 40
-1270.0
 40
0.0
 40
0.0
 40
0.0
 40
1.0
  0
ACDBASSOCDEPENDENCY
  5
10DE
330
10DC
100
AcDbAssocDependency
 90
2
 90
0
290
0
290
1
290
1
290
1
 90
0
330
10F6
290
0
330
0
330
0
360
0
 90
1
  0
ACDBASSOCDEPENDENCY
  5
10DF
330
10DC
100
AcDbAssocDependency
 90
2
 90
0
290
1
290
0
290
1
290
1
 90
0
330
10F2
290
0
330
0
330
0
360
0
 90
2
  0
ACDBASSOCDEPENDENCY
  5
10E0
330
10DC
100
AcDbAssocDependency
 90
2
 90
0
290
1
290
1
290
1
290
1
 90
-2147483648
330
10D0
290
0
330
0
330
0
360
0
 90
3
  0
ACDBASSOCVERTEXACTIONPARAM
  5
10E1
330
10DC
100
AcDbAssocActionParam
 90
1
 90
0
  1
BaseNormal
100
AcDbAssocSingleDependencyActionParam
 90
0
330
0
100
AcDbAssocVertexActionParam
 90
0
 10
0.0
 20
0.0
 30
1.0
  0
ACDBASSOCVERTEXACTIONPARAM
  5
10E2
330
10DC
100
AcDbAssocActionParam
 90
1
 90
0
  1
Origin
100
AcDbAssocSingleDependencyActionParam
 90
0
330
0
100
AcDbAssocVertexActionParam
 90
0
 10
2485.543253086313
 20
1626.241823642674
 30
-32.5
  0
ACDBASSOCVERTEXACTIONPARAM
  5
10E3
330
10DC
100
AcDbAssocActionParam
 90
1
 90
0
  1
basePoint
100
AcDbAssocSingleDependencyActionParam
 90
0
330
0
100
AcDbAssocVertexActionParam
 90
0
 10
0.0
 20
0.0
 30
0.0
  0
ACDBASSOCARRAYACTIONBODY
  5
111B
330
111A
100
AcDbAssocActionBody
 90
2
100
AcDbAssocArrayActionBody
 90
1
  1
AcDbAssocArrayPolarParameters
 90
0
 90
7
  1
AcDbAssocArrayItem
100
AcDbAssocArrayItem
 90
0
 90
0
 90
0
 90
0
 90
8
 11
2585.543253086314
 21
1600.874536331566
 31
-123.7874041846087
330
1130
100
AcDbAssocArrayItem
 90
0
 90
1
 90
0
 90
0
 90
12
 40
0.6234898018587341
 40
-0.7818314824680295
 40
0.0
 40
2605.376196930949
 40
0.7818314824680295
 40
0.6234898018587341
 40
0.0
 40
1610.425578703378
 40
0.0
 40
0.0
 40
1.0
 40
-123.7874041846087
 40
0.0
 40
0.0
 40
0.0
 40
1.0
330
1131
100
AcDbAssocArrayItem
 90
0
 90
2
 90
0
 90
0
 90
12
 40
-0.222520933956314
 40
-0.9749279121818236
 40
0.0
 40
2610.274529542248
 40
0.9749279121818236
 40
-0.2225209339563138
 40
0.0
 40
1631.88657610708
 40
0.0
 40
0.0
 40
1.0
 40
-123.7874041846087
 40
0.0
 40
0.0
 40
0.0
 40
1.0
330
1132
100
AcDbAssocArrayItem
 90
0
 90
3
 90
0
 90
0
 90
12
 40
-0.9009688679024188
 40
-0.4338837391175589
 40
0.0
 40
2596.549706556126
 40
0.4338837391175585
 40
-0.9009688679024186
 40
0.0
 40
1649.096959773118
 40
0.0
 40
0.0
 40
1.0
 40
-123.7874041846087
 40
0.0
 40
0.0
 40
0.0
 40
1.0
330
1133
100
AcDbAssocArrayItem
 90
0
 90
4
 90
0
 90
0
 90
12
 40
-0.9009688679024191
 40
0.4338837391175571
 40
0.0
 40
2574.536799616499
 40
-0.4338837391175577
 40
-0.9009688679024197
 40
0.0
 40
1649.096959773118
 40
0.0
 40
0.0
 40
1.0
 40
-123.7874041846087
 40
0.0
 40
0.0
 40
0.0
 40
1.0
330
1134
100
AcDbAssocArrayItem
 90
0
 90
5
 90
0
 90
0
 90
12
 40
-0.2225209339563131
 40
0.9749279121818236
 40
0.0
 40
2560.811976630378
 40
-0.974927912181824
 40
-0.2225209339563142
 40
0.0
 40
1631.886576107079
 40
0.0
 40
0.0
 40
1.0
 40
-123.7874041846087
 40
0.0
 40
0.0
 40
0.0
 40
1.0
330
1135
100
AcDbAssocArrayItem
 90
0
 90
6
 90
0
 90
0
 90
12
 40
0.6234898018587332
 40
0.7818314824680311
 40
0.0
 40
2565.710309241677
 40
-0.7818314824680302
 40
0.6234898018587323
 40
0.0
 40
1610.425578703377
 40
0.0
 40
0.0
 40
1.0
 40
-123.7874041846087
 40
0.0
 40
0.0
 40
0.0
 40
1.0
330
1136
 40
1.0
 40
0.0
 40
0.0
 40
4926.650434195678
 40
0.0
 40
1.0
 40
0.0
 40
679.5614047711883
 40
0.0
 40
0.0
 40
1.0
 40
-1267.5
 40
0.0
 40
0.0
 40
0.0
 40
1.0
  0
ACDBASSOCDEPENDENCY
  5
111C
330
111A
100
AcDbAssocDependency
 90
2
 90
0
290
0
290
1
290
1
290
1
 90
0
330
112E
290
0
330
0
330
0
360
0
 90
1
  0
ACDBASSOCDEPENDENCY
  5
111D
330
111A
100
AcDbAssocDependency
 90
2
 90
0
290
1
290
0
290
1
290
1
 90
0
330
112A
290
0
330
0
330
0
360
0
 90
2
  0
ACDBASSOCDEPENDENCY
  5
111E
330
111A
100
AcDbAssocDependency
 90
2
 90
0
290
1
290
1
290
1
290
1
 90
-2147483648
330
1115
290
0
330
0
330
0
360
0
 90
3
  0
ACDBASSOCVERTEXACTIONPARAM
  5
111F
330
111A
100
AcDbAssocActionParam
 90
1
 90
0
  1
BaseNormal
100
AcDbAssocSingleDependencyActionParam
 90
0
330
0
100
AcDbAssocVertexActionParam
 90
0
 10
0.0
 20
0.0
 30
1.0
  0
ACDBASSOCVERTEXACTIONPARAM
  5
1120
330
111A
100
AcDbAssocActionParam
 90
1
 90
0
  1
Origin
100
AcDbAssocSingleDependencyActionParam
 90
0
330
0
100
AcDbAssocVertexActionParam
 90
0
 10
2585.543253086313
 20
1626.241823642674
 30
-123.7874041846087
  0
ACDBASSOCVERTEXACTIONPARAM
  5
1121
330
111A
100
AcDbAssocActionParam
 90
1
 90
0
  1
basePoint
100
AcDbAssocSingleDependencyActionParam
 90
0
330
0
100
AcDbAssocVertexActionParam
 90
0
 10
0.0
 20
0.0
 30
0.0
  0
ACDBASSOCARRAYACTIONBODY
  5
1123
330
1122
100
AcDbAssocActionBody
 90
2
100
AcDbAssocArrayActionBody
 90
1
  1
AcDbAssocArrayPolarParameters
 90
0
 90
24
  1
AcDbAssocArrayItem
100
AcDbAssocArrayItem
 90
0
 90
0
 90
0
 90
0
 90
8
 11
2510.543253086313
 21
1626.241823642674
 31
-32.5
330
113E
100
AcDbAssocArrayItem
 90
0
 90
1
 90
0
 90
0
 90
12
 40
0.9659258262890688
 40
-0.2588190451025206
 40
0.0
 40
2509.69139874354
 40
0.2588190451025201
 40
0.9659258262890688
 40
0.0
 40
1632.712299770236
 40
0.0
 40
0.0
 40
1.0
 40
-32.5
 40
0.0
 40
0.0
 40
0.0
 40
1.0
330
113F
100
AcDbAssocArrayItem
 90
0
 90
2
 90
0
 90
0
 90
12
 40
0.8660254037844397
 40
-0.4999999999999999
 40
0.0
 40
2507.193888180924
 40
0.4999999999999986
 40
0.866025403784439
 40
0.0
 40
1638.741823642674
 40
0.0
 40
0.0
 40
1.0
 40
-32.5
 40
0.0
 40
0.0
 40
0.0
 40
1.0
330
1140
100
AcDbAssocArrayItem
 90
0
 90
3
 90
0
 90
0
 90
12
 40
0.7071067811865493
 40
-0.7071067811865475
 40
0.0
 40
2503.220922615976
 40
0.7071067811865462
 40
0.7071067811865479
 40
0.0
 40
1643.919493172337
 40
0.0
 40
0.0
 40
1.0
 40
-32.5
 40
0.0
 40
0.0
 40
0.0
 40
1.0
330
1141
100
AcDbAssocArrayItem
 90
0
 90
4
 90
0
 90
0
 90
12
 40
0.5000000000000026
 40
-0.8660254037844385
 40
0.0
 40
2498.043253086313
 40
0.8660254037844376
 40
0.5000000000000006
 40
0.0
 40
1647.892458737285
 40
0.0
 40
0.0
 40
1.0
 40
-32.5
 40
0.0
 40
0.0
 40
0.0
 40
1.0
330
1142
100
AcDbAssocArrayItem
 90
0
 90
5
 90
0
 90
0
 90
12
 40
0.2588190451025245
 40
-0.9659258262890684
 40
0.0
 40
2492.013729213876
 40
0.9659258262890675
 40
0.2588190451025211
 40
0.0
 40
1650.3899692999
 40
0.0
 40
0.0
 40
1.0
 40
-32.5
 40
0.0
 40
0.0
 40
0.0
 40
1.0
330
1143
100
AcDbAssocArrayItem
 90
0
 90
6
 90
0
 90
0
 90
12
 40
4.7e-15
 40
-1.0
 40
0.0
 40
2485.543253086313
 40
1.0
 40
5e-16
 40
0.0
 40
1651.241823642674
 40
0.0
 40
0.0
 40
1.0
 40
-32.5
 40
0.0
 40
0.0
 40
0.0
 40
1.0
330
1144
100
AcDbAssocArrayItem
 90
0
 90
7
 90
0
 90
0
 90
12
 40
-0.2588190451025161
 40
-0.9659258262890688
 40
0.0
 40
2479.07277695875
 40
0.9659258262890698
 40
-0.2588190451025205
 40
0.0
 40
1650.3899692999
 40
0.0
 40
0.0
 40
1.0
 40
-32.5
 40
0.0
 40
0.0
 40
0.0
 40
1.0
330
1145
100
AcDbAssocArrayItem
 90
0
 90
8
 90
0
 90
0
 90
12
 40
-0.4999999999999955
 40
-0.866025403784439
 40
0.0
 40
2473.043253086313
 40
0.8660254037844415
 40
-0.4999999999999998
 40
0.0
 40
1647.892458737285
 40
0.0
 40
0.0
 40
1.0
 40
-32.5
 40
0.0
 40
0.0
 40
0.0
 40
1.0
330
1146
100
AcDbAssocArrayItem
 90
0
 90
9
 90
0
 90
0
 90
12
 40
-0.7071067811865442
 40
-0.7071067811865479
 40
0.0
 40
2467.865583556649
 40
0.7071067811865513
 40
-0.7071067811865476
 40
0.0
 40
1643.919493172337
 40
0.0
 40
0.0
 40
1.0
 40
-32.5
 40
0.0
 40
0.0
 40
0.0
 40
1.0
330
1147
100
AcDbAssocArrayItem
 90
0
 90
10
 90
0
 90
0
 90
12
 40
-0.8660254037844364
 40
-0.5000000000000002
 40
0.0
 40
2463.892617991702
 40
0.5000000000000047
 40
-0.8660254037844389
 40
0.0
 40
1638.741823642674
 40
0.0
 40
0.0
 40
1.0
 40
-32.5
 40
0.0
 40
0.0
 40
0.0
 40
1.0
330
1148
100
AcDbAssocArrayItem
 90
0
 90
11
 90
0
 90
0
 90
12
 40
-0.965925826289067
 40
-0.2588190451025209
 40
0.0
 40
2461.395107429086
 40
0.2588190451025263
 40
-0.9659258262890684
 40
0.0
 40
1632.712299770236
 40
0.0
 40
0.0
 40
1.0
 40
-32.5
 40
0.0
 40
0.0
 40
0.0
 40
1.0
330
1149
100
AcDbAssocArrayItem
 90
0
 90
12
 90
0
 90
0
 90
12
 40
-1.0
 40
-8e-16
 40
0.0
 40
2460.543253086313
 40
6.7e-15
 40
-1.0
 40
0.0
 40
1626.241823642674
 40
0.0
 40
0.0
 40
1.0
 40
-32.5
 40
0.0
 40
0.0
 40
0.0
 40
1.0
330
114A
100
AcDbAssocArrayItem
 90
0
 90
13
 90
0
 90
0
 90
12
 40
-0.9659258262890702
 40
0.2588190451025202
 40
0.0
 40
2461.395107429086
 40
-0.2588190451025143
 40
-0.9659258262890688
 40
0.0
 40
1619.771347515111
 40
0.0
 40
0.0
 40
1.0
 40
-32.5
 40
0.0
 40
0.0
 40
0.0
 40
1.0
330
114B
100
AcDbAssocArrayItem
 90
0
 90
14
 90
0
 90
0
 90
12
 40
-0.8660254037844421
 40
0.4999999999999997
 40
0.0
 40
2463.892617991702
 40
-0.4999999999999946
 40
-0.866025403784439
 40
0.0
 40
1613.741823642674
 40
0.0
 40
0.0
 40
1.0
 40
-32.5
 40
0.0
 40
0.0
 40
0.0
 40
1.0
330
114C
100
AcDbAssocArrayItem
 90
0
 90
15
 90
0
 90
0
 90
12
 40
-0.7071067811865526
 40
0.7071067811865471
 40
0.0
 40
2467.865583556649
 40
-0.7071067811865428
 40
-0.707106781186548
 40
0.0
 40
1608.56415411301
 40
0.0
 40
0.0
 40
1.0
 40
-32.5
 40
0.0
 40
0.0
 40
0.0
 40
1.0
330
114D
100
AcDbAssocArrayItem
 90
0
 90
16
 90
0
 90
0
 90
12
 40
-0.5000000000000071
 40
0.8660254037844385
 40
0.0
 40
2473.043253086313
 40
-0.8660254037844349
 40
-0.5000000000000007
 40
0.0
 40
1604.591188548063
 40
0.0
 40
0.0
 40
1.0
 40
-32.5
 40
0.0
 40
0.0
 40
0.0
 40
1.0
330
114E
100
AcDbAssocArrayItem
 90
0
 90
17
 90
0
 90
0
 90
12
 40
-0.2588190451025291
 40
0.9659258262890684
 40
0.0
 40
2479.07277695875
 40
-0.9659258262890663
 40
-0.258819045102521
 40
0.0
 40
1602.093677985447
 40
0.0
 40
0.0
 40
1.0
 40
-32.5
 40
0.0
 40
0.0
 40
0.0
 40
1.0
330
114F
100
AcDbAssocArrayItem
 90
0
 90
18
 90
0
 90
0
 90
12
 40
-9.1e-15
 40
1.0
 40
0.0
 40
2485.543253086313
 40
-1.0
 40
-4e-16
 40
0.0
 40
1601.241823642674
 40
0.0
 40
0.0
 40
1.0
 40
-32.5
 40
0.0
 40
0.0
 40
0.0
 40
1.0
330
1150
100
AcDbAssocArrayItem
 90
0
 90
19
 90
0
 90
0
 90
12
 40
0.2588190451025115
 40
0.9659258262890688
 40
0.0
 40
2492.013729213876
 40
-0.9659258262890711
 40
0.2588190451025201
 40
0.0
 40
1602.093677985447
 40
0.0
 40
0.0
 40
1.0
 40
-32.5
 40
0.0
 40
0.0
 40
0.0
 40
1.0
330
1151
100
AcDbAssocArrayItem
 90
0
 90
20
 90
0
 90
0
 90
12
 40
0.4999999999999921
 40
0.8660254037844389
 40
0.0
 40
2498.043253086313
 40
-0.8660254037844435
 40
0.5
 40
0.0
 40
1604.591188548063
 40
0.0
 40
0.0
 40
1.0
 40
-32.5
 40
0.0
 40
0.0
 40
0.0
 40
1.0
330
1152
100
AcDbAssocArrayItem
 90
0
 90
21
 90
0
 90
0
 90
12
 40
0.7071067811865399
 40
0.7071067811865487
 40
0.0
 40
2503.220922615976
 40
-0.7071067811865555
 40
0.7071067811865467
 40
0.0
 40
1608.56415411301
 40
0.0
 40
0.0
 40
1.0
 40
-32.5
 40
0.0
 40
0.0
 40
0.0
 40
1.0
330
1153
100
AcDbAssocArrayItem
 90
0
 90
22
 90
0
 90
0
 90
12
 40
0.866025403784434
 40
0.5
 40
0.0
 40
2507.193888180924
 40
-0.5000000000000089
 40
0.866025403784439
 40
0.0
 40
1613.741823642674
 40
0.0
 40
0.0
 40
1.0
 40
-32.5
 40
0.0
 40
0.0
 40
0.0
 40
1.0
330
1154
100
AcDbAssocArrayItem
 90
0
 90
23
 90
0
 90
0
 90
12
 40
0.9659258262890656
 40
0.2588190451025218
 40
0.0
 40
2509.69139874354
 40
-0.2588190451025323
 40
0.9659258262890681
 40
0.0
 40
1619.771347515111
 40
0.0
 40
0.0
 40
1.0
 40
-32.5
 40
0.0
 40
0.0
 40
0.0
 40
1.0
330
1155
 40
1.0
 40
0.0
 40
0.0
 40
5026.650434195679
 40
0.0
 40
1.0
 40
0.0
 40
679.5614047711883
 40
0.0
 40
0.0
 40
1.0
 40
-1270.0
 40
0.0
 40
0.0
 40
0.0
 40
1.0
  0
ACDBASSOCDEPENDENCY
  5
1124
330
1122
100
AcDbAssocDependency
 90
2
 90
0
290
0
290
1
290
1
290
1
 90
0
330
113C
290
0
330
0
330
0
360
0
 90
1
  0
ACDBASSOCDEPENDENCY
  5
1125
330
1122
100
AcDbAssocDependency
 90
2
 90
0
290
1
290
0
290
1
290
1
 90
0
330
1138
290
0
330
0
330
0
360
0
 90
2
  0
ACDBASSOCDEPENDENCY
  5
1126
330
1122
100
AcDbAssocDependency
 90
2
 90
0
290
1
290
1
290
1
290
1
 90
-2147483648
330
1116
290
0
330
0
330
0
360
0
 90
3
  0
ACDBASSOCVERTEXACTIONPARAM
  5
1127
330
1122
100
AcDbAssocActionParam
 90
1
 90
0
  1
BaseNormal
100
AcDbAssocSingleDependencyActionParam
 90
0
330
0
100
AcDbAssocVertexActionParam
 90
0
 10
0.0
 20
0.0
 30
1.0
  0
ACDBASSOCVERTEXACTIONPARAM
  5
1128
330
1122
100
AcDbAssocActionParam
 90
1
 90
0
  1
Origin
100
AcDbAssocSingleDependencyActionParam
 90
0
330
0
100
AcDbAssocVertexActionParam
 90
0
 10
2485.543253086313
 20
1626.241823642674
 30
-32.5
  0
ACDBASSOCVERTEXACTIONPARAM
  5
1129
330
1122
100
AcDbAssocActionParam
 90
1
 90
0
  1
basePoint
100
AcDbAssocSingleDependencyActionParam
 90
0
330
0
100
AcDbAssocVertexActionParam
 90
0
 10
0.0
 20
0.0
 30
0.0
  0
DICTIONARY
  5
17A1
330
C
100
AcDbDictionary
280
1
281
1
  3
WRITTEN_BY_EZDXF
350
17A2
  0
DICTIONARYVAR
  5
17A2
330
17A1
100
DictionaryVariables
280
0
  1
1.4.4 @ 2026-10-07T17:12:50.705340+00:00
  0
ENDSEC
  0
SECTION
  2
ACDSDATA
 70
2
 71
8
  0
ACDSSCHEMA
 90
0
  1
AcDb_Thumbnail_Schema
  2
AcDbDs::ID
280
10
 91
8
  2
Thumbnail_Data
280
15
 91
0
101
ACDSRECORD
 95
0
 90
1
  2
AcDbDs::TreatedAsObjectData
280
1
291
1
101
ACDSRECORD
 95
0
 90
2
  2
AcDbDs::Legacy
280
1
291
1
101
ACDSRECORD
  1
AcDbDs::ID
 90
3
  2
AcDs:Indexable
280
1
291
1
101
ACDSRECORD
  1
AcDbDs::ID
 90
4
  2
AcDbDs::HandleAttribute
280
7
282
1
  0
ACDSSCHEMA
 90
1
  1
AcDbDs::TreatedAsObjectDataSchema
  2
AcDbDs::TreatedAsObjectData
280
1
 91
0
  0
ACDSSCHEMA
 90
2
  1
AcDbDs::LegacySchema
  2
AcDbDs::Legacy
280
1
 91
0
  0
ACDSSCHEMA
 90
3
  1
AcDbDs::IndexedPropertySchema
  2
AcDs:Indexable
280
1
 91
0
  0
ACDSSCHEMA
 90
4
  1
AcDbDs::HandleAttributeSchema
  2
AcDbDs::HandleAttribute
280
7
 91
1
284
1
  0
ACDSRECORD
 90
0
  2
AcDbDs::ID
280
10
320
22
  2
Thumbnail_Data
280
15
 94
1523
310
89504E470D0A1A0A0000000D49484452000001000000007E0803000000FCF33F5100000300504C5445212830FFFFFF2128300000000000000000000000000000000000000000000000000000330000660000990000CC0000FF0033000033330033660033990033CC0033FF0066000066330066660066990066CC0066FF0099
310
000099330099660099990099CC0099FF00CC0000CC3300CC6600CC9900CCCC00CCFF00FF0000FF3300FF6600FF9900FFCC00FFFF3300003300333300663300993300CC3300FF3333003333333333663333993333CC3333FF3366003366333366663366993366CC3366FF3399003399333399663399993399CC3399FF33CC00
310
33CC3333CC6633CC9933CCCC33CCFF33FF0033FF3333FF6633FF9933FFCC33FFFF6600006600336600666600996600CC6600FF6633006633336633666633996633CC6633FF6666006666336666666666996666CC6666FF6699006699336699666699996699CC6699FF66CC0066CC3366CC6666CC9966CCCC66CCFF66FF0066
310
FF3366FF6666FF9966FFCC66FFFF9900009900339900669900999900CC9900FF9933009933339933669933999933CC9933FF9966009966339966669966999966CC9966FF9999009999339999669999999999CC9999FF99CC0099CC3399CC6699CC9999CCCC99CCFF99FF0099FF3399FF6699FF9999FFCC99FFFFCC0000CC00
310
33CC0066CC0099CC00CCCC00FFCC3300CC3333CC3366CC3399CC33CCCC33FFCC6600CC6633CC6666CC6699CC66CCCC66FFCC9900CC9933CC9966CC9999CC99CCCC99FFCCCC00CCCC33CCCC66CCCC99CCCCCCCCCCFFCCFF00CCFF33CCFF66CCFF99CCFFCCCCFFFFFF0000FF0033FF0066FF0099FF00CCFF00FFFF3300FF3333
310
FF3366FF3399FF33CCFF33FFFF6600FF6633FF6666FF6699FF66CCFF66FFFF9900FF9933FF9966FF9999FF99CCFF99FFFFCC00FFCC33FFCC66FFCC99FFCCCCFFCCFFFFFF00FFFF33FFFF66FFFF99FFFFCCFFFFFF0000000D0D0D1A1A1A2828283535354343435050505D5D5D6B6B6B787878868686939393A1A1A1AEAEAEBB
310
BBBBC9C9C9D6D6D6E4E4E4F1F1F1FFFFFF0000000000000000000000000000000000000000000000000000000000002E4550F1000001FE4944415478DAED9C4B8EC4200C057D7F5F916BBCFDCC2484F0497AD92351AFA4A85BD9B9300482438431C618638C31C618638C31C618638C31C61863CC7790E0E10B6C4067F85403
310
B5F1A939D0DA5E013470B5BA6AF8300357CFAFE1C392405DEB370F9C2490C6A8FB3B0003F3C0A70E442F38537FA5800CDC035F1993E0D0B3BD81BEC3D7BF8387ED0D5CADAF6508808C84BFD115BDC210F0D2FA7524DCBF0BC463F0DD484810505E921F23408FDD207002A6218025208681AFDDC209A8C117A480527320C819
310
10F3C512500A5780E819600175ED6B01EE024001B2000BB080BF9F4CA680147D2ADC0B98B360730163D3033360893CE62C2008889805082EA0CF82CD051C617E14B0F9CEC87B061C576EBF35B40CFD8380840B38494085C0270109157087BF7D8DC838F71D5B1F512CF721033002F4242029B5926F02042B967D1010182601
310
E209C80701C116102C01B2807E6B8C27E0B164D8025802CE558F050C5F4F61BB8005580050C0BA4964013401F5D518F53118819E074C5B41B8E5F0BA1B8216905401B17C3AC31170EE92EBAE184ADE5BD1454062053409495B0A8C02922420AE17A3B780A49DA4330848DE413A756FE0CA80E41DA5A4B1608C779696A682B1
310
200A905AE11C90FB3491001FA6777C366101540199029EA4B7CC87A10F81682B00AE803601E49E2A7B7581440B087606743F5CE8F19B7FE30737E2D8F3F7AE05530000000049454E44AE426082783F29F600F227C5C82278B441A10A90D7089C00D7270B4521CEC9C301986A60B300952B417C065807283586D6004E932167
310
D00D804980D73A5104807A00E95F0ED79A010E60230438012A6D60E1D542098064EB01502E82D30092BFDE12C0770D103E80916FC2C8CE9AD0018CBCDA01284360FC96E07DD07C8BE0C43D219FB347386E29351402474F247B14C8B928D09C05260092187080FF04F8010E7AC52C000A85780000000049454E44AE426082
  0
ENDSEC
  0
EOF
