  0
SECTION
  2
HEADER
  9
$ACADVER
  1
AC1032
  9
$ACADMAINTVER
 90
4
  9
$DWGCODEPAGE
  3
ANSI_1252
  9
$LASTSAVEDBY
  1
ezdxf
  9
$REQUIREDVERSIONS
160
0
  9
$INSBASE
 10
0.0
 20
0.0
 30
0.0
  9
$EXTMIN
 10
1e+20
 20
1e+20
 30
1e+20
  9
$EXTMAX
 10
-1e+20
 20
-1e+20
 30
-1e+20
  9
$LIMMIN
 10
0.0
 20
0.0
  9
$LIMMAX
 10
420.0
 20
297.0
  9
$ORTHOMODE
 70
0
  9
$REGENMODE
 70
1
  9
$FILLMODE
 70
1
  9
$QTEXTMODE
 70
0
  9
$MIRRTEXT
 70
1
  9
$LTSCALE
 40
1.0
  9
$ATTMODE
 70
1
  9
$TEXTSIZE
 40
2.5
  9
$TRACEWID
 40
1.0
  9
$TEXTSTYLE
  7
OpenSans
  9
$CLAYER
  8
0
  9
$CELTYPE
  6
ByLayer
  9
$CECOLOR
 62
256
  9
$CELTSCALE
 40
1.0
  9
$DISPSILH
 70
0
  9
$DIMSCALE
 40
1.0
  9
$DIMASZ
 40
0.175
  9
$DIMEXO
 40
0.125
  9
$DIMDLI
 40
3.75
  9
$DIMRND
 40
0.0
  9
$DIMDLE
 40
0.0
  9
$DIMEXE
 40
0.375
  9
$DIMTP
 40
0.0
  9
$DIMTM
 40
0.0
  9
$DIMTXT
 40
0.25
  9
$DIMCEN
 40
2.5
  9
$DIMTSZ
 40
0.0
  9
$DIMTOL
 70
0
  9
$DIMLIM
 70
0
  9
$DIMTIH
 70
0
  9
$DIMTOH
 70
0
  9
$DIMSE1
 70
0
  9
$DIMSE2
 70
0
  9
$DIMTAD
 70
1
  9
$DIMZIN
 70
12
  9
$DIMBLK
  1
ARCHTICK
  9
$DIMASO
 70
1
  9
$DIMSHO
 70
1
  9
$DIMPOST
  1

  9
$DIMAPOST
  1

  9
$DIMALT
 70
0
  9
$DIMALTD
 70
3
  9
$DIMALTF
 40
0.03937007874
  9
$DIMLFAC
 40
100.0
  9
$DIMTOFL
 70
1
  9
$DIMTVP
 40
0.0
  9
$DIMTIX
 70
0
  9
$DIMSOXD
 70
0
  9
$DIMSAH
 70
0
  9
$DIMBLK1
  1

  9
$DIMBLK2
  1

  9
$DIMSTYLE
  2
EZDXF
  9
$DIMCLRD
 70
0
  9
$DIMCLRE
 70
0
  9
$DIMCLRT
 70
0
  9
$DIMTFAC
 40
0.5
  9
$DIMGAP
 40
0.1
  9
$DIMJUST
 70
0
  9
$DIMSD1
 70
0
  9
$DIMSD2
 70
0
  9
$DIMTOLJ
 70
0
  9
$DIMTZIN
 70
8
  9
$DIMALTZ
 70
0
  9
$DIMALTTZ
 70
0
  9
$DIMUPT
 70
1
  9
$DIMDEC
 70
2
  9
$DIMTDEC
 70
2
  9
$DIMALTU
 70
2
  9
$DIMALTTD
 70
3
  9
$DIMTXSTY
  7
OpenSansCondensed-Light
  9
$DIMAUNIT
 70
0
  9
$DIMADEC
 70
2
  9
$DIMALTRND
 40
0.0
  9
$DIMAZIN
 70
3
  9
$DIMDSEP
 70
46
  9
$DIMATFIT
 70
3
  9
$DIMFRAC
 70
0
  9
$DIMLDRBLK
  1

  9
$DIMLUNIT
 70
2
  9
$DIMLWD
 70
-2
  9
$DIMLWE
 70
-2
  9
$DIMTMOVE
 70
2
  9
$DIMFXL
 40
1.0
  9
$DIMFXLON
 70
0
  9
$DIMJOGANG
 40
0.785398163397
  9
$DIMTFILL
 70
0
  9
$DIMTFILLCLR
 70
0
  9
$DIMARCSYM
 70
0
  9
$DIMLTYPE
  6

  9
$DIMLTEX1
  6

  9
$DIMLTEX2
  6

  9
$DIMTXTDIRECTION
 70
0
  9
$LUNITS
 70
2
  9
$LUPREC
 70
4
  9
$SKETCHINC
 40
1.0
  9
$FILLETRAD
 40
10.0
  9
$AUNITS
 70
0
  9
$AUPREC
 70
2
  9
$MENU
  1
.
  9
$ELEVATION
 40
0.0
  9
$PELEVATION
 40
0.0
  9
$THICKNESS
 40
0.0
  9
$LIMCHECK
 70
0
  9
$CHAMFERA
 40
0.0
  9
$CHAMFERB
 40
0.0
  9
$CHAMFERC
 40
0.0
  9
$CHAMFERD
 40
0.0
  9
$SKPOLY
 70
0
  9
$TDCREATE
 40
2461320.7358564814
  9
$TDUCREATE
 40
2458532.153996898
  9
$TDUPDATE
 40
2461320.7358564814
  9
$TDUUPDATE
 40
2458532.1544311
  9
$TDINDWG
 40
0.0
  9
$TDUSRTIMER
 40
0.0
  9
$USRTIMER
 70
1
  9
$ANGBASE
 50
0.0
  9
$ANGDIR
 70
0
  9
$PDMODE
 70
0
  9
$PDSIZE
 40
0.0
  9
$PLINEWID
 40
0.0
  9
$SPLFRAME
 70
0
  9
$SPLINETYPE
 70
6
  9
$SPLINESEGS
 70
8
  9
$HANDSEED
  5
7EF
  9
$SURFTAB1
 70
6
  9
$SURFTAB2
 70
6
  9
$SURFTYPE
 70
6
  9
$SURFU
 70
6
  9
$SURFV
 70
6
  9
$UCSBASE
  2

  9
$UCSNAME
  2

  9
$UCSORG
 10
0.0
 20
0.0
 30
0.0
  9
$UCSXDIR
 10
1.0
 20
0.0
 30
0.0
  9
$UCSYDIR
 10
0.0
 20
1.0
 30
0.0
  9
$UCSORTHOREF
  2

  9
$UCSORTHOVIEW
 70
0
  9
$UCSORGTOP
 10
0.0
 20
0.0
 30
0.0
  9
$UCSORGBOTTOM
 10
0.0
 20
0.0
 30
0.0
  9
$UCSORGLEFT
 10
0.0
 20
0.0
 30
0.0
  9
$UCSORGRIGHT
 10
0.0
 20
0.0
 30
0.0
  9
$UCSORGFRONT
 10
0.0
 20
0.0
 30
0.0
  9
$UCSORGBACK
 10
0.0
 20
0.0
 30
0.0
  9
$PUCSBASE
  2

  9
$PUCSNAME
  2

  9
$PUCSORG
 10
0.0
 20
0.0
 30
0.0
  9
$PUCSXDIR
 10
1.0
 20
0.0
 30
0.0
  9
$PUCSYDIR
 10
0.0
 20
1.0
 30
0.0
  9
$PUCSORTHOREF
  2

  9
$PUCSORTHOVIEW
 70
0
  9
$PUCSORGTOP
 10
0.0
 20
0.0
 30
0.0
  9
$PUCSORGBOTTOM
 10
0.0
 20
0.0
 30
0.0
  9
$PUCSORGLEFT
 10
0.0
 20
0.0
 30
0.0
  9
$PUCSORGRIGHT
 10
0.0
 20
0.0
 30
0.0
  9
$PUCSORGFRONT
 10
0.0
 20
0.0
 30
0.0
  9
$PUCSORGBACK
 10
0.0
 20
0.0
 30
0.0
  9
$USERI1
 70
0
  9
$USERI2
 70
0
  9
$USERI3
 70
0
  9
$USERI4
 70
0
  9
$USERI5
 70
0
  9
$USERR1
 40
0.0
  9
$USERR2
 40
0.0
  9
$USERR3
 40
0.0
  9
$USERR4
 40
0.0
  9
$USERR5
 40
0.0
  9
$WORLDVIEW
 70
1
  9
$SHADEDGE
 70
3
  9
$SHADEDIF
 70
70
  9
$TILEMODE
 70
1
  9
$MAXACTVP
 70
64
  9
$PINSBASE
 10
0.0
 20
0.0
 30
0.0
  9
$PLIMCHECK
 70
0
  9
$PEXTMIN
 10
1e+20
 20
1e+20
 30
1e+20
  9
$PEXTMAX
 10
-1e+20
 20
-1e+20
 30
-1e+20
  9
$PLIMMIN
 10
0.0
 20
0.0
  9
$PLIMMAX
 10
420.0
 20
297.0
  9
$UNITMODE
 70
0
  9
$VISRETAIN
 70
1
  9
$PLINEGEN
 70
0
  9
$PSLTSCALE
 70
1
  9
$TREEDEPTH
 70
3020
  9
$CMLSTYLE
  2
Standard
  9
$CMLJUST
 70
0
  9
$CMLSCALE
 40
20.0
  9
$PROXYGRAPHICS
 70
1
  9
$MEASUREMENT
 70
1
  9
$CELWEIGHT
370
-1
  9
$ENDCAPS
280
0
  9
$JOINSTYLE
280
0
  9
$LWDISPLAY
290
0
  9
$INSUNITS
 70
4
  9
$HYPERLINKBASE
  1

  9
$STYLESHEET
  1

  9
$XEDIT
290
1
  9
$CEPSNTYPE
380
0
  9
$PSTYLEMODE
290
1
  9
$FINGERPRINTGUID
  2
{66167144-824B-423B-9525-8D33D75158F1}
  9
$VERSIONGUID
  2
{376DD415-CF9F-46AC-9FD3-C0406E8AE58A}
  9
$EXTNAMES
290
1
  9
$PSVPSCALE
 40
0.0
  9
$OLESTARTUP
290
0
  9
$SORTENTS
280
127
  9
$INDEXCTL
280
0
  9
$HIDETEXT
280
1
  9
$XCLIPFRAME
280
1
  9
$HALOGAP
280
0
  9
$OBSCOLOR
 70
257
  9
$OBSLTYPE
280
0
  9
$INTERSECTIONDISPLAY
280
0
  9
$INTERSECTIONCOLOR
 70
257
  9
$DIMASSOC
280
2
  9
$PROJECTNAME
  1

  9
$CAMERADISPLAY
290
0
  9
$LENSLENGTH
 40
50.0
  9
$CAMERAHEIGHT
 40
0.0
  9
$STEPSPERSEC
 40
24.0
  9
$STEPSIZE
 40
100.0
  9
$3DDWFPREC
 40
2.0
  9
$PSOLWIDTH
 40
0.005
  9
$PSOLHEIGHT
 40
0.08
  9
$LOFTANG1
 40
1.570796326795
  9
$LOFTANG2
 40
1.570796326795
  9
$LOFTMAG1
 40
0.0
  9
$LOFTMAG2
 40
0.0
  9
$LOFTPARAM
 70
7
  9
$LOFTNORMALS
280
1
  9
$LATITUDE
 40
37.795
  9
$LONGITUDE
 40
-122.394
  9
$NORTHDIRECTION
 40
0.0
  9
$TIMEZONE
 70
-8000
  9
$LIGHTGLYPHDISPLAY
280
1
  9
$TILEMODELIGHTSYNCH
280
1
  9
$CMATERIAL
347
20
  9
$SOLIDHIST
280
0
  9
$SHOWHIST
280
1
  9
$DWFFRAME
280
2
  9
$DGNFRAME
280
2
  9
$REALWORLDSCALE
290
1
  9
$INTERFERECOLOR
 62
256
  9
$CSHADOW
280
0
  9
$SHADOWPLANELOCATION
 40
0.0
  0
ENDSEC
  0
SECTION
  2
CLASSES
  0
CLASS
  1
ACDBDICTIONARYWDFLT
  2
AcDbDictionaryWithDefault
  3
ObjectDBX Classes
 90
0
 91
0
280
0
281
0
  0
CLASS
  1
SUN
  2
AcDbSun
  3
SCENEOE
 90
1153
 91
0
280
0
281
0
  0
CLASS
  1
VISUALSTYLE
  2
AcDbVisualStyle
  3
ObjectDBX Classes
 90
4095
 91
0
280
0
281
0
  0
CLASS
  1
MATERIAL
  2
AcDbMaterial
  3
ObjectDBX Classes
 90
1153
 91
0
280
0
281
0
  0
CLASS
  1
SCALE
  2
AcDbScale
  3
ObjectDBX Classes
 90
1153
 91
0
280
0
281
0
  0
CLASS
  1
TABLESTYLE
  2
AcDbTableStyle
  3
ObjectDBX Classes
 90
4095
 91
0
280
0
281
0
  0
CLASS
  1
MLEADERSTYLE
  2
AcDbMLeaderStyle
  3
ACDB_MLEADERSTYLE_CLASS
 90
4095
 91
0
280
0
281
0
  0
CLASS
  1
DICTIONARYVAR
  2
AcDbDictionaryVar
  3
ObjectDBX Classes
 90
0
 91
0
280
0
281
0
  0
CLASS
  1
CELLSTYLEMAP
  2
AcDbCellStyleMap
  3
ObjectDBX Classes
 90
1152
 91
0
280
0
281
0
  0
CLASS
  1
MENTALRAYRENDERSETTINGS
  2
AcDbMentalRayRenderSettings
  3
SCENEOE
 90
1024
 91
0
280
0
281
0
  0
CLASS
  1
ACDBDETAILVIEWSTYLE
  2
AcDbDetailViewStyle
  3
ObjectDBX Classes
 90
1025
 91
0
280
0
281
0
  0
CLASS
  1
ACDBSECTIONVIEWSTYLE
  2
AcDbSectionViewStyle
  3
ObjectDBX Classes
 90
1025
 91
0
280
0
281
0
  0
CLASS
  1
RASTERVARIABLES
  2
AcDbRasterVariables
  3
ISM
 90
0
 91
0
280
0
281
0
  0
CLASS
  1
ACDBPLACEHOLDER
  2
AcDbPlaceHolder
  3
ObjectDBX Classes
 90
0
 91
0
280
0
281
0
  0
CLASS
  1
LAYOUT
  2
AcDbLayout
  3
ObjectDBX Classes
 90
0
 91
0
280
0
281
0
  0
ENDSEC
  0
SECTION
  2
TABLES
  0
TABLE
  2
VPORT
  5
8
330
0
100
AcDbSymbolTable
 70
1
  0
VPORT
  5
23
330
8
100
AcDbSymbolTableRecord
100
AcDbViewportTableRecord
  2
*Active
 70
0
 10
0.0
 20
0.0
 11
1.0
 21
1.0
 12
0.0
 22
0.0
 13
0.0
 23
0.0
 14
0.5
 24
0.5
 15
0.5
 25
0.5
 16
0.0
 26
0.0
 36
1.0
 17
0.0
 27
0.0
 37
0.0
 40
1000.0
 41
1.34
 42
50.0
 43
0.0
 44
0.0
 50
0.0
 51
0.0
 71
0
 72
1000
 73
1
 74
3
 75
0
 76
0
 77
0
 78
0
281
0
 65
0
146
0.0
  0
ENDTAB
  0
TABLE
  2
LTYPE
  5
2
330
0
100
AcDbSymbolTable
 70
21
  0
LTYPE
  5
24
330
2
100
AcDbSymbolTableRecord
100
AcDbLinetypeTableRecord
  2
ByBlock
 70
0
  3

 72
65
 73
0
 40
0.0
  0
LTYPE
  5
25
330
2
100
AcDbSymbolTableRecord
100
AcDbLinetypeTableRecord
  2
ByLayer
 70
0
  3

 72
65
 73
0
 40
0.0
  0
LTYPE
  5
26
330
2
100
AcDbSymbolTableRecord
100
AcDbLinetypeTableRecord
  2
Continuous
 70
0
  3

 72
65
 73
0
 40
0.0
  0
LTYPE
  5
2F
330
2
100
AcDbSymbolTableRecord
100
AcDbLinetypeTableRecord
  2
CENTER
 70
0
  3
Center ____ _ ____ _ ____ _ ____ _ ____ _ ____
 72
65
 73
4
 40
5.08
 49
3.175
 74
0
 49
-0.635
 74
0
 49
0.635
 74
0
 49
-0.635
 74
0
  0
LTYPE
  5
30
330
2
100
AcDbSymbolTableRecord
100
AcDbLinetypeTableRecord
  2
CENTERX2
 70
0
  3
Center (2x) ________  __  ________  __  ________
 72
65
 73
4
 40
8.89
 49
6.35
 74
0
 49
-0.635
 74
0
 49
1.27
 74
0
 49
-0.635
 74
0
  0
LTYPE
  5
31
330
2
100
AcDbSymbolTableRecord
100
AcDbLinetypeTableRecord
  2
CENTER2
 70
0
  3
Center (.5x) ____ _ ____ _ ____ _ ____ _ ____
 72
65
 73
4
 40
2.54
 49
1.587
 74
0
 49
-0.318
 74
0
 49
0.318
 74
0
 49
-0.318
 74
0
  0
LTYPE
  5
32
330
2
100
AcDbSymbolTableRecord
100
AcDbLinetypeTableRecord
  2
DASHED
 70
0
  3
Dashed __ __ __ __ __ __ __ __ __ __ __ __ __ _
 72
65
 73
2
 40
1.524
 49
1.27
 74
0
 49
-0.254
 74
0
  0
LTYPE
  5
33
330
2
100
AcDbSymbolTableRecord
100
AcDbLinetypeTableRecord
  2
DASHEDX2
 70
0
  3
Dashed (2x) ____  ____  ____  ____  ____  ____
 72
65
 73
2
 40
3.048
 49
2.54
 74
0
 49
-0.508
 74
0
  0
LTYPE
  5
34
330
2
100
AcDbSymbolTableRecord
100
AcDbLinetypeTableRecord
  2
DASHED2
 70
0
  3
Dashed (.5x) _ _ _ _ _ _ _ _ _ _ _ _ _ _
 72
65
 73
2
 40
0.762
 49
0.635
 74
0
 49
-0.127
 74
0
  0
LTYPE
  5
35
330
2
100
AcDbSymbolTableRecord
100
AcDbLinetypeTableRecord
  2
PHANTOM
 70
0
  3
Phantom ______  __  __  ______  __  __  ______
 72
65
 73
6
 40
6.35
 49
3.175
 74
0
 49
-0.635
 74
0
 49
0.635
 74
0
 49
-0.635
 74
0
 49
0.635
 74
0
 49
-0.635
 74
0
  0
LTYPE
  5
36
330
2
100
AcDbSymbolTableRecord
100
AcDbLinetypeTableRecord
  2
PHANTOMX2
 70
0
  3
Phantom (2x)____________    ____    ____    ____________
 72
65
 73
6
 40
10.795
 49
6.35
 74
0
 49
-0.635
 74
0
 49
1.27
 74
0
 49
-0.635
 74
0
 49
1.27
 74
0
 49
-0.635
 74
0
  0
LTYPE
  5
37
330
2
100
AcDbSymbolTableRecord
100
AcDbLinetypeTableRecord
  2
PHANTOM2
 70
0
  3
Phantom (.5x) ___ _ _ ___ _ _ ___ _ _ ___ _ _ ___
 72
65
 73
6
 40
3.175
 49
1.587
 74
0
 49
-0.318
 74
0
 49
0.318
 74
0
 49
-0.318
 74
0
 49
0.318
 74
0
 49
-0.318
 74
0
  0
LTYPE
  5
38
330
2
100
AcDbSymbolTableRecord
100
AcDbLinetypeTableRecord
  2
DASHDOT
 70
0
  3
Dash dot __ . __ . __ . __ . __ . __ . __ . __
 72
65
 73
4
 40
3.556
 49
2.54
 74
0
 49
-0.508
 74
0
 49
0.0
 74
0
 49
-0.508
 74
0
  0
LTYPE
  5
39
330
2
100
AcDbSymbolTableRecord
100
AcDbLinetypeTableRecord
  2
DASHDOTX2
 70
0
  3
Dash dot (2x) ____  .  ____  .  ____  .  ____
 72
65
 73
4
 40
6.096
 49
5.08
 74
0
 49
-0.508
 74
0
 49
0.0
 74
0
 49
-0.508
 74
0
  0
LTYPE
  5
3A
330
2
100
AcDbSymbolTableRecord
100
AcDbLinetypeTableRecord
  2
DASHDOT2
 70
0
  3
Dash dot (.5x) _ . _ . _ . _ . _ . _ . _ . _
 72
65
 73
4
 40
1.778
 49
1.27
 74
0
 49
-0.254
 74
0
 49
0.0
 74
0
 49
-0.254
 74
0
  0
LTYPE
  5
3B
330
2
100
AcDbSymbolTableRecord
100
AcDbLinetypeTableRecord
  2
DOT
 70
0
  3
Dot .  .  .  .  .  .  .  .  .  .  .  .  .  .  .  .
 72
65
 73
2
 40
0.508
 49
0.0
 74
0
 49
-0.508
 74
0
  0
LTYPE
  5
3C
330
2
100
AcDbSymbolTableRecord
100
AcDbLinetypeTableRecord
  2
DOTX2
 70
0
  3
Dot (2x) .    .    .    .    .    .    .    . 
 72
65
 73
2
 40
1.016
 49
0.0
 74
0
 49
-1.016
 74
0
  0
LTYPE
  5
3D
330
2
100
AcDbSymbolTableRecord
100
AcDbLinetypeTableRecord
  2
DOT2
 70
0
  3
Dot (.5) . . . . . . . . . . . . . . . . . . . 
 72
65
 73
2
 40
0.254
 49
0.0
 74
0
 49
-0.254
 74
0
  0
LTYPE
  5
3E
330
2
100
AcDbSymbolTableRecord
100
AcDbLinetypeTableRecord
  2
DIVIDE
 70
0
  3
Divide __ . . __ . . __ . . __ . . __ . . __
 72
65
 73
6
 40
4.064
 49
2.54
 74
0
 49
-0.508
 74
0
 49
0.0
 74
0
 49
-0.508
 74
0
 49
0.0
 74
0
 49
-0.508
 74
0
  0
LTYPE
  5
3F
330
2
100
AcDbSymbolTableRecord
100
AcDbLinetypeTableRecord
  2
DIVIDEX2
 70
0
  3
Divide (2x) ____  . .  ____  . .  ____  . .  ____
 72
65
 73
6
 40
6.604
 49
5.08
 74
0
 49
-0.508
 74
0
 49
0.0
 74
0
 49
-0.508
 74
0
 49
0.0
 74
0
 49
-0.508
 74
0
  0
LTYPE
  5
40
330
2
100
AcDbSymbolTableRecord
100
AcDbLinetypeTableRecord
  2
DIVIDE2
 70
0
  3
Divide(.5x) _ . _ . _ . _ . _ . _ . _ . _
 72
65
 73
6
 40
2.032
 49
1.27
 74
0
 49
-0.254
 74
0
 49
0.0
 74
0
 49
-0.254
 74
0
 49
0.0
 74
0
 49
-0.254
 74
0
  0
ENDTAB
  0
TABLE
  2
LAYER
  5
1
330
0
100
AcDbSymbolTable
 70
10
  0
LAYER
  5
27
330
1
100
AcDbSymbolTableRecord
100
AcDbLayerTableRecord
  2
0
 70
0
 62
7
  6
Continuous
370
-3
390
13
347
21
  0
LAYER
  5
28
330
1
100
AcDbSymbolTableRecord
100
AcDbLayerTableRecord
  2
Defpoints
 70
0
 62
7
  6
Continuous
290
0
370
-3
390
13
347
21
  0
LAYER
  5
8A
330
1
100
AcDbSymbolTableRecord
100
AcDbLayerTableRecord
  2
PLATEAU
 70
0
 62
7
  6
Continuous
370
-3
390
13
347
21
  0
LAYER
  5
8B
330
1
100
AcDbSymbolTableRecord
100
AcDbLayerTableRecord
  2
GRILLE_100
 70
0
 62
8
  6
Continuous
370
-3
390
13
347
21
  0
LAYER
  5
8C
330
1
100
AcDbSymbolTableRecord
100
AcDbLayerTableRecord
  2
PERCAGES
 70
0
 62
1
  6
Continuous
370
-3
390
13
347
21
  0
LAYER
  5
8D
330
1
100
AcDbSymbolTableRecord
100
AcDbLayerTableRecord
  2
EMPRISE_SUSPENSION
 70
0
 62
3
  6
Continuous
370
-3
390
13
347
21
  0
LAYER
  5
8E
330
1
100
AcDbSymbolTableRecord
100
AcDbLayerTableRecord
  2
REPERES
 70
0
 62
5
  6
Continuous
370
-3
390
13
347
21
  0
LAYER
  5
8F
330
1
100
AcDbSymbolTableRecord
100
AcDbLayerTableRecord
  2
LONGUEURS_FIL
 70
0
 62
7
  6
Continuous
370
-3
390
13
347
21
  0
LAYER
  5
90
330
1
100
AcDbSymbolTableRecord
100
AcDbLayerTableRecord
  2
COTES
 70
0
 62
4
  6
Continuous
370
-3
390
13
347
21
  0
LAYER
  5
91
330
1
100
AcDbSymbolTableRecord
100
AcDbLayerTableRecord
  2
CARTOUCHE
 70
0
 62
7
  6
Continuous
370
-3
390
13
347
21
  0
ENDTAB
  0
TABLE
  2
STYLE
  5
5
330
0
100
AcDbSymbolTable
 70
26
  0
STYLE
  5
29
330
5
100
AcDbSymbolTableRecord
100
AcDbTextStyleTableRecord
  2
Standard
 70
0
 40
0.0
 41
1.0
 50
0.0
 71
0
 42
2.5
  3
txt
  4

  0
STYLE
  5
41
330
5
100
AcDbSymbolTableRecord
100
AcDbTextStyleTableRecord
  2
OpenSans-Light
 70
0
 40
0.0
 41
1.0
 50
0.0
 71
0
 42
2.5
  3
OpenSans-Light.ttf
  4

  0
STYLE
  5
42
330
5
100
AcDbSymbolTableRecord
100
AcDbTextStyleTableRecord
  2
OpenSans-Light-Italic
 70
0
 40
0.0
 41
1.0
 50
0.0
 71
0
 42
2.5
  3
OpenSans-LightItalic.ttf
  4

  0
STYLE
  5
43
330
5
100
AcDbSymbolTableRecord
100
AcDbTextStyleTableRecord
  2
OpenSans
 70
0
 40
0.0
 41
1.0
 50
0.0
 71
0
 42
2.5
  3
OpenSans-Regular.ttf
  4

  0
STYLE
  5
44
330
5
100
AcDbSymbolTableRecord
100
AcDbTextStyleTableRecord
  2
OpenSans-Italic
 70
0
 40
0.0
 41
1.0
 50
0.0
 71
0
 42
2.5
  3
OpenSans-Italic.ttf
  4

  0
STYLE
  5
45
330
5
100
AcDbSymbolTableRecord
100
AcDbTextStyleTableRecord
  2
OpenSans-SemiBold
 70
0
 40
0.0
 41
1.0
 50
0.0
 71
0
 42
2.5
  3
OpenSans-SemiBold.ttf
  4

  0
STYLE
  5
46
330
5
100
AcDbSymbolTableRecord
100
AcDbTextStyleTableRecord
  2
OpenSans-SemiBoldItalic
 70
0
 40
0.0
 41
1.0
 50
0.0
 71
0
 42
2.5
  3
OpenSans-SemiBoldItalic.ttf
  4

  0
STYLE
  5
47
330
5
100
AcDbSymbolTableRecord
100
AcDbTextStyleTableRecord
  2
OpenSans-Bold
 70
0
 40
0.0
 41
1.0
 50
0.0
 71
0
 42
2.5
  3
OpenSans-Bold.ttf
  4

  0
STYLE
  5
48
330
5
100
AcDbSymbolTableRecord
100
AcDbTextStyleTableRecord
  2
OpenSans-BoldItalic
 70
0
 40
0.0
 41
1.0
 50
0.0
 71
0
 42
2.5
  3
OpenSans-BoldItalic.ttf
  4

  0
STYLE
  5
49
330
5
100
AcDbSymbolTableRecord
100
AcDbTextStyleTableRecord
  2
OpenSans-ExtraBold
 70
0
 40
0.0
 41
1.0
 50
0.0
 71
0
 42
2.5
  3
OpenSans-ExtraBold.ttf
  4

  0
STYLE
  5
4A
330
5
100
AcDbSymbolTableRecord
100
AcDbTextStyleTableRecord
  2
OpenSans-ExtraBoldItalic
 70
0
 40
0.0
 41
1.0
 50
0.0
 71
0
 42
2.5
  3
OpenSans-ExtraBoldItalic.ttf
  4

  0
STYLE
  5
4B
330
5
100
AcDbSymbolTableRecord
100
AcDbTextStyleTableRecord
  2
OpenSansCondensed-Bold
 70
0
 40
0.0
 41
1.0
 50
0.0
 71
0
 42
2.5
  3
OpenSansCondensed-Bold.ttf
  4

  0
STYLE
  5
4C
330
5
100
AcDbSymbolTableRecord
100
AcDbTextStyleTableRecord
  2
OpenSansCondensed-Light
 70
0
 40
0.0
 41
1.0
 50
0.0
 71
0
 42
2.5
  3
OpenSansCondensed-Light.ttf
  4

  0
STYLE
  5
4D
330
5
100
AcDbSymbolTableRecord
100
AcDbTextStyleTableRecord
  2
OpenSansCondensed-Italic
 70
0
 40
0.0
 41
1.0
 50
0.0
 71
0
 42
2.5
  3
OpenSansCondensed-LightItalic.ttf
  4

  0
STYLE
  5
4E
330
5
100
AcDbSymbolTableRecord
100
AcDbTextStyleTableRecord
  2
LiberationSans
 70
0
 40
0.0
 41
1.0
 50
0.0
 71
0
 42
2.5
  3
LiberationSans-Regular.ttf
  4

  0
STYLE
  5
4F
330
5
100
AcDbSymbolTableRecord
100
AcDbTextStyleTableRecord
  2
LiberationSans-Bold
 70
0
 40
0.0
 41
1.0
 50
0.0
 71
0
 42
2.5
  3
LiberationSans-Bold.ttf
  4

  0
STYLE
  5
50
330
5
100
AcDbSymbolTableRecord
100
AcDbTextStyleTableRecord
  2
LiberationSans-BoldItalic
 70
0
 40
0.0
 41
1.0
 50
0.0
 71
0
 42
2.5
  3
LiberationSans-BoldItalic.ttf
  4

  0
STYLE
  5
51
330
5
100
AcDbSymbolTableRecord
100
AcDbTextStyleTableRecord
  2
LiberationSans-Italic
 70
0
 40
0.0
 41
1.0
 50
0.0
 71
0
 42
2.5
  3
LiberationSans-Italic.ttf
  4

  0
STYLE
  5
52
330
5
100
AcDbSymbolTableRecord
100
AcDbTextStyleTableRecord
  2
LiberationSerif
 70
0
 40
0.0
 41
1.0
 50
0.0
 71
0
 42
2.5
  3
LiberationSerif-Regular.ttf
  4

  0
STYLE
  5
53
330
5
100
AcDbSymbolTableRecord
100
AcDbTextStyleTableRecord
  2
LiberationSerif-Bold
 70
0
 40
0.0
 41
1.0
 50
0.0
 71
0
 42
2.5
  3
LiberationSerif-Bold.ttf
  4

  0
STYLE
  5
54
330
5
100
AcDbSymbolTableRecord
100
AcDbTextStyleTableRecord
  2
LiberationSerif-BoldItalic
 70
0
 40
0.0
 41
1.0
 50
0.0
 71
0
 42
2.5
  3
LiberationSerif-BoldItalic.ttf
  4

  0
STYLE
  5
55
330
5
100
AcDbSymbolTableRecord
100
AcDbTextStyleTableRecord
  2
LiberationSerif-Italic
 70
0
 40
0.0
 41
1.0
 50
0.0
 71
0
 42
2.5
  3
LiberationSerif-Italic.ttf
  4

  0
STYLE
  5
56
330
5
100
AcDbSymbolTableRecord
100
AcDbTextStyleTableRecord
  2
LiberationMono
 70
0
 40
0.0
 41
1.0
 50
0.0
 71
0
 42
2.5
  3
LiberationMono-Regular.ttf
  4

  0
STYLE
  5
57
330
5
100
AcDbSymbolTableRecord
100
AcDbTextStyleTableRecord
  2
LiberationMono-Bold
 70
0
 40
0.0
 41
1.0
 50
0.0
 71
0
 42
2.5
  3
LiberationMono-Bold.ttf
  4

  0
STYLE
  5
58
330
5
100
AcDbSymbolTableRecord
100
AcDbTextStyleTableRecord
  2
LiberationMono-BoldItalic
 70
0
 40
0.0
 41
1.0
 50
0.0
 71
0
 42
2.5
  3
LiberationMono-BoldItalic.ttf
  4

  0
STYLE
  5
59
330
5
100
AcDbSymbolTableRecord
100
AcDbTextStyleTableRecord
  2
LiberationMono-Italic
 70
0
 40
0.0
 41
1.0
 50
0.0
 71
0
 42
2.5
  3
LiberationMono-Italic.ttf
  4

  0
ENDTAB
  0
TABLE
  2
VIEW
  5
7
330
0
100
AcDbSymbolTable
 70
0
  0
ENDTAB
  0
TABLE
  2
UCS
  5
6
330
0
100
AcDbSymbolTable
 70
0
  0
ENDTAB
  0
TABLE
  2
APPID
  5
3
330
0
100
AcDbSymbolTable
 70
3
  0
APPID
  5
2A
330
3
100
AcDbSymbolTableRecord
100
AcDbRegAppTableRecord
  2
ACAD
 70
0
  0
APPID
  5
7EC
330
3
100
AcDbSymbolTableRecord
100
AcDbRegAppTableRecord
  2
HATCHBACKGROUNDCOLOR
 70
0
  0
APPID
  5
7ED
330
3
100
AcDbSymbolTableRecord
100
AcDbRegAppTableRecord
  2
EZDXF
 70
0
  0
ENDTAB
  0
TABLE
  2
DIMSTYLE
  5
4
330
0
100
AcDbSymbolTable
 70
12
100
AcDbDimStyleTable
  0
DIMSTYLE
105
2B
330
4
100
AcDbSymbolTableRecord
100
AcDbDimStyleTableRecord
  2
Standard
 70
0
 40
1.0
 41
2.5
 42
0.625
 43
3.75
 44
1.25
 45
0.0
 46
0.0
 47
0.0
 48
0.0
 49
2.5
140
2.5
141
2.5
142
0.0
143
0.03937007874
144
1.0
145
0.0
146
1.0
147
0.625
148
0.0
 69
0
 70
0
 71
0
 72
0
 73
0
 74
0
 75
0
 76
0
 77
1
 78
8
 79
3
170
0
171
3
172
1
173
0
174
0
175
0
176
0
177
0
178
0
179
2
271
2
272
2
273
2
274
3
275
0
276
0
277
2
278
44
279
0
280
0
281
0
282
0
283
0
284
8
285
0
286
0
288
0
289
3
290
0
371
-2
372
-2
  0
DIMSTYLE
105
73
330
4
100
AcDbSymbolTableRecord
100
AcDbDimStyleTableRecord
  2
EZDXF
 70
0
 40
1.0
 41
0.175
 42
0.125
 43
3.75
 44
0.375
 45
0.0
 46
0.0
 47
0.0
 48
0.0
 49
2.5
140
0.25
141
2.5
142
0.0
143
0.03937007874
144
100.0
145
0.0
146
0.5
147
0.1
148
0.0
 69
0
 70
0
 71
0
 72
0
 73
0
 74
0
 75
0
 76
0
 77
1
 78
12
 79
3
170
0
171
3
172
1
173
0
174
0
175
0
176
0
177
0
178
0
179
2
271
2
272
2
273
2
274
3
275
0
276
0
277
2
278
46
279
2
280
0
281
0
282
0
283
0
284
8
285
0
286
0
288
1
289
3
290
0
340
4C
342
74
371
-2
372
-2
  0
DIMSTYLE
105
7C
330
4
100
AcDbSymbolTableRecord
100
AcDbDimStyleTableRecord
  2
EZ_M_100_H25_CM
 70
0
 40
1.0
 41
0.25
 42
0.125
 43
3.75
 44
0.375
 45
0.0
 46
0.0
 47
0.0
 48
0.0
 49
2.5
140
0.25
141
2.5
142
0.125
143
0.03937007874
144
100.0
145
0.0
146
0.5
147
0.1
148
0.0
 69
0
 70
0
 71
0
 72
0
 73
0
 74
0
 75
0
 76
0
 77
1
 78
12
 79
3
170
0
171
3
172
1
173
0
174
0
175
0
176
0
177
0
178
0
179
2
271
2
272
2
273
2
274
3
275
0
276
0
277
2
278
46
279
2
280
0
281
0
282
0
283
0
284
8
285
0
286
0
288
1
289
3
290
0
340
4C
371
-2
372
-2
  0
DIMSTYLE
105
7D
330
4
100
AcDbSymbolTableRecord
100
AcDbDimStyleTableRecord
  2
EZ_M_50_H25_CM
 70
0
 40
1.0
 41
0.125
 42
0.0625
 43
3.75
 44
0.1875
 45
0.0
 46
0.0
 47
0.0
 48
0.0
 49
2.5
140
0.125
141
2.5
142
0.0625
143
0.03937007874
144
100.0
145
0.0
146
0.5
147
0.05
148
0.0
 69
0
 70
0
 71
0
 72
0
 73
0
 74
0
 75
0
 76
0
 77
1
 78
12
 79
3
170
0
171
3
172
1
173
0
174
0
175
0
176
0
177
0
178
0
179
2
271
2
272
2
273
2
274
3
275
0
276
0
277
2
278
46
279
2
280
0
281
0
282
0
283
0
284
8
285
0
286
0
288
1
289
3
290
0
340
4C
371
-2
372
-2
  0
DIMSTYLE
105
7E
330
4
100
AcDbSymbolTableRecord
100
AcDbDimStyleTableRecord
  2
EZ_M_25_H25_CM
 70
0
 40
1.0
 41
0.0625
 42
0.03125
 43
3.75
 44
0.09375
 45
0.0
 46
0.0
 47
0.0
 48
0.0
 49
2.5
140
0.0625
141
2.5
142
0.03125
143
0.03937007874
144
100.0
145
0.0
146
0.5
147
0.025
148
0.0
 69
0
 70
0
 71
0
 72
0
 73
0
 74
0
 75
0
 76
0
 77
1
 78
12
 79
3
170
0
171
3
172
1
173
0
174
0
175
0
176
0
177
0
178
0
179
2
271
2
272
2
273
2
274
3
275
0
276
0
277
2
278
46
279
2
280
0
281
0
282
0
283
0
284
8
285
0
286
0
288
1
289
3
290
0
340
4C
371
-2
372
-2
  0
DIMSTYLE
105
7F
330
4
100
AcDbSymbolTableRecord
100
AcDbDimStyleTableRecord
  2
EZ_M_20_H25_CM
 70
0
 40
1.0
 41
0.05
 42
0.025
 43
3.75
 44
0.07500000000000001
 45
0.0
 46
0.0
 47
0.0
 48
0.0
 49
2.5
140
0.05
141
2.5
142
0.025
143
0.03937007874
144
100.0
145
0.0
146
0.5
147
0.020000000000000004
148
0.0
 69
0
 70
0
 71
0
 72
0
 73
0
 74
0
 75
0
 76
0
 77
1
 78
12
 79
3
170
0
171
3
172
1
173
0
174
0
175
0
176
0
177
0
178
0
179
2
271
2
272
2
273
2
274
3
275
0
276
0
277
2
278
46
279
2
280
0
281
0
282
0
283
0
284
8
285
0
286
0
288
1
289
3
290
0
340
4C
371
-2
372
-2
  0
DIMSTYLE
105
80
330
4
100
AcDbSymbolTableRecord
100
AcDbDimStyleTableRecord
  2
EZ_M_10_H25_CM
 70
0
 40
1.0
 41
0.025
 42
0.0125
 43
3.75
 44
0.037500000000000006
 45
0.0
 46
0.0
 47
0.0
 48
0.0
 49
2.5
140
0.025
141
2.5
142
0.0125
143
0.03937007874
144
100.0
145
0.0
146
0.5
147
0.010000000000000002
148
0.0
 69
0
 70
0
 71
0
 72
0
 73
0
 74
0
 75
0
 76
0
 77
1
 78
12
 79
3
170
0
171
3
172
1
173
0
174
0
175
0
176
0
177
0
178
0
179
2
271
2
272
2
273
2
274
3
275
0
276
0
277
2
278
46
279
2
280
0
281
0
282
0
283
0
284
8
285
0
286
0
288
1
289
3
290
0
340
4C
371
-2
372
-2
  0
DIMSTYLE
105
81
330
4
100
AcDbSymbolTableRecord
100
AcDbDimStyleTableRecord
  2
EZ_M_5_H25_CM
 70
0
 40
1.0
 41
0.0125
 42
0.00625
 43
3.75
 44
0.018750000000000003
 45
0.0
 46
0.0
 47
0.0
 48
0.0
 49
2.5
140
0.0125
141
2.5
142
0.00625
143
0.03937007874
144
100.0
145
0.0
146
0.5
147
0.005000000000000001
148
0.0
 69
0
 70
0
 71
0
 72
0
 73
0
 74
0
 75
0
 76
0
 77
1
 78
12
 79
3
170
0
171
3
172
1
173
0
174
0
175
0
176
0
177
0
178
0
179
2
271
2
272
2
273
2
274
3
275
0
276
0
277
2
278
46
279
2
280
0
281
0
282
0
283
0
284
8
285
0
286
0
288
1
289
3
290
0
340
4C
371
-2
372
-2
  0
DIMSTYLE
105
82
330
4
100
AcDbSymbolTableRecord
100
AcDbDimStyleTableRecord
  2
EZ_M_1_H25_CM
 70
0
 40
1.0
 41
0.0025
 42
0.00125
 43
3.75
 44
0.00375
 45
0.0
 46
0.0
 47
0.0
 48
0.0
 49
2.5
140
0.0025
141
2.5
142
0.00125
143
0.03937007874
144
100.0
145
0.0
146
0.5
147
0.001
148
0.0
 69
0
 70
0
 71
0
 72
0
 73
0
 74
0
 75
0
 76
0
 77
1
 78
12
 79
3
170
0
171
3
172
1
173
0
174
0
175
0
176
0
177
0
178
0
179
2
271
2
272
2
273
2
274
3
275
0
276
0
277
2
278
46
279
2
280
0
281
0
282
0
283
0
284
8
285
0
286
0
288
1
289
3
290
0
340
4C
371
-2
372
-2
  0
DIMSTYLE
105
83
330
4
100
AcDbSymbolTableRecord
100
AcDbDimStyleTableRecord
  2
EZ_RADIUS
 70
0
 40
1.0
 41
0.25
 42
0.125
 43
3.75
 44
0.375
 45
0.0
 46
0.0
 47
0.0
 48
0.0
 49
2.5
140
0.25
141
0.0
142
0.0
143
0.03937007874
144
100.0
145
0.0
146
0.5
147
0.1
148
0.0
 69
0
 70
0
 71
0
 72
0
 73
0
 74
0
 75
0
 76
0
 77
1
 78
12
 79
3
170
0
171
3
172
0
173
0
174
0
175
0
176
0
177
0
178
0
179
2
271
2
272
2
273
2
274
3
275
0
276
0
277
2
278
46
279
1
280
0
281
0
282
0
283
0
284
8
285
0
286
0
288
1
289
3
290
0
340
4C
342
84
371
-2
372
-2
  0
DIMSTYLE
105
88
330
4
100
AcDbSymbolTableRecord
100
AcDbDimStyleTableRecord
  2
EZ_RADIUS_INSIDE
 70
0
 40
1.0
 41
0.25
 42
0.125
 43
3.75
 44
0.375
 45
0.0
 46
0.0
 47
0.0
 48
0.0
 49
2.5
140
0.25
141
0.0
142
0.0
143
0.03937007874
144
100.0
145
0.0
146
0.5
147
0.1
148
0.0
 69
0
 70
0
 71
0
 72
0
 73
0
 74
0
 75
0
 76
0
 77
0
 78
12
 79
3
170
0
171
3
172
0
173
0
174
1
175
0
176
0
177
0
178
0
179
2
271
2
272
2
273
2
274
3
275
0
276
0
277
2
278
46
279
0
280
0
281
0
282
0
283
0
284
8
285
0
286
0
288
1
289
0
290
0
340
4C
342
84
371
-2
372
-2
  0
DIMSTYLE
105
89
330
4
100
AcDbSymbolTableRecord
100
AcDbDimStyleTableRecord
  2
EZ_CURVED
 70
0
 40
1.0
 41
0.25
 42
0.125
 43
3.75
 44
0.375
 45
0.0
 46
0.0
 47
0.0
 48
0.0
 49
2.5
140
0.25
141
2.5
142
0.0
143
0.03937007874
144
100.0
145
0.0
146
0.5
147
0.1
148
0.0
 69
0
 70
0
 71
0
 72
0
 73
0
 74
0
 75
0
 76
0
 77
1
 78
12
 79
2
 90
2
170
0
171
3
172
1
173
0
174
0
175
0
176
0
177
0
178
0
179
2
271
2
272
2
273
2
274
3
275
0
276
0
277
2
278
46
279
2
280
0
281
0
282
0
283
0
284
8
285
0
286
0
288
1
289
3
290
0
340
4C
371
-2
372
-2
  0
ENDTAB
  0
TABLE
  2
BLOCK_RECORD
  5
9
330
0
100
AcDbSymbolTable
 70
14
  0
BLOCK_RECORD
  5
17
330
9
100
AcDbSymbolTableRecord
100
AcDbBlockTableRecord
  2
*Model_Space
340
1A
 70
0
280
1
281
0
  0
BLOCK_RECORD
  5
1B
330
9
100
AcDbSymbolTableRecord
100
AcDbBlockTableRecord
  2
*Paper_Space
340
1E
 70
0
280
1
281
0
  0
BLOCK_RECORD
  5
74
330
9
100
AcDbSymbolTableRecord
100
AcDbBlockTableRecord
  2
_ARCHTICK
340
0
 70
0
280
1
281
0
  0
BLOCK_RECORD
  5
78
330
9
100
AcDbSymbolTableRecord
100
AcDbBlockTableRecord
  2
_CLOSEDFILLED
340
0
 70
0
280
1
281
0
  0
BLOCK_RECORD
  5
84
330
9
100
AcDbSymbolTableRecord
100
AcDbBlockTableRecord
  2
_CLOSEDBLANK
340
0
 70
0
280
1
281
0
  0
BLOCK_RECORD
  5
74E
330
9
100
AcDbSymbolTableRecord
100
AcDbBlockTableRecord
  2
*D1
340
0
 70
0
280
1
281
0
  0
BLOCK_RECORD
  5
75D
330
9
100
AcDbSymbolTableRecord
100
AcDbBlockTableRecord
  2
*D2
340
0
 70
0
280
1
281
0
  0
BLOCK_RECORD
  5
76C
330
9
100
AcDbSymbolTableRecord
100
AcDbBlockTableRecord
  2
*D3
340
0
 70
0
280
1
281
0
  0
BLOCK_RECORD
  5
77B
330
9
100
AcDbSymbolTableRecord
100
AcDbBlockTableRecord
  2
*D4
340
0
 70
0
280
1
281
0
  0
BLOCK_RECORD
  5
78A
330
9
100
AcDbSymbolTableRecord
100
AcDbBlockTableRecord
  2
*D5
340
0
 70
0
280
1
281
0
  0
BLOCK_RECORD
  5
799
330
9
100
AcDbSymbolTableRecord
100
AcDbBlockTableRecord
  2
*D6
340
0
 70
0
280
1
281
0
  0
BLOCK_RECORD
  5
7A8
330
9
100
AcDbSymbolTableRecord
100
AcDbBlockTableRecord
  2
*D7
340
0
 70
0
280
1
281
0
  0
BLOCK_RECORD
  5
7B7
330
9
100
AcDbSymbolTableRecord
100
AcDbBlockTableRecord
  2
*D8
340
0
 70
0
280
1
281
0
  0
BLOCK_RECORD
  5
7C6
330
9
100
AcDbSymbolTableRecord
100
AcDbBlockTableRecord
  2
*D9
340
0
 70
0
280
1
281
0
  0
ENDTAB
  0
ENDSEC
  0
SECTION
  2
BLOCKS
  0
BLOCK
  5
18
330
17
100
AcDbEntity
  8
0
100
AcDbBlockBegin
  2
*Model_Space
 70
0
 10
0.0
 20
0.0
 30
0.0
  3
*Model_Space
  1

  0
ENDBLK
  5
19
330
17
100
AcDbEntity
  8
0
100
AcDbBlockEnd
  0
BLOCK
  5
1C
330
1B
100
AcDbEntity
  8
0
100
AcDbBlockBegin
  2
*Paper_Space
 70
0
 10
0.0
 20
0.0
 30
0.0
  3
*Paper_Space
  1

  0
ENDBLK
  5
1D
330
1B
100
AcDbEntity
  8
0
100
AcDbBlockEnd
  0
BLOCK
  5
75
330
74
100
AcDbEntity
  8
0
100
AcDbBlockBegin
  2
_ARCHTICK
 70
0
 10
0.0
 20
0.0
 30
0.0
  3
_ARCHTICK
  1

  0
LWPOLYLINE
  5
77
330
74
100
AcDbEntity
  8
0
  6
BYBLOCK
 62
0
100
AcDbPolyline
 90
2
 70
0
 43
0.15
 10
-0.5
 20
-0.5
 10
0.5
 20
0.5
  0
ENDBLK
  5
76
330
74
100
AcDbEntity
  8
0
100
AcDbBlockEnd
  0
BLOCK
  5
79
330
78
100
AcDbEntity
  8
0
100
AcDbBlockBegin
  2
_CLOSEDFILLED
 70
0
 10
0.0
 20
0.0
 30
0.0
  3
_CLOSEDFILLED
  1

  0
SOLID
  5
7B
330
78
100
AcDbEntity
  8
0
  6
BYBLOCK
 62
0
100
AcDbTrace
 10
-1.0
 20
0.16439898372402537
 30
0.0
 11
0.0
 21
0.0
 31
0.0
 12
-1.0
 22
-0.16439898372402537
 32
0.0
 13
-1.0
 23
-0.16439898372402537
 33
0.0
  0
ENDBLK
  5
7A
330
78
100
AcDbEntity
  8
0
100
AcDbBlockEnd
  0
BLOCK
  5
85
330
84
100
AcDbEntity
  8
0
100
AcDbBlockBegin
  2
_CLOSEDBLANK
 70
0
 10
0.0
 20
0.0
 30
0.0
  3
_CLOSEDBLANK
  1

  0
LWPOLYLINE
  5
87
330
84
100
AcDbEntity
  8
0
  6
BYBLOCK
 62
0
100
AcDbPolyline
 90
3
 70
1
 10
-1.0
 20
0.16439898372402537
 10
0.0
 20
0.0
 10
-1.0
 20
-0.16439898372402537
  0
ENDBLK
  5
86
330
84
100
AcDbEntity
  8
0
100
AcDbBlockEnd
  0
BLOCK
  5
74F
330
74E
100
AcDbEntity
  8
0
100
AcDbBlockBegin
  2
*D1
 70
1
 10
0.0
 20
0.0
 30
0.0
  3
*D1
  1

  0
LINE
  5
751
330
74E
100
AcDbEntity
  8
0
100
AcDbLine
 10
0.0
 20
2410.0
 30
0.0
 11
0.0
 21
2700.375
 31
0.0
  0
LINE
  5
752
330
74E
100
AcDbEntity
  8
0
100
AcDbLine
 10
3000.0
 20
2410.0
 30
0.0
 11
3000.0
 21
2700.375
 31
0.0
  0
INSERT
  5
753
330
74E
100
AcDbEntity
  8
COTES
100
AcDbBlockReference
  2
_ARCHTICK
 10
0.0
 20
2700.0
 30
0.0
 41
30.0
 42
30.0
 50
180.0
  0
INSERT
  5
755
330
74E
100
AcDbEntity
  8
COTES
100
AcDbBlockReference
  2
_ARCHTICK
 10
3000.0
 20
2700.0
 30
0.0
 41
30.0
 42
30.0
  0
LINE
  5
757
330
74E
100
AcDbEntity
  8
0
100
AcDbLine
 10
0.0
 20
2700.0
 30
0.0
 11
3000.0
 21
2700.0
 31
0.0
  0
MTEXT
  5
758
330
74E
100
AcDbEntity
  8
COTES
100
AcDbMText
 10
1500.0
 20
2720.1
 30
0.0
 40
40.0
 71
5
  1
3000
  7
OpenSansCondensed-Light
  0
POINT
  5
759
330
74E
100
AcDbEntity
  8
Defpoints
100
AcDbPoint
 10
0.0
 20
2700.0
 30
0.0
  0
POINT
  5
75A
330
74E
100
AcDbEntity
  8
Defpoints
100
AcDbPoint
 10
0.0
 20
2400.0
 30
0.0
  0
POINT
  5
75B
330
74E
100
AcDbEntity
  8
Defpoints
100
AcDbPoint
 10
3000.0
 20
2400.0
 30
0.0
  0
ENDBLK
  5
750
330
74E
100
AcDbEntity
  8
0
100
AcDbBlockEnd
  0
BLOCK
  5
75E
330
75D
100
AcDbEntity
  8
0
100
AcDbBlockBegin
  2
*D2
 70
1
 10
0.0
 20
0.0
 30
0.0
  3
*D2
  1

  0
LINE
  5
760
330
75D
100
AcDbEntity
  8
0
100
AcDbLine
 10
-10.0
 20
0.0
 30
0.0
 11
-300.375
 21
0.0
 31
0.0
  0
LINE
  5
761
330
75D
100
AcDbEntity
  8
0
100
AcDbLine
 10
-10.0
 20
2400.0
 30
0.0
 11
-300.375
 21
2400.0
 31
0.0
  0
INSERT
  5
762
330
75D
100
AcDbEntity
  8
COTES
100
AcDbBlockReference
  2
_ARCHTICK
 10
-300.0
 20
0.0
 30
0.0
 41
30.0
 42
30.0
 50
270.0
  0
INSERT
  5
764
330
75D
100
AcDbEntity
  8
COTES
100
AcDbBlockReference
  2
_ARCHTICK
 10
-300.0
 20
2400.0
 30
0.0
 41
30.0
 42
30.0
 50
90.0
  0
LINE
  5
766
330
75D
100
AcDbEntity
  8
0
100
AcDbLine
 10
-300.0
 20
0.0
 30
0.0
 11
-300.0
 21
2400.0
 31
0.0
  0
MTEXT
  5
767
330
75D
100
AcDbEntity
  8
COTES
100
AcDbMText
 10
-320.1
 20
1200.0
 30
0.0
 40
40.0
 71
5
  1
2400
  7
OpenSansCondensed-Light
 50
90.0
  0
POINT
  5
768
330
75D
100
AcDbEntity
  8
Defpoints
100
AcDbPoint
 10
-300.0
 20
0.0
 30
0.0
  0
POINT
  5
769
330
75D
100
AcDbEntity
  8
Defpoints
100
AcDbPoint
 10
0.0
 20
0.0
 30
0.0
  0
POINT
  5
76A
330
75D
100
AcDbEntity
  8
Defpoints
100
AcDbPoint
 10
0.0
 20
2400.0
 30
0.0
  0
ENDBLK
  5
75F
330
75D
100
AcDbEntity
  8
0
100
AcDbBlockEnd
  0
BLOCK
  5
76D
330
76C
100
AcDbEntity
  8
0
100
AcDbBlockBegin
  2
*D3
 70
1
 10
0.0
 20
0.0
 30
0.0
  3
*D3
  1

  0
LINE
  5
76F
330
76C
100
AcDbEntity
  8
0
100
AcDbLine
 10
0.0
 20
2410.0
 30
0.0
 11
0.0
 21
2550.375
 31
0.0
  0
LINE
  5
770
330
76C
100
AcDbEntity
  8
0
100
AcDbLine
 10
100.0
 20
2410.0
 30
0.0
 11
100.0
 21
2550.375
 31
0.0
  0
INSERT
  5
771
330
76C
100
AcDbEntity
  8
COTES
100
AcDbBlockReference
  2
_ARCHTICK
 10
0.0
 20
2550.0
 30
0.0
 41
30.0
 42
30.0
 50
180.0
  0
INSERT
  5
773
330
76C
100
AcDbEntity
  8
COTES
100
AcDbBlockReference
  2
_ARCHTICK
 10
100.0
 20
2550.0
 30
0.0
 41
30.0
 42
30.0
  0
LINE
  5
775
330
76C
100
AcDbEntity
  8
0
100
AcDbLine
 10
0.0
 20
2550.0
 30
0.0
 11
100.0
 21
2550.0
 31
0.0
  0
MTEXT
  5
776
330
76C
100
AcDbEntity
  8
COTES
100
AcDbMText
 10
50.0
 20
2570.475
 30
0.0
 40
40.0
 71
5
  1
100
  7
OpenSansCondensed-Light
  0
POINT
  5
777
330
76C
100
AcDbEntity
  8
Defpoints
100
AcDbPoint
 10
0.0
 20
2550.0
 30
0.0
  0
POINT
  5
778
330
76C
100
AcDbEntity
  8
Defpoints
100
AcDbPoint
 10
0.0
 20
2400.0
 30
0.0
  0
POINT
  5
779
330
76C
100
AcDbEntity
  8
Defpoints
100
AcDbPoint
 10
100.0
 20
2400.0
 30
0.0
  0
ENDBLK
  5
76E
330
76C
100
AcDbEntity
  8
0
100
AcDbBlockEnd
  0
BLOCK
  5
77C
330
77B
100
AcDbEntity
  8
0
100
AcDbBlockBegin
  2
*D4
 70
1
 10
0.0
 20
0.0
 30
0.0
  3
*D4
  1

  0
LINE
  5
77E
330
77B
100
AcDbEntity
  8
0
100
AcDbLine
 10
2900.0
 20
2410.0
 30
0.0
 11
2900.0
 21
2550.375
 31
0.0
  0
LINE
  5
77F
330
77B
100
AcDbEntity
  8
0
100
AcDbLine
 10
3000.0
 20
2410.0
 30
0.0
 11
3000.0
 21
2550.375
 31
0.0
  0
INSERT
  5
780
330
77B
100
AcDbEntity
  8
COTES
100
AcDbBlockReference
  2
_ARCHTICK
 10
2900.0
 20
2550.0
 30
0.0
 41
30.0
 42
30.0
 50
180.0
  0
INSERT
  5
782
330
77B
100
AcDbEntity
  8
COTES
100
AcDbBlockReference
  2
_ARCHTICK
 10
3000.0
 20
2550.0
 30
0.0
 41
30.0
 42
30.0
  0
LINE
  5
784
330
77B
100
AcDbEntity
  8
0
100
AcDbLine
 10
2900.0
 20
2550.0
 30
0.0
 11
3000.0
 21
2550.0
 31
0.0
  0
MTEXT
  5
785
330
77B
100
AcDbEntity
  8
COTES
100
AcDbMText
 10
2950.0
 20
2570.475
 30
0.0
 40
40.0
 71
5
  1
100
  7
OpenSansCondensed-Light
  0
POINT
  5
786
330
77B
100
AcDbEntity
  8
Defpoints
100
AcDbPoint
 10
2900.0
 20
2550.0
 30
0.0
  0
POINT
  5
787
330
77B
100
AcDbEntity
  8
Defpoints
100
AcDbPoint
 10
2900.0
 20
2400.0
 30
0.0
  0
POINT
  5
788
330
77B
100
AcDbEntity
  8
Defpoints
100
AcDbPoint
 10
3000.0
 20
2400.0
 30
0.0
  0
ENDBLK
  5
77D
330
77B
100
AcDbEntity
  8
0
100
AcDbBlockEnd
  0
BLOCK
  5
78B
330
78A
100
AcDbEntity
  8
0
100
AcDbBlockBegin
  2
*D5
 70
1
 10
0.0
 20
0.0
 30
0.0
  3
*D5
  1

  0
LINE
  5
78D
330
78A
100
AcDbEntity
  8
0
100
AcDbLine
 10
-10.0
 20
0.0
 30
0.0
 11
-150.375
 21
0.0
 31
0.0
  0
LINE
  5
78E
330
78A
100
AcDbEntity
  8
0
100
AcDbLine
 10
-10.0
 20
100.0
 30
0.0
 11
-150.375
 21
100.0
 31
0.0
  0
INSERT
  5
78F
330
78A
100
AcDbEntity
  8
COTES
100
AcDbBlockReference
  2
_ARCHTICK
 10
-150.0
 20
0.0
 30
0.0
 41
30.0
 42
30.0
 50
270.0
  0
INSERT
  5
791
330
78A
100
AcDbEntity
  8
COTES
100
AcDbBlockReference
  2
_ARCHTICK
 10
-150.0
 20
100.0
 30
0.0
 41
30.0
 42
30.0
 50
90.0
  0
LINE
  5
793
330
78A
100
AcDbEntity
  8
0
100
AcDbLine
 10
-150.0
 20
0.0
 30
0.0
 11
-150.0
 21
100.0
 31
0.0
  0
MTEXT
  5
794
330
78A
100
AcDbEntity
  8
COTES
100
AcDbMText
 10
-170.475
 20
50.0
 30
0.0
 40
40.0
 71
5
  1
100
  7
OpenSansCondensed-Light
 50
90.0
  0
POINT
  5
795
330
78A
100
AcDbEntity
  8
Defpoints
100
AcDbPoint
 10
-150.0
 20
0.0
 30
0.0
  0
POINT
  5
796
330
78A
100
AcDbEntity
  8
Defpoints
100
AcDbPoint
 10
0.0
 20
0.0
 30
0.0
  0
POINT
  5
797
330
78A
100
AcDbEntity
  8
Defpoints
100
AcDbPoint
 10
0.0
 20
100.0
 30
0.0
  0
ENDBLK
  5
78C
330
78A
100
AcDbEntity
  8
0
100
AcDbBlockEnd
  0
BLOCK
  5
79A
330
799
100
AcDbEntity
  8
0
100
AcDbBlockBegin
  2
*D6
 70
1
 10
0.0
 20
0.0
 30
0.0
  3
*D6
  1

  0
LINE
  5
79C
330
799
100
AcDbEntity
  8
0
100
AcDbLine
 10
-10.0
 20
2300.0
 30
0.0
 11
-150.375
 21
2300.0
 31
0.0
  0
LINE
  5
79D
330
799
100
AcDbEntity
  8
0
100
AcDbLine
 10
-10.0
 20
2400.0
 30
0.0
 11
-150.375
 21
2400.0
 31
0.0
  0
INSERT
  5
79E
330
799
100
AcDbEntity
  8
COTES
100
AcDbBlockReference
  2
_ARCHTICK
 10
-150.0
 20
2300.0
 30
0.0
 41
30.0
 42
30.0
 50
270.0
  0
INSERT
  5
7A0
330
799
100
AcDbEntity
  8
COTES
100
AcDbBlockReference
  2
_ARCHTICK
 10
-150.0
 20
2400.0
 30
0.0
 41
30.0
 42
30.0
 50
90.0
  0
LINE
  5
7A2
330
799
100
AcDbEntity
  8
0
100
AcDbLine
 10
-150.0
 20
2300.0
 30
0.0
 11
-150.0
 21
2400.0
 31
0.0
  0
MTEXT
  5
7A3
330
799
100
AcDbEntity
  8
COTES
100
AcDbMText
 10
-170.475
 20
2350.0
 30
0.0
 40
40.0
 71
5
  1
100
  7
OpenSansCondensed-Light
 50
90.0
  0
POINT
  5
7A4
330
799
100
AcDbEntity
  8
Defpoints
100
AcDbPoint
 10
-150.0
 20
2300.0
 30
0.0
  0
POINT
  5
7A5
330
799
100
AcDbEntity
  8
Defpoints
100
AcDbPoint
 10
0.0
 20
2300.0
 30
0.0
  0
POINT
  5
7A6
330
799
100
AcDbEntity
  8
Defpoints
100
AcDbPoint
 10
0.0
 20
2400.0
 30
0.0
  0
ENDBLK
  5
79B
330
799
100
AcDbEntity
  8
0
100
AcDbBlockEnd
  0
BLOCK
  5
7A9
330
7A8
100
AcDbEntity
  8
0
100
AcDbBlockBegin
  2
*D7
 70
1
 10
0.0
 20
0.0
 30
0.0
  3
*D7
  1

  0
LINE
  5
7AB
330
7A8
100
AcDbEntity
  8
0
100
AcDbLine
 10
100.0
 20
2310.0
 30
0.0
 11
100.0
 21
2550.375
 31
0.0
  0
LINE
  5
7AC
330
7A8
100
AcDbEntity
  8
0
100
AcDbLine
 10
300.0
 20
2310.0
 30
0.0
 11
300.0
 21
2550.375
 31
0.0
  0
INSERT
  5
7AD
330
7A8
100
AcDbEntity
  8
COTES
100
AcDbBlockReference
  2
_ARCHTICK
 10
100.0
 20
2550.0
 30
0.0
 41
30.0
 42
30.0
 50
180.0
  0
INSERT
  5
7AF
330
7A8
100
AcDbEntity
  8
COTES
100
AcDbBlockReference
  2
_ARCHTICK
 10
300.0
 20
2550.0
 30
0.0
 41
30.0
 42
30.0
  0
LINE
  5
7B1
330
7A8
100
AcDbEntity
  8
0
100
AcDbLine
 10
100.0
 20
2550.0
 30
0.0
 11
300.0
 21
2550.0
 31
0.0
  0
MTEXT
  5
7B2
330
7A8
100
AcDbEntity
  8
COTES
100
AcDbMText
 10
200.0
 20
2570.1
 30
0.0
 40
40.0
 71
5
  1
200
  7
OpenSansCondensed-Light
  0
POINT
  5
7B3
330
7A8
100
AcDbEntity
  8
Defpoints
100
AcDbPoint
 10
100.0
 20
2550.0
 30
0.0
  0
POINT
  5
7B4
330
7A8
100
AcDbEntity
  8
Defpoints
100
AcDbPoint
 10
100.0
 20
2300.0
 30
0.0
  0
POINT
  5
7B5
330
7A8
100
AcDbEntity
  8
Defpoints
100
AcDbPoint
 10
300.0
 20
2300.0
 30
0.0
  0
ENDBLK
  5
7AA
330
7A8
100
AcDbEntity
  8
0
100
AcDbBlockEnd
  0
BLOCK
  5
7B8
330
7B7
100
AcDbEntity
  8
0
100
AcDbBlockBegin
  2
*D8
 70
1
 10
0.0
 20
0.0
 30
0.0
  3
*D8
  1

  0
LINE
  5
7BA
330
7B7
100
AcDbEntity
  8
0
100
AcDbLine
 10
92.92893218813451
 20
2292.9289321881347
 30
0.0
 11
14.88202121466934
 21
2214.8820212146697
 31
0.0
  0
LINE
  5
7BB
330
7B7
100
AcDbEntity
  8
0
100
AcDbLine
 10
192.92893218813452
 20
2192.9289321881347
 30
0.0
 11
114.88202121466935
 21
2114.8820212146697
 31
0.0
  0
INSERT
  5
7BC
330
7B7
100
AcDbEntity
  8
COTES
100
AcDbBlockReference
  2
_ARCHTICK
 10
15.147186257614296
 20
2215.1471862576145
 30
0.0
 41
30.0
 42
30.0
 50
135.0
  0
INSERT
  5
7BE
330
7B7
100
AcDbEntity
  8
COTES
100
AcDbBlockReference
  2
_ARCHTICK
 10
115.14718625761431
 20
2115.1471862576145
 30
0.0
 41
30.0
 42
30.0
 50
-45.0
  0
LINE
  5
7C0
330
7B7
100
AcDbEntity
  8
0
100
AcDbLine
 10
15.147186257614296
 20
2215.1471862576145
 30
0.0
 11
115.14718625761431
 21
2115.1471862576145
 31
0.0
  0
MTEXT
  5
7C1
330
7B7
100
AcDbEntity
  8
COTES
100
AcDbMText
 10
79.62519760240886
 20
2179.625197602409
 30
0.0
 40
40.0
 71
5
  1
141,4
  7
OpenSansCondensed-Light
 50
-45.0
  0
POINT
  5
7C2
330
7B7
100
AcDbEntity
  8
Defpoints
100
AcDbPoint
 10
15.147186257614296
 20
2215.1471862576145
 30
0.0
  0
POINT
  5
7C3
330
7B7
100
AcDbEntity
  8
Defpoints
100
AcDbPoint
 10
100.0
 20
2300.0
 30
0.0
  0
POINT
  5
7C4
330
7B7
100
AcDbEntity
  8
Defpoints
100
AcDbPoint
 10
200.0
 20
2200.0
 30
0.0
  0
ENDBLK
  5
7B9
330
7B7
100
AcDbEntity
  8
0
100
AcDbBlockEnd
  0
BLOCK
  5
7C7
330
7C6
100
AcDbEntity
  8
0
100
AcDbBlockBegin
  2
*D9
 70
1
 10
0.0
 20
0.0
 30
0.0
  3
*D9
  1

  0
LINE
  5
7C9
330
7C6
100
AcDbEntity
  8
0
100
AcDbLine
 10
90.0
 20
2300.0
 30
0.0
 11
-150.375
 21
2300.0
 31
0.0
  0
LINE
  5
7CA
330
7C6
100
AcDbEntity
  8
0
100
AcDbLine
 10
90.0
 20
2100.0
 30
0.0
 11
-150.375
 21
2100.0
 31
0.0
  0
INSERT
  5
7CB
330
7C6
100
AcDbEntity
  8
COTES
100
AcDbBlockReference
  2
_ARCHTICK
 10
-150.0
 20
2300.0
 30
0.0
 41
30.0
 42
30.0
 50
270.0
  0
INSERT
  5
7CD
330
7C6
100
AcDbEntity
  8
COTES
100
AcDbBlockReference
  2
_ARCHTICK
 10
-150.0
 20
2100.0
 30
0.0
 41
30.0
 42
30.0
 50
90.0
  0
LINE
  5
7CF
330
7C6
100
AcDbEntity
  8
0
100
AcDbLine
 10
-150.0
 20
2300.0
 30
0.0
 11
-150.0
 21
2100.0
 31
0.0
  0
MTEXT
  5
7D0
330
7C6
100
AcDbEntity
  8
COTES
100
AcDbMText
 10
-129.9
 20
2200.0
 30
0.0
 40
40.0
 71
5
  1
200
  7
OpenSansCondensed-Light
 50
90.0
  0
POINT
  5
7D1
330
7C6
100
AcDbEntity
  8
Defpoints
100
AcDbPoint
 10
-150.0
 20
2300.0
 30
0.0
  0
POINT
  5
7D2
330
7C6
100
AcDbEntity
  8
Defpoints
100
AcDbPoint
 10
100.0
 20
2300.0
 30
0.0
  0
POINT
  5
7D3
330
7C6
100
AcDbEntity
  8
Defpoints
100
AcDbPoint
 10
100.0
 20
2100.0
 30
0.0
  0
ENDBLK
  5
7C8
330
7C6
100
AcDbEntity
  8
0
100
AcDbBlockEnd
  0
ENDSEC
  0
SECTION
  2
ENTITIES
  0
LWPOLYLINE
  5
92
330
17
100
AcDbEntity
  8
PLATEAU
370
50
100
AcDbPolyline
 90
4
 70
1
 10
0.0
 20
0.0
 10
3000.0
 20
0.0
 10
3000.0
 20
2400.0
 10
0.0
 20
2400.0
  0
LINE
  5
93
330
17
100
AcDbEntity
  8
GRILLE_100
100
AcDbLine
 10
100.0
 20
0.0
 30
0.0
 11
100.0
 21
2400.0
 31
0.0
  0
LINE
  5
94
330
17
100
AcDbEntity
  8
GRILLE_100
100
AcDbLine
 10
200.0
 20
0.0
 30
0.0
 11
200.0
 21
2400.0
 31
0.0
  0
LINE
  5
95
330
17
100
AcDbEntity
  8
GRILLE_100
100
AcDbLine
 10
300.0
 20
0.0
 30
0.0
 11
300.0
 21
2400.0
 31
0.0
  0
LINE
  5
96
330
17
100
AcDbEntity
  8
GRILLE_100
100
AcDbLine
 10
400.0
 20
0.0
 30
0.0
 11
400.0
 21
2400.0
 31
0.0
  0
LINE
  5
97
330
17
100
AcDbEntity
  8
GRILLE_100
100
AcDbLine
 10
500.0
 20
0.0
 30
0.0
 11
500.0
 21
2400.0
 31
0.0
  0
LINE
  5
98
330
17
100
AcDbEntity
  8
GRILLE_100
100
AcDbLine
 10
600.0
 20
0.0
 30
0.0
 11
600.0
 21
2400.0
 31
0.0
  0
LINE
  5
99
330
17
100
AcDbEntity
  8
GRILLE_100
100
AcDbLine
 10
700.0
 20
0.0
 30
0.0
 11
700.0
 21
2400.0
 31
0.0
  0
LINE
  5
9A
330
17
100
AcDbEntity
  8
GRILLE_100
100
AcDbLine
 10
800.0
 20
0.0
 30
0.0
 11
800.0
 21
2400.0
 31
0.0
  0
LINE
  5
9B
330
17
100
AcDbEntity
  8
GRILLE_100
100
AcDbLine
 10
900.0
 20
0.0
 30
0.0
 11
900.0
 21
2400.0
 31
0.0
  0
LINE
  5
9C
330
17
100
AcDbEntity
  8
GRILLE_100
100
AcDbLine
 10
1000.0
 20
0.0
 30
0.0
 11
1000.0
 21
2400.0
 31
0.0
  0
LINE
  5
9D
330
17
100
AcDbEntity
  8
GRILLE_100
100
AcDbLine
 10
1100.0
 20
0.0
 30
0.0
 11
1100.0
 21
2400.0
 31
0.0
  0
LINE
  5
9E
330
17
100
AcDbEntity
  8
GRILLE_100
100
AcDbLine
 10
1200.0
 20
0.0
 30
0.0
 11
1200.0
 21
2400.0
 31
0.0
  0
LINE
  5
9F
330
17
100
AcDbEntity
  8
GRILLE_100
100
AcDbLine
 10
1300.0
 20
0.0
 30
0.0
 11
1300.0
 21
2400.0
 31
0.0
  0
LINE
  5
A0
330
17
100
AcDbEntity
  8
GRILLE_100
100
AcDbLine
 10
1400.0
 20
0.0
 30
0.0
 11
1400.0
 21
2400.0
 31
0.0
  0
LINE
  5
A1
330
17
100
AcDbEntity
  8
GRILLE_100
100
AcDbLine
 10
1500.0
 20
0.0
 30
0.0
 11
1500.0
 21
2400.0
 31
0.0
  0
LINE
  5
A2
330
17
100
AcDbEntity
  8
GRILLE_100
100
AcDbLine
 10
1600.0
 20
0.0
 30
0.0
 11
1600.0
 21
2400.0
 31
0.0
  0
LINE
  5
A3
330
17
100
AcDbEntity
  8
GRILLE_100
100
AcDbLine
 10
1700.0
 20
0.0
 30
0.0
 11
1700.0
 21
2400.0
 31
0.0
  0
LINE
  5
A4
330
17
100
AcDbEntity
  8
GRILLE_100
100
AcDbLine
 10
1800.0
 20
0.0
 30
0.0
 11
1800.0
 21
2400.0
 31
0.0
  0
LINE
  5
A5
330
17
100
AcDbEntity
  8
GRILLE_100
100
AcDbLine
 10
1900.0
 20
0.0
 30
0.0
 11
1900.0
 21
2400.0
 31
0.0
  0
LINE
  5
A6
330
17
100
AcDbEntity
  8
GRILLE_100
100
AcDbLine
 10
2000.0
 20
0.0
 30
0.0
 11
2000.0
 21
2400.0
 31
0.0
  0
LINE
  5
A7
330
17
100
AcDbEntity
  8
GRILLE_100
100
AcDbLine
 10
2100.0
 20
0.0
 30
0.0
 11
2100.0
 21
2400.0
 31
0.0
  0
LINE
  5
A8
330
17
100
AcDbEntity
  8
GRILLE_100
100
AcDbLine
 10
2200.0
 20
0.0
 30
0.0
 11
2200.0
 21
2400.0
 31
0.0
  0
LINE
  5
A9
330
17
100
AcDbEntity
  8
GRILLE_100
100
AcDbLine
 10
2300.0
 20
0.0
 30
0.0
 11
2300.0
 21
2400.0
 31
0.0
  0
LINE
  5
AA
330
17
100
AcDbEntity
  8
GRILLE_100
100
AcDbLine
 10
2400.0
 20
0.0
 30
0.0
 11
2400.0
 21
2400.0
 31
0.0
  0
LINE
  5
AB
330
17
100
AcDbEntity
  8
GRILLE_100
100
AcDbLine
 10
2500.0
 20
0.0
 30
0.0
 11
2500.0
 21
2400.0
 31
0.0
  0
LINE
  5
AC
330
17
100
AcDbEntity
  8
GRILLE_100
100
AcDbLine
 10
2600.0
 20
0.0
 30
0.0
 11
2600.0
 21
2400.0
 31
0.0
  0
LINE
  5
AD
330
17
100
AcDbEntity
  8
GRILLE_100
100
AcDbLine
 10
2700.0
 20
0.0
 30
0.0
 11
2700.0
 21
2400.0
 31
0.0
  0
LINE
  5
AE
330
17
100
AcDbEntity
  8
GRILLE_100
100
AcDbLine
 10
2800.0
 20
0.0
 30
0.0
 11
2800.0
 21
2400.0
 31
0.0
  0
LINE
  5
AF
330
17
100
AcDbEntity
  8
GRILLE_100
100
AcDbLine
 10
2900.0
 20
0.0
 30
0.0
 11
2900.0
 21
2400.0
 31
0.0
  0
LINE
  5
B0
330
17
100
AcDbEntity
  8
GRILLE_100
100
AcDbLine
 10
0.0
 20
100.0
 30
0.0
 11
3000.0
 21
100.0
 31
0.0
  0
LINE
  5
B1
330
17
100
AcDbEntity
  8
GRILLE_100
100
AcDbLine
 10
0.0
 20
200.0
 30
0.0
 11
3000.0
 21
200.0
 31
0.0
  0
LINE
  5
B2
330
17
100
AcDbEntity
  8
GRILLE_100
100
AcDbLine
 10
0.0
 20
300.0
 30
0.0
 11
3000.0
 21
300.0
 31
0.0
  0
LINE
  5
B3
330
17
100
AcDbEntity
  8
GRILLE_100
100
AcDbLine
 10
0.0
 20
400.0
 30
0.0
 11
3000.0
 21
400.0
 31
0.0
  0
LINE
  5
B4
330
17
100
AcDbEntity
  8
GRILLE_100
100
AcDbLine
 10
0.0
 20
500.0
 30
0.0
 11
3000.0
 21
500.0
 31
0.0
  0
LINE
  5
B5
330
17
100
AcDbEntity
  8
GRILLE_100
100
AcDbLine
 10
0.0
 20
600.0
 30
0.0
 11
3000.0
 21
600.0
 31
0.0
  0
LINE
  5
B6
330
17
100
AcDbEntity
  8
GRILLE_100
100
AcDbLine
 10
0.0
 20
700.0
 30
0.0
 11
3000.0
 21
700.0
 31
0.0
  0
LINE
  5
B7
330
17
100
AcDbEntity
  8
GRILLE_100
100
AcDbLine
 10
0.0
 20
800.0
 30
0.0
 11
3000.0
 21
800.0
 31
0.0
  0
LINE
  5
B8
330
17
100
AcDbEntity
  8
GRILLE_100
100
AcDbLine
 10
0.0
 20
900.0
 30
0.0
 11
3000.0
 21
900.0
 31
0.0
  0
LINE
  5
B9
330
17
100
AcDbEntity
  8
GRILLE_100
100
AcDbLine
 10
0.0
 20
1000.0
 30
0.0
 11
3000.0
 21
1000.0
 31
0.0
  0
LINE
  5
BA
330
17
100
AcDbEntity
  8
GRILLE_100
100
AcDbLine
 10
0.0
 20
1100.0
 30
0.0
 11
3000.0
 21
1100.0
 31
0.0
  0
LINE
  5
BB
330
17
100
AcDbEntity
  8
GRILLE_100
100
AcDbLine
 10
0.0
 20
1200.0
 30
0.0
 11
3000.0
 21
1200.0
 31
0.0
  0
LINE
  5
BC
330
17
100
AcDbEntity
  8
GRILLE_100
100
AcDbLine
 10
0.0
 20
1300.0
 30
0.0
 11
3000.0
 21
1300.0
 31
0.0
  0
LINE
  5
BD
330
17
100
AcDbEntity
  8
GRILLE_100
100
AcDbLine
 10
0.0
 20
1400.0
 30
0.0
 11
3000.0
 21
1400.0
 31
0.0
  0
LINE
  5
BE
330
17
100
AcDbEntity
  8
GRILLE_100
100
AcDbLine
 10
0.0
 20
1500.0
 30
0.0
 11
3000.0
 21
1500.0
 31
0.0
  0
LINE
  5
BF
330
17
100
AcDbEntity
  8
GRILLE_100
100
AcDbLine
 10
0.0
 20
1600.0
 30
0.0
 11
3000.0
 21
1600.0
 31
0.0
  0
LINE
  5
C0
330
17
100
AcDbEntity
  8
GRILLE_100
100
AcDbLine
 10
0.0
 20
1700.0
 30
0.0
 11
3000.0
 21
1700.0
 31
0.0
  0
LINE
  5
C1
330
17
100
AcDbEntity
  8
GRILLE_100
100
AcDbLine
 10
0.0
 20
1800.0
 30
0.0
 11
3000.0
 21
1800.0
 31
0.0
  0
LINE
  5
C2
330
17
100
AcDbEntity
  8
GRILLE_100
100
AcDbLine
 10
0.0
 20
1900.0
 30
0.0
 11
3000.0
 21
1900.0
 31
0.0
  0
LINE
  5
C3
330
17
100
AcDbEntity
  8
GRILLE_100
100
AcDbLine
 10
0.0
 20
2000.0
 30
0.0
 11
3000.0
 21
2000.0
 31
0.0
  0
LINE
  5
C4
330
17
100
AcDbEntity
  8
GRILLE_100
100
AcDbLine
 10
0.0
 20
2100.0
 30
0.0
 11
3000.0
 21
2100.0
 31
0.0
  0
LINE
  5
C5
330
17
100
AcDbEntity
  8
GRILLE_100
100
AcDbLine
 10
0.0
 20
2200.0
 30
0.0
 11
3000.0
 21
2200.0
 31
0.0
  0
LINE
  5
C6
330
17
100
AcDbEntity
  8
GRILLE_100
100
AcDbLine
 10
0.0
 20
2300.0
 30
0.0
 11
3000.0
 21
2300.0
 31
0.0
  0
CIRCLE
  5
C7
330
17
100
AcDbEntity
  8
PERCAGES
100
AcDbCircle
 10
100.0
 20
2300.0
 30
0.0
 40
4.0
  0
POINT
  5
C8
330
17
100
AcDbEntity
  8
PERCAGES
100
AcDbPoint
 10
100.0
 20
2300.0
 30
0.0
  0
CIRCLE
  5
C9
330
17
100
AcDbEntity
  8
EMPRISE_SUSPENSION
 62
30
100
AcDbCircle
 10
100.0
 20
2300.0
 30
0.0
 40
25.0
  0
TEXT
  5
CA
330
17
100
AcDbEntity
  8
REPERES
100
AcDbText
 10
100.0
 20
2330.0
 30
0.0
 40
11.0
  1
A01
 72
1
 11
100.0
 21
2330.0
 31
0.0
100
AcDbText
 73
1
  0
TEXT
  5
CB
330
17
100
AcDbEntity
  8
LONGUEURS_FIL
100
AcDbText
 10
100.0
 20
2270.0
 30
0.0
 40
15.0
  1
339
 72
1
 11
100.0
 21
2270.0
 31
0.0
100
AcDbText
 73
3
  0
CIRCLE
  5
CC
330
17
100
AcDbEntity
  8
PERCAGES
100
AcDbCircle
 10
300.0
 20
2300.0
 30
0.0
 40
4.0
  0
POINT
  5
CD
330
17
100
AcDbEntity
  8
PERCAGES
100
AcDbPoint
 10
300.0
 20
2300.0
 30
0.0
  0
CIRCLE
  5
CE
330
17
100
AcDbEntity
  8
EMPRISE_SUSPENSION
 62
2
100
AcDbCircle
 10
300.0
 20
2300.0
 30
0.0
 40
25.0
  0
TEXT
  5
CF
330
17
100
AcDbEntity
  8
REPERES
100
AcDbText
 10
300.0
 20
2330.0
 30
0.0
 40
11.0
  1
A02
 72
1
 11
300.0
 21
2330.0
 31
0.0
100
AcDbText
 73
1
  0
TEXT
  5
D0
330
17
100
AcDbEntity
  8
LONGUEURS_FIL
100
AcDbText
 10
300.0
 20
2270.0
 30
0.0
 40
15.0
  1
154
 72
1
 11
300.0
 21
2270.0
 31
0.0
100
AcDbText
 73
3
  0
CIRCLE
  5
D1
330
17
100
AcDbEntity
  8
PERCAGES
100
AcDbCircle
 10
500.0
 20
2300.0
 30
0.0
 40
4.0
  0
POINT
  5
D2
330
17
100
AcDbEntity
  8
PERCAGES
100
AcDbPoint
 10
500.0
 20
2300.0
 30
0.0
  0
CIRCLE
  5
D3
330
17
100
AcDbEntity
  8
EMPRISE_SUSPENSION
 62
40
100
AcDbCircle
 10
500.0
 20
2300.0
 30
0.0
 40
25.0
  0
TEXT
  5
D4
330
17
100
AcDbEntity
  8
REPERES
100
AcDbText
 10
500.0
 20
2330.0
 30
0.0
 40
11.0
  1
A03
 72
1
 11
500.0
 21
2330.0
 31
0.0
100
AcDbText
 73
1
  0
TEXT
  5
D5
330
17
100
AcDbEntity
  8
LONGUEURS_FIL
100
AcDbText
 10
500.0
 20
2270.0
 30
0.0
 40
15.0
  1
276
 72
1
 11
500.0
 21
2270.0
 31
0.0
100
AcDbText
 73
3
  0
CIRCLE
  5
D6
330
17
100
AcDbEntity
  8
PERCAGES
100
AcDbCircle
 10
700.0
 20
2300.0
 30
0.0
 40
4.0
  0
POINT
  5
D7
330
17
100
AcDbEntity
  8
PERCAGES
100
AcDbPoint
 10
700.0
 20
2300.0
 30
0.0
  0
CIRCLE
  5
D8
330
17
100
AcDbEntity
  8
EMPRISE_SUSPENSION
 62
40
100
AcDbCircle
 10
700.0
 20
2300.0
 30
0.0
 40
25.0
  0
TEXT
  5
D9
330
17
100
AcDbEntity
  8
REPERES
100
AcDbText
 10
700.0
 20
2330.0
 30
0.0
 40
11.0
  1
A04
 72
1
 11
700.0
 21
2330.0
 31
0.0
100
AcDbText
 73
1
  0
TEXT
  5
DA
330
17
100
AcDbEntity
  8
LONGUEURS_FIL
100
AcDbText
 10
700.0
 20
2270.0
 30
0.0
 40
15.0
  1
217
 72
1
 11
700.0
 21
2270.0
 31
0.0
100
AcDbText
 73
3
  0
CIRCLE
  5
DB
330
17
100
AcDbEntity
  8
PERCAGES
100
AcDbCircle
 10
900.0
 20
2300.0
 30
0.0
 40
4.0
  0
POINT
  5
DC
330
17
100
AcDbEntity
  8
PERCAGES
100
AcDbPoint
 10
900.0
 20
2300.0
 30
0.0
  0
CIRCLE
  5
DD
330
17
100
AcDbEntity
  8
EMPRISE_SUSPENSION
 62
20
100
AcDbCircle
 10
900.0
 20
2300.0
 30
0.0
 40
25.0
  0
TEXT
  5
DE
330
17
100
AcDbEntity
  8
REPERES
100
AcDbText
 10
900.0
 20
2330.0
 30
0.0
 40
11.0
  1
A05
 72
1
 11
900.0
 21
2330.0
 31
0.0
100
AcDbText
 73
1
  0
TEXT
  5
DF
330
17
100
AcDbEntity
  8
LONGUEURS_FIL
100
AcDbText
 10
900.0
 20
2270.0
 30
0.0
 40
15.0
  1
457
 72
1
 11
900.0
 21
2270.0
 31
0.0
100
AcDbText
 73
3
  0
CIRCLE
  5
E0
330
17
100
AcDbEntity
  8
PERCAGES
100
AcDbCircle
 10
1100.0
 20
2300.0
 30
0.0
 40
4.0
  0
POINT
  5
E1
330
17
100
AcDbEntity
  8
PERCAGES
100
AcDbPoint
 10
1100.0
 20
2300.0
 30
0.0
  0
CIRCLE
  5
E2
330
17
100
AcDbEntity
  8
EMPRISE_SUSPENSION
 62
2
100
AcDbCircle
 10
1100.0
 20
2300.0
 30
0.0
 40
25.0
  0
TEXT
  5
E3
330
17
100
AcDbEntity
  8
REPERES
100
AcDbText
 10
1100.0
 20
2330.0
 30
0.0
 40
11.0
  1
A06
 72
1
 11
1100.0
 21
2330.0
 31
0.0
100
AcDbText
 73
1
  0
TEXT
  5
E4
330
17
100
AcDbEntity
  8
LONGUEURS_FIL
100
AcDbText
 10
1100.0
 20
2270.0
 30
0.0
 40
15.0
  1
149
 72
1
 11
1100.0
 21
2270.0
 31
0.0
100
AcDbText
 73
3
  0
CIRCLE
  5
E5
330
17
100
AcDbEntity
  8
PERCAGES
100
AcDbCircle
 10
1300.0
 20
2300.0
 30
0.0
 40
4.0
  0
POINT
  5
E6
330
17
100
AcDbEntity
  8
PERCAGES
100
AcDbPoint
 10
1300.0
 20
2300.0
 30
0.0
  0
CIRCLE
  5
E7
330
17
100
AcDbEntity
  8
EMPRISE_SUSPENSION
 62
30
100
AcDbCircle
 10
1300.0
 20
2300.0
 30
0.0
 40
25.0
  0
TEXT
  5
E8
330
17
100
AcDbEntity
  8
REPERES
100
AcDbText
 10
1300.0
 20
2330.0
 30
0.0
 40
11.0
  1
A07
 72
1
 11
1300.0
 21
2330.0
 31
0.0
100
AcDbText
 73
1
  0
TEXT
  5
E9
330
17
100
AcDbEntity
  8
LONGUEURS_FIL
100
AcDbText
 10
1300.0
 20
2270.0
 30
0.0
 40
15.0
  1
400
 72
1
 11
1300.0
 21
2270.0
 31
0.0
100
AcDbText
 73
3
  0
CIRCLE
  5
EA
330
17
100
AcDbEntity
  8
PERCAGES
100
AcDbCircle
 10
1500.0
 20
2300.0
 30
0.0
 40
4.0
  0
POINT
  5
EB
330
17
100
AcDbEntity
  8
PERCAGES
100
AcDbPoint
 10
1500.0
 20
2300.0
 30
0.0
  0
CIRCLE
  5
EC
330
17
100
AcDbEntity
  8
EMPRISE_SUSPENSION
 62
2
100
AcDbCircle
 10
1500.0
 20
2300.0
 30
0.0
 40
25.0
  0
TEXT
  5
ED
330
17
100
AcDbEntity
  8
REPERES
100
AcDbText
 10
1500.0
 20
2330.0
 30
0.0
 40
11.0
  1
A08
 72
1
 11
1500.0
 21
2330.0
 31
0.0
100
AcDbText
 73
1
  0
TEXT
  5
EE
330
17
100
AcDbEntity
  8
LONGUEURS_FIL
100
AcDbText
 10
1500.0
 20
2270.0
 30
0.0
 40
15.0
  1
154
 72
1
 11
1500.0
 21
2270.0
 31
0.0
100
AcDbText
 73
3
  0
CIRCLE
  5
EF
330
17
100
AcDbEntity
  8
PERCAGES
100
AcDbCircle
 10
1700.0
 20
2300.0
 30
0.0
 40
4.0
  0
POINT
  5
F0
330
17
100
AcDbEntity
  8
PERCAGES
100
AcDbPoint
 10
1700.0
 20
2300.0
 30
0.0
  0
CIRCLE
  5
F1
330
17
100
AcDbEntity
  8
EMPRISE_SUSPENSION
 62
30
100
AcDbCircle
 10
1700.0
 20
2300.0
 30
0.0
 40
25.0
  0
TEXT
  5
F2
330
17
100
AcDbEntity
  8
REPERES
100
AcDbText
 10
1700.0
 20
2330.0
 30
0.0
 40
11.0
  1
A09
 72
1
 11
1700.0
 21
2330.0
 31
0.0
100
AcDbText
 73
1
  0
TEXT
  5
F3
330
17
100
AcDbEntity
  8
LONGUEURS_FIL
100
AcDbText
 10
1700.0
 20
2270.0
 30
0.0
 40
15.0
  1
329
 72
1
 11
1700.0
 21
2270.0
 31
0.0
100
AcDbText
 73
3
  0
CIRCLE
  5
F4
330
17
100
AcDbEntity
  8
PERCAGES
100
AcDbCircle
 10
1900.0
 20
2300.0
 30
0.0
 40
4.0
  0
POINT
  5
F5
330
17
100
AcDbEntity
  8
PERCAGES
100
AcDbPoint
 10
1900.0
 20
2300.0
 30
0.0
  0
CIRCLE
  5
F6
330
17
100
AcDbEntity
  8
EMPRISE_SUSPENSION
 62
20
100
AcDbCircle
 10
1900.0
 20
2300.0
 30
0.0
 40
25.0
  0
TEXT
  5
F7
330
17
100
AcDbEntity
  8
REPERES
100
AcDbText
 10
1900.0
 20
2330.0
 30
0.0
 40
11.0
  1
A10
 72
1
 11
1900.0
 21
2330.0
 31
0.0
100
AcDbText
 73
1
  0
TEXT
  5
F8
330
17
100
AcDbEntity
  8
LONGUEURS_FIL
100
AcDbText
 10
1900.0
 20
2270.0
 30
0.0
 40
15.0
  1
441
 72
1
 11
1900.0
 21
2270.0
 31
0.0
100
AcDbText
 73
3
  0
CIRCLE
  5
F9
330
17
100
AcDbEntity
  8
PERCAGES
100
AcDbCircle
 10
2100.0
 20
2300.0
 30
0.0
 40
4.0
  0
POINT
  5
FA
330
17
100
AcDbEntity
  8
PERCAGES
100
AcDbPoint
 10
2100.0
 20
2300.0
 30
0.0
  0
CIRCLE
  5
FB
330
17
100
AcDbEntity
  8
EMPRISE_SUSPENSION
 62
40
100
AcDbCircle
 10
2100.0
 20
2300.0
 30
0.0
 40
25.0
  0
TEXT
  5
FC
330
17
100
AcDbEntity
  8
REPERES
100
AcDbText
 10
2100.0
 20
2330.0
 30
0.0
 40
11.0
  1
A11
 72
1
 11
2100.0
 21
2330.0
 31
0.0
100
AcDbText
 73
1
  0
TEXT
  5
FD
330
17
100
AcDbEntity
  8
LONGUEURS_FIL
100
AcDbText
 10
2100.0
 20
2270.0
 30
0.0
 40
15.0
  1
281
 72
1
 11
2100.0
 21
2270.0
 31
0.0
100
AcDbText
 73
3
  0
CIRCLE
  5
FE
330
17
100
AcDbEntity
  8
PERCAGES
100
AcDbCircle
 10
2300.0
 20
2300.0
 30
0.0
 40
4.0
  0
POINT
  5
FF
330
17
100
AcDbEntity
  8
PERCAGES
100
AcDbPoint
 10
2300.0
 20
2300.0
 30
0.0
  0
CIRCLE
  5
100
330
17
100
AcDbEntity
  8
EMPRISE_SUSPENSION
 62
20
100
AcDbCircle
 10
2300.0
 20
2300.0
 30
0.0
 40
25.0
  0
TEXT
  5
101
330
17
100
AcDbEntity
  8
REPERES
100
AcDbText
 10
2300.0
 20
2330.0
 30
0.0
 40
11.0
  1
A12
 72
1
 11
2300.0
 21
2330.0
 31
0.0
100
AcDbText
 73
1
  0
TEXT
  5
102
330
17
100
AcDbEntity
  8
LONGUEURS_FIL
100
AcDbText
 10
2300.0
 20
2270.0
 30
0.0
 40
15.0
  1
438
 72
1
 11
2300.0
 21
2270.0
 31
0.0
100
AcDbText
 73
3
  0
CIRCLE
  5
103
330
17
100
AcDbEntity
  8
PERCAGES
100
AcDbCircle
 10
2500.0
 20
2300.0
 30
0.0
 40
4.0
  0
POINT
  5
104
330
17
100
AcDbEntity
  8
PERCAGES
100
AcDbPoint
 10
2500.0
 20
2300.0
 30
0.0
  0
CIRCLE
  5
105
330
17
100
AcDbEntity
  8
EMPRISE_SUSPENSION
 62
40
100
AcDbCircle
 10
2500.0
 20
2300.0
 30
0.0
 40
25.0
  0
TEXT
  5
106
330
17
100
AcDbEntity
  8
REPERES
100
AcDbText
 10
2500.0
 20
2330.0
 30
0.0
 40
11.0
  1
A13
 72
1
 11
2500.0
 21
2330.0
 31
0.0
100
AcDbText
 73
1
  0
TEXT
  5
107
330
17
100
AcDbEntity
  8
LONGUEURS_FIL
100
AcDbText
 10
2500.0
 20
2270.0
 30
0.0
 40
15.0
  1
278
 72
1
 11
2500.0
 21
2270.0
 31
0.0
100
AcDbText
 73
3
  0
CIRCLE
  5
108
330
17
100
AcDbEntity
  8
PERCAGES
100
AcDbCircle
 10
2700.0
 20
2300.0
 30
0.0
 40
4.0
  0
POINT
  5
109
330
17
100
AcDbEntity
  8
PERCAGES
100
AcDbPoint
 10
2700.0
 20
2300.0
 30
0.0
  0
CIRCLE
  5
10A
330
17
100
AcDbEntity
  8
EMPRISE_SUSPENSION
 62
2
100
AcDbCircle
 10
2700.0
 20
2300.0
 30
0.0
 40
25.0
  0
TEXT
  5
10B
330
17
100
AcDbEntity
  8
REPERES
100
AcDbText
 10
2700.0
 20
2330.0
 30
0.0
 40
11.0
  1
A14
 72
1
 11
2700.0
 21
2330.0
 31
0.0
100
AcDbText
 73
1
  0
TEXT
  5
10C
330
17
100
AcDbEntity
  8
LONGUEURS_FIL
100
AcDbText
 10
2700.0
 20
2270.0
 30
0.0
 40
15.0
  1
112
 72
1
 11
2700.0
 21
2270.0
 31
0.0
100
AcDbText
 73
3
  0
CIRCLE
  5
10D
330
17
100
AcDbEntity
  8
PERCAGES
100
AcDbCircle
 10
2900.0
 20
2300.0
 30
0.0
 40
4.0
  0
POINT
  5
10E
330
17
100
AcDbEntity
  8
PERCAGES
100
AcDbPoint
 10
2900.0
 20
2300.0
 30
0.0
  0
CIRCLE
  5
10F
330
17
100
AcDbEntity
  8
EMPRISE_SUSPENSION
 62
30
100
AcDbCircle
 10
2900.0
 20
2300.0
 30
0.0
 40
25.0
  0
TEXT
  5
110
330
17
100
AcDbEntity
  8
REPERES
100
AcDbText
 10
2900.0
 20
2330.0
 30
0.0
 40
11.0
  1
A15
 72
1
 11
2900.0
 21
2330.0
 31
0.0
100
AcDbText
 73
1
  0
TEXT
  5
111
330
17
100
AcDbEntity
  8
LONGUEURS_FIL
100
AcDbText
 10
2900.0
 20
2270.0
 30
0.0
 40
15.0
  1
327
 72
1
 11
2900.0
 21
2270.0
 31
0.0
100
AcDbText
 73
3
  0
CIRCLE
  5
112
330
17
100
AcDbEntity
  8
PERCAGES
100
AcDbCircle
 10
200.0
 20
2200.0
 30
0.0
 40
4.0
  0
POINT
  5
113
330
17
100
AcDbEntity
  8
PERCAGES
100
AcDbPoint
 10
200.0
 20
2200.0
 30
0.0
  0
CIRCLE
  5
114
330
17
100
AcDbEntity
  8
EMPRISE_SUSPENSION
 62
40
100
AcDbCircle
 10
200.0
 20
2200.0
 30
0.0
 40
25.0
  0
TEXT
  5
115
330
17
100
AcDbEntity
  8
REPERES
100
AcDbText
 10
200.0
 20
2230.0
 30
0.0
 40
11.0
  1
B01
 72
1
 11
200.0
 21
2230.0
 31
0.0
100
AcDbText
 73
1
  0
TEXT
  5
116
330
17
100
AcDbEntity
  8
LONGUEURS_FIL
100
AcDbText
 10
200.0
 20
2170.0
 30
0.0
 40
15.0
  1
234
 72
1
 11
200.0
 21
2170.0
 31
0.0
100
AcDbText
 73
3
  0
CIRCLE
  5
117
330
17
100
AcDbEntity
  8
PERCAGES
100
AcDbCircle
 10
400.0
 20
2200.0
 30
0.0
 40
4.0
  0
POINT
  5
118
330
17
100
AcDbEntity
  8
PERCAGES
100
AcDbPoint
 10
400.0
 20
2200.0
 30
0.0
  0
CIRCLE
  5
119
330
17
100
AcDbEntity
  8
EMPRISE_SUSPENSION
 62
20
100
AcDbCircle
 10
400.0
 20
2200.0
 30
0.0
 40
25.0
  0
TEXT
  5
11A
330
17
100
AcDbEntity
  8
REPERES
100
AcDbText
 10
400.0
 20
2230.0
 30
0.0
 40
11.0
  1
B02
 72
1
 11
400.0
 21
2230.0
 31
0.0
100
AcDbText
 73
1
  0
TEXT
  5
11B
330
17
100
AcDbEntity
  8
LONGUEURS_FIL
100
AcDbText
 10
400.0
 20
2170.0
 30
0.0
 40
15.0
  1
433
 72
1
 11
400.0
 21
2170.0
 31
0.0
100
AcDbText
 73
3
  0
CIRCLE
  5
11C
330
17
100
AcDbEntity
  8
PERCAGES
100
AcDbCircle
 10
600.0
 20
2200.0
 30
0.0
 40
4.0
  0
POINT
  5
11D
330
17
100
AcDbEntity
  8
PERCAGES
100
AcDbPoint
 10
600.0
 20
2200.0
 30
0.0
  0
CIRCLE
  5
11E
330
17
100
AcDbEntity
  8
EMPRISE_SUSPENSION
 62
2
100
AcDbCircle
 10
600.0
 20
2200.0
 30
0.0
 40
25.0
  0
TEXT
  5
11F
330
17
100
AcDbEntity
  8
REPERES
100
AcDbText
 10
600.0
 20
2230.0
 30
0.0
 40
11.0
  1
B03
 72
1
 11
600.0
 21
2230.0
 31
0.0
100
AcDbText
 73
1
  0
TEXT
  5
120
330
17
100
AcDbEntity
  8
LONGUEURS_FIL
100
AcDbText
 10
600.0
 20
2170.0
 30
0.0
 40
15.0
  1
138
 72
1
 11
600.0
 21
2170.0
 31
0.0
100
AcDbText
 73
3
  0
CIRCLE
  5
121
330
17
100
AcDbEntity
  8
PERCAGES
100
AcDbCircle
 10
800.0
 20
2200.0
 30
0.0
 40
4.0
  0
POINT
  5
122
330
17
100
AcDbEntity
  8
PERCAGES
100
AcDbPoint
 10
800.0
 20
2200.0
 30
0.0
  0
CIRCLE
  5
123
330
17
100
AcDbEntity
  8
EMPRISE_SUSPENSION
 62
30
100
AcDbCircle
 10
800.0
 20
2200.0
 30
0.0
 40
25.0
  0
TEXT
  5
124
330
17
100
AcDbEntity
  8
REPERES
100
AcDbText
 10
800.0
 20
2230.0
 30
0.0
 40
11.0
  1
B04
 72
1
 11
800.0
 21
2230.0
 31
0.0
100
AcDbText
 73
1
  0
TEXT
  5
125
330
17
100
AcDbEntity
  8
LONGUEURS_FIL
100
AcDbText
 10
800.0
 20
2170.0
 30
0.0
 40
15.0
  1
345
 72
1
 11
800.0
 21
2170.0
 31
0.0
100
AcDbText
 73
3
  0
CIRCLE
  5
126
330
17
100
AcDbEntity
  8
PERCAGES
100
AcDbCircle
 10
1000.0
 20
2200.0
 30
0.0
 40
4.0
  0
POINT
  5
127
330
17
100
AcDbEntity
  8
PERCAGES
100
AcDbPoint
 10
1000.0
 20
2200.0
 30
0.0
  0
CIRCLE
  5
128
330
17
100
AcDbEntity
  8
EMPRISE_SUSPENSION
 62
40
100
AcDbCircle
 10
1000.0
 20
2200.0
 30
0.0
 40
25.0
  0
TEXT
  5
129
330
17
100
AcDbEntity
  8
REPERES
100
AcDbText
 10
1000.0
 20
2230.0
 30
0.0
 40
11.0
  1
B05
 72
1
 11
1000.0
 21
2230.0
 31
0.0
100
AcDbText
 73
1
  0
TEXT
  5
12A
330
17
100
AcDbEntity
  8
LONGUEURS_FIL
100
AcDbText
 10
1000.0
 20
2170.0
 30
0.0
 40
15.0
  1
271
 72
1
 11
1000.0
 21
2170.0
 31
0.0
100
AcDbText
 73
3
  0
CIRCLE
  5
12B
330
17
100
AcDbEntity
  8
PERCAGES
100
AcDbCircle
 10
1200.0
 20
2200.0
 30
0.0
 40
4.0
  0
POINT
  5
12C
330
17
100
AcDbEntity
  8
PERCAGES
100
AcDbPoint
 10
1200.0
 20
2200.0
 30
0.0
  0
CIRCLE
  5
12D
330
17
100
AcDbEntity
  8
EMPRISE_SUSPENSION
 62
20
100
AcDbCircle
 10
1200.0
 20
2200.0
 30
0.0
 40
25.0
  0
TEXT
  5
12E
330
17
100
AcDbEntity
  8
REPERES
100
AcDbText
 10
1200.0
 20
2230.0
 30
0.0
 40
11.0
  1
B06
 72
1
 11
1200.0
 21
2230.0
 31
0.0
100
AcDbText
 73
1
  0
TEXT
  5
12F
330
17
100
AcDbEntity
  8
LONGUEURS_FIL
100
AcDbText
 10
1200.0
 20
2170.0
 30
0.0
 40
15.0
  1
511
 72
1
 11
1200.0
 21
2170.0
 31
0.0
100
AcDbText
 73
3
  0
CIRCLE
  5
130
330
17
100
AcDbEntity
  8
PERCAGES
100
AcDbCircle
 10
1400.0
 20
2200.0
 30
0.0
 40
4.0
  0
POINT
  5
131
330
17
100
AcDbEntity
  8
PERCAGES
100
AcDbPoint
 10
1400.0
 20
2200.0
 30
0.0
  0
CIRCLE
  5
132
330
17
100
AcDbEntity
  8
EMPRISE_SUSPENSION
 62
30
100
AcDbCircle
 10
1400.0
 20
2200.0
 30
0.0
 40
25.0
  0
TEXT
  5
133
330
17
100
AcDbEntity
  8
REPERES
100
AcDbText
 10
1400.0
 20
2230.0
 30
0.0
 40
11.0
  1
B07
 72
1
 11
1400.0
 21
2230.0
 31
0.0
100
AcDbText
 73
1
  0
TEXT
  5
134
330
17
100
AcDbEntity
  8
LONGUEURS_FIL
100
AcDbText
 10
1400.0
 20
2170.0
 30
0.0
 40
15.0
  1
321
 72
1
 11
1400.0
 21
2170.0
 31
0.0
100
AcDbText
 73
3
  0
CIRCLE
  5
135
330
17
100
AcDbEntity
  8
PERCAGES
100
AcDbCircle
 10
1600.0
 20
2200.0
 30
0.0
 40
4.0
  0
POINT
  5
136
330
17
100
AcDbEntity
  8
PERCAGES
100
AcDbPoint
 10
1600.0
 20
2200.0
 30
0.0
  0
CIRCLE
  5
137
330
17
100
AcDbEntity
  8
EMPRISE_SUSPENSION
 62
40
100
AcDbCircle
 10
1600.0
 20
2200.0
 30
0.0
 40
25.0
  0
TEXT
  5
138
330
17
100
AcDbEntity
  8
REPERES
100
AcDbText
 10
1600.0
 20
2230.0
 30
0.0
 40
11.0
  1
B08
 72
1
 11
1600.0
 21
2230.0
 31
0.0
100
AcDbText
 73
1
  0
TEXT
  5
139
330
17
100
AcDbEntity
  8
LONGUEURS_FIL
100
AcDbText
 10
1600.0
 20
2170.0
 30
0.0
 40
15.0
  1
241
 72
1
 11
1600.0
 21
2170.0
 31
0.0
100
AcDbText
 73
3
  0
CIRCLE
  5
13A
330
17
100
AcDbEntity
  8
PERCAGES
100
AcDbCircle
 10
1800.0
 20
2200.0
 30
0.0
 40
4.0
  0
POINT
  5
13B
330
17
100
AcDbEntity
  8
PERCAGES
100
AcDbPoint
 10
1800.0
 20
2200.0
 30
0.0
  0
CIRCLE
  5
13C
330
17
100
AcDbEntity
  8
EMPRISE_SUSPENSION
 62
2
100
AcDbCircle
 10
1800.0
 20
2200.0
 30
0.0
 40
25.0
  0
TEXT
  5
13D
330
17
100
AcDbEntity
  8
REPERES
100
AcDbText
 10
1800.0
 20
2230.0
 30
0.0
 40
11.0
  1
B09
 72
1
 11
1800.0
 21
2230.0
 31
0.0
100
AcDbText
 73
1
  0
TEXT
  5
13E
330
17
100
AcDbEntity
  8
LONGUEURS_FIL
100
AcDbText
 10
1800.0
 20
2170.0
 30
0.0
 40
15.0
  1
139
 72
1
 11
1800.0
 21
2170.0
 31
0.0
100
AcDbText
 73
3
  0
CIRCLE
  5
13F
330
17
100
AcDbEntity
  8
PERCAGES
100
AcDbCircle
 10
2000.0
 20
2200.0
 30
0.0
 40
4.0
  0
POINT
  5
140
330
17
100
AcDbEntity
  8
PERCAGES
100
AcDbPoint
 10
2000.0
 20
2200.0
 30
0.0
  0
CIRCLE
  5
141
330
17
100
AcDbEntity
  8
EMPRISE_SUSPENSION
 62
30
100
AcDbCircle
 10
2000.0
 20
2200.0
 30
0.0
 40
25.0
  0
TEXT
  5
142
330
17
100
AcDbEntity
  8
REPERES
100
AcDbText
 10
2000.0
 20
2230.0
 30
0.0
 40
11.0
  1
B10
 72
1
 11
2000.0
 21
2230.0
 31
0.0
100
AcDbText
 73
1
  0
TEXT
  5
143
330
17
100
AcDbEntity
  8
LONGUEURS_FIL
100
AcDbText
 10
2000.0
 20
2170.0
 30
0.0
 40
15.0
  1
355
 72
1
 11
2000.0
 21
2170.0
 31
0.0
100
AcDbText
 73
3
  0
CIRCLE
  5
144
330
17
100
AcDbEntity
  8
PERCAGES
100
AcDbCircle
 10
2200.0
 20
2200.0
 30
0.0
 40
4.0
  0
POINT
  5
145
330
17
100
AcDbEntity
  8
PERCAGES
100
AcDbPoint
 10
2200.0
 20
2200.0
 30
0.0
  0
CIRCLE
  5
146
330
17
100
AcDbEntity
  8
EMPRISE_SUSPENSION
 62
40
100
AcDbCircle
 10
2200.0
 20
2200.0
 30
0.0
 40
25.0
  0
TEXT
  5
147
330
17
100
AcDbEntity
  8
REPERES
100
AcDbText
 10
2200.0
 20
2230.0
 30
0.0
 40
11.0
  1
B11
 72
1
 11
2200.0
 21
2230.0
 31
0.0
100
AcDbText
 73
1
  0
TEXT
  5
148
330
17
100
AcDbEntity
  8
LONGUEURS_FIL
100
AcDbText
 10
2200.0
 20
2170.0
 30
0.0
 40
15.0
  1
208
 72
1
 11
2200.0
 21
2170.0
 31
0.0
100
AcDbText
 73
3
  0
CIRCLE
  5
149
330
17
100
AcDbEntity
  8
PERCAGES
100
AcDbCircle
 10
2400.0
 20
2200.0
 30
0.0
 40
4.0
  0
POINT
  5
14A
330
17
100
AcDbEntity
  8
PERCAGES
100
AcDbPoint
 10
2400.0
 20
2200.0
 30
0.0
  0
CIRCLE
  5
14B
330
17
100
AcDbEntity
  8
EMPRISE_SUSPENSION
 62
2
100
AcDbCircle
 10
2400.0
 20
2200.0
 30
0.0
 40
25.0
  0
TEXT
  5
14C
330
17
100
AcDbEntity
  8
REPERES
100
AcDbText
 10
2400.0
 20
2230.0
 30
0.0
 40
11.0
  1
B12
 72
1
 11
2400.0
 21
2230.0
 31
0.0
100
AcDbText
 73
1
  0
TEXT
  5
14D
330
17
100
AcDbEntity
  8
LONGUEURS_FIL
100
AcDbText
 10
2400.0
 20
2170.0
 30
0.0
 40
15.0
  1
144
 72
1
 11
2400.0
 21
2170.0
 31
0.0
100
AcDbText
 73
3
  0
CIRCLE
  5
14E
330
17
100
AcDbEntity
  8
PERCAGES
100
AcDbCircle
 10
2600.0
 20
2200.0
 30
0.0
 40
4.0
  0
POINT
  5
14F
330
17
100
AcDbEntity
  8
PERCAGES
100
AcDbPoint
 10
2600.0
 20
2200.0
 30
0.0
  0
CIRCLE
  5
150
330
17
100
AcDbEntity
  8
EMPRISE_SUSPENSION
 62
30
100
AcDbCircle
 10
2600.0
 20
2200.0
 30
0.0
 40
25.0
  0
TEXT
  5
151
330
17
100
AcDbEntity
  8
REPERES
100
AcDbText
 10
2600.0
 20
2230.0
 30
0.0
 40
11.0
  1
B13
 72
1
 11
2600.0
 21
2230.0
 31
0.0
100
AcDbText
 73
1
  0
TEXT
  5
152
330
17
100
AcDbEntity
  8
LONGUEURS_FIL
100
AcDbText
 10
2600.0
 20
2170.0
 30
0.0
 40
15.0
  1
383
 72
1
 11
2600.0
 21
2170.0
 31
0.0
100
AcDbText
 73
3
  0
CIRCLE
  5
153
330
17
100
AcDbEntity
  8
PERCAGES
100
AcDbCircle
 10
2800.0
 20
2200.0
 30
0.0
 40
4.0
  0
POINT
  5
154
330
17
100
AcDbEntity
  8
PERCAGES
100
AcDbPoint
 10
2800.0
 20
2200.0
 30
0.0
  0
CIRCLE
  5
155
330
17
100
AcDbEntity
  8
EMPRISE_SUSPENSION
 62
40
100
AcDbCircle
 10
2800.0
 20
2200.0
 30
0.0
 40
25.0
  0
TEXT
  5
156
330
17
100
AcDbEntity
  8
REPERES
100
AcDbText
 10
2800.0
 20
2230.0
 30
0.0
 40
11.0
  1
B14
 72
1
 11
2800.0
 21
2230.0
 31
0.0
100
AcDbText
 73
1
  0
TEXT
  5
157
330
17
100
AcDbEntity
  8
LONGUEURS_FIL
100
AcDbText
 10
2800.0
 20
2170.0
 30
0.0
 40
15.0
  1
226
 72
1
 11
2800.0
 21
2170.0
 31
0.0
100
AcDbText
 73
3
  0
CIRCLE
  5
158
330
17
100
AcDbEntity
  8
PERCAGES
100
AcDbCircle
 10
100.0
 20
2100.0
 30
0.0
 40
4.0
  0
POINT
  5
159
330
17
100
AcDbEntity
  8
PERCAGES
100
AcDbPoint
 10
100.0
 20
2100.0
 30
0.0
  0
CIRCLE
  5
15A
330
17
100
AcDbEntity
  8
EMPRISE_SUSPENSION
 62
30
100
AcDbCircle
 10
100.0
 20
2100.0
 30
0.0
 40
25.0
  0
TEXT
  5
15B
330
17
100
AcDbEntity
  8
REPERES
100
AcDbText
 10
100.0
 20
2130.0
 30
0.0
 40
11.0
  1
C01
 72
1
 11
100.0
 21
2130.0
 31
0.0
100
AcDbText
 73
1
  0
TEXT
  5
15C
330
17
100
AcDbEntity
  8
LONGUEURS_FIL
100
AcDbText
 10
100.0
 20
2070.0
 30
0.0
 40
15.0
  1
397
 72
1
 11
100.0
 21
2070.0
 31
0.0
100
AcDbText
 73
3
  0
CIRCLE
  5
15D
330
17
100
AcDbEntity
  8
PERCAGES
100
AcDbCircle
 10
300.0
 20
2100.0
 30
0.0
 40
4.0
  0
POINT
  5
15E
330
17
100
AcDbEntity
  8
PERCAGES
100
AcDbPoint
 10
300.0
 20
2100.0
 30
0.0
  0
CIRCLE
  5
15F
330
17
100
AcDbEntity
  8
EMPRISE_SUSPENSION
 62
40
100
AcDbCircle
 10
300.0
 20
2100.0
 30
0.0
 40
25.0
  0
TEXT
  5
160
330
17
100
AcDbEntity
  8
REPERES
100
AcDbText
 10
300.0
 20
2130.0
 30
0.0
 40
11.0
  1
C02
 72
1
 11
300.0
 21
2130.0
 31
0.0
100
AcDbText
 73
1
  0
TEXT
  5
161
330
17
100
AcDbEntity
  8
LONGUEURS_FIL
100
AcDbText
 10
300.0
 20
2070.0
 30
0.0
 40
15.0
  1
300
 72
1
 11
300.0
 21
2070.0
 31
0.0
100
AcDbText
 73
3
  0
CIRCLE
  5
162
330
17
100
AcDbEntity
  8
PERCAGES
100
AcDbCircle
 10
500.0
 20
2100.0
 30
0.0
 40
4.0
  0
POINT
  5
163
330
17
100
AcDbEntity
  8
PERCAGES
100
AcDbPoint
 10
500.0
 20
2100.0
 30
0.0
  0
CIRCLE
  5
164
330
17
100
AcDbEntity
  8
EMPRISE_SUSPENSION
 62
30
100
AcDbCircle
 10
500.0
 20
2100.0
 30
0.0
 40
25.0
  0
TEXT
  5
165
330
17
100
AcDbEntity
  8
REPERES
100
AcDbText
 10
500.0
 20
2130.0
 30
0.0
 40
11.0
  1
C03
 72
1
 11
500.0
 21
2130.0
 31
0.0
100
AcDbText
 73
1
  0
TEXT
  5
166
330
17
100
AcDbEntity
  8
LONGUEURS_FIL
100
AcDbText
 10
500.0
 20
2070.0
 30
0.0
 40
15.0
  1
360
 72
1
 11
500.0
 21
2070.0
 31
0.0
100
AcDbText
 73
3
  0
CIRCLE
  5
167
330
17
100
AcDbEntity
  8
PERCAGES
100
AcDbCircle
 10
700.0
 20
2100.0
 30
0.0
 40
4.0
  0
POINT
  5
168
330
17
100
AcDbEntity
  8
PERCAGES
100
AcDbPoint
 10
700.0
 20
2100.0
 30
0.0
  0
CIRCLE
  5
169
330
17
100
AcDbEntity
  8
EMPRISE_SUSPENSION
 62
20
100
AcDbCircle
 10
700.0
 20
2100.0
 30
0.0
 40
25.0
  0
TEXT
  5
16A
330
17
100
AcDbEntity
  8
REPERES
100
AcDbText
 10
700.0
 20
2130.0
 30
0.0
 40
11.0
  1
C04
 72
1
 11
700.0
 21
2130.0
 31
0.0
100
AcDbText
 73
1
  0
TEXT
  5
16B
330
17
100
AcDbEntity
  8
LONGUEURS_FIL
100
AcDbText
 10
700.0
 20
2070.0
 30
0.0
 40
15.0
  1
427
 72
1
 11
700.0
 21
2070.0
 31
0.0
100
AcDbText
 73
3
  0
CIRCLE
  5
16C
330
17
100
AcDbEntity
  8
PERCAGES
100
AcDbCircle
 10
900.0
 20
2100.0
 30
0.0
 40
4.0
  0
POINT
  5
16D
330
17
100
AcDbEntity
  8
PERCAGES
100
AcDbPoint
 10
900.0
 20
2100.0
 30
0.0
  0
CIRCLE
  5
16E
330
17
100
AcDbEntity
  8
EMPRISE_SUSPENSION
 62
2
100
AcDbCircle
 10
900.0
 20
2100.0
 30
0.0
 40
25.0
  0
TEXT
  5
16F
330
17
100
AcDbEntity
  8
REPERES
100
AcDbText
 10
900.0
 20
2130.0
 30
0.0
 40
11.0
  1
C05
 72
1
 11
900.0
 21
2130.0
 31
0.0
100
AcDbText
 73
1
  0
TEXT
  5
170
330
17
100
AcDbEntity
  8
LONGUEURS_FIL
100
AcDbText
 10
900.0
 20
2070.0
 30
0.0
 40
15.0
  1
185
 72
1
 11
900.0
 21
2070.0
 31
0.0
100
AcDbText
 73
3
  0
CIRCLE
  5
171
330
17
100
AcDbEntity
  8
PERCAGES
100
AcDbCircle
 10
1100.0
 20
2100.0
 30
0.0
 40
4.0
  0
POINT
  5
172
330
17
100
AcDbEntity
  8
PERCAGES
100
AcDbPoint
 10
1100.0
 20
2100.0
 30
0.0
  0
CIRCLE
  5
173
330
17
100
AcDbEntity
  8
EMPRISE_SUSPENSION
 62
30
100
AcDbCircle
 10
1100.0
 20
2100.0
 30
0.0
 40
25.0
  0
TEXT
  5
174
330
17
100
AcDbEntity
  8
REPERES
100
AcDbText
 10
1100.0
 20
2130.0
 30
0.0
 40
11.0
  1
C06
 72
1
 11
1100.0
 21
2130.0
 31
0.0
100
AcDbText
 73
1
  0
TEXT
  5
175
330
17
100
AcDbEntity
  8
LONGUEURS_FIL
100
AcDbText
 10
1100.0
 20
2070.0
 30
0.0
 40
15.0
  1
348
 72
1
 11
1100.0
 21
2070.0
 31
0.0
100
AcDbText
 73
3
  0
CIRCLE
  5
176
330
17
100
AcDbEntity
  8
PERCAGES
100
AcDbCircle
 10
1300.0
 20
2100.0
 30
0.0
 40
4.0
  0
POINT
  5
177
330
17
100
AcDbEntity
  8
PERCAGES
100
AcDbPoint
 10
1300.0
 20
2100.0
 30
0.0
  0
CIRCLE
  5
178
330
17
100
AcDbEntity
  8
EMPRISE_SUSPENSION
 62
40
100
AcDbCircle
 10
1300.0
 20
2100.0
 30
0.0
 40
25.0
  0
TEXT
  5
179
330
17
100
AcDbEntity
  8
REPERES
100
AcDbText
 10
1300.0
 20
2130.0
 30
0.0
 40
11.0
  1
C07
 72
1
 11
1300.0
 21
2130.0
 31
0.0
100
AcDbText
 73
1
  0
TEXT
  5
17A
330
17
100
AcDbEntity
  8
LONGUEURS_FIL
100
AcDbText
 10
1300.0
 20
2070.0
 30
0.0
 40
15.0
  1
251
 72
1
 11
1300.0
 21
2070.0
 31
0.0
100
AcDbText
 73
3
  0
CIRCLE
  5
17B
330
17
100
AcDbEntity
  8
PERCAGES
100
AcDbCircle
 10
1500.0
 20
2100.0
 30
0.0
 40
4.0
  0
POINT
  5
17C
330
17
100
AcDbEntity
  8
PERCAGES
100
AcDbPoint
 10
1500.0
 20
2100.0
 30
0.0
  0
CIRCLE
  5
17D
330
17
100
AcDbEntity
  8
EMPRISE_SUSPENSION
 62
20
100
AcDbCircle
 10
1500.0
 20
2100.0
 30
0.0
 40
25.0
  0
TEXT
  5
17E
330
17
100
AcDbEntity
  8
REPERES
100
AcDbText
 10
1500.0
 20
2130.0
 30
0.0
 40
11.0
  1
C08
 72
1
 11
1500.0
 21
2130.0
 31
0.0
100
AcDbText
 73
1
  0
TEXT
  5
17F
330
17
100
AcDbEntity
  8
LONGUEURS_FIL
100
AcDbText
 10
1500.0
 20
2070.0
 30
0.0
 40
15.0
  1
469
 72
1
 11
1500.0
 21
2070.0
 31
0.0
100
AcDbText
 73
3
  0
CIRCLE
  5
180
330
17
100
AcDbEntity
  8
PERCAGES
100
AcDbCircle
 10
1700.0
 20
2100.0
 30
0.0
 40
4.0
  0
POINT
  5
181
330
17
100
AcDbEntity
  8
PERCAGES
100
AcDbPoint
 10
1700.0
 20
2100.0
 30
0.0
  0
CIRCLE
  5
182
330
17
100
AcDbEntity
  8
EMPRISE_SUSPENSION
 62
1
100
AcDbCircle
 10
1700.0
 20
2100.0
 30
0.0
 40
25.0
  0
TEXT
  5
183
330
17
100
AcDbEntity
  8
REPERES
100
AcDbText
 10
1700.0
 20
2130.0
 30
0.0
 40
11.0
  1
C09
 72
1
 11
1700.0
 21
2130.0
 31
0.0
100
AcDbText
 73
1
  0
TEXT
  5
184
330
17
100
AcDbEntity
  8
LONGUEURS_FIL
100
AcDbText
 10
1700.0
 20
2070.0
 30
0.0
 40
15.0
  1
529
 72
1
 11
1700.0
 21
2070.0
 31
0.0
100
AcDbText
 73
3
  0
CIRCLE
  5
185
330
17
100
AcDbEntity
  8
PERCAGES
100
AcDbCircle
 10
1900.0
 20
2100.0
 30
0.0
 40
4.0
  0
POINT
  5
186
330
17
100
AcDbEntity
  8
PERCAGES
100
AcDbPoint
 10
1900.0
 20
2100.0
 30
0.0
  0
CIRCLE
  5
187
330
17
100
AcDbEntity
  8
EMPRISE_SUSPENSION
 62
40
100
AcDbCircle
 10
1900.0
 20
2100.0
 30
0.0
 40
25.0
  0
TEXT
  5
188
330
17
100
AcDbEntity
  8
REPERES
100
AcDbText
 10
1900.0
 20
2130.0
 30
0.0
 40
11.0
  1
C10
 72
1
 11
1900.0
 21
2130.0
 31
0.0
100
AcDbText
 73
1
  0
TEXT
  5
189
330
17
100
AcDbEntity
  8
LONGUEURS_FIL
100
AcDbText
 10
1900.0
 20
2070.0
 30
0.0
 40
15.0
  1
219
 72
1
 11
1900.0
 21
2070.0
 31
0.0
100
AcDbText
 73
3
  0
CIRCLE
  5
18A
330
17
100
AcDbEntity
  8
PERCAGES
100
AcDbCircle
 10
2100.0
 20
2100.0
 30
0.0
 40
4.0
  0
POINT
  5
18B
330
17
100
AcDbEntity
  8
PERCAGES
100
AcDbPoint
 10
2100.0
 20
2100.0
 30
0.0
  0
CIRCLE
  5
18C
330
17
100
AcDbEntity
  8
EMPRISE_SUSPENSION
 62
2
100
AcDbCircle
 10
2100.0
 20
2100.0
 30
0.0
 40
25.0
  0
TEXT
  5
18D
330
17
100
AcDbEntity
  8
REPERES
100
AcDbText
 10
2100.0
 20
2130.0
 30
0.0
 40
11.0
  1
C11
 72
1
 11
2100.0
 21
2130.0
 31
0.0
100
AcDbText
 73
1
  0
TEXT
  5
18E
330
17
100
AcDbEntity
  8
LONGUEURS_FIL
100
AcDbText
 10
2100.0
 20
2070.0
 30
0.0
 40
15.0
  1
133
 72
1
 11
2100.0
 21
2070.0
 31
0.0
100
AcDbText
 73
3
  0
CIRCLE
  5
18F
330
17
100
AcDbEntity
  8
PERCAGES
100
AcDbCircle
 10
2300.0
 20
2100.0
 30
0.0
 40
4.0
  0
POINT
  5
190
330
17
100
AcDbEntity
  8
PERCAGES
100
AcDbPoint
 10
2300.0
 20
2100.0
 30
0.0
  0
CIRCLE
  5
191
330
17
100
AcDbEntity
  8
EMPRISE_SUSPENSION
 62
30
100
AcDbCircle
 10
2300.0
 20
2100.0
 30
0.0
 40
25.0
  0
TEXT
  5
192
330
17
100
AcDbEntity
  8
REPERES
100
AcDbText
 10
2300.0
 20
2130.0
 30
0.0
 40
11.0
  1
C12
 72
1
 11
2300.0
 21
2130.0
 31
0.0
100
AcDbText
 73
1
  0
TEXT
  5
193
330
17
100
AcDbEntity
  8
LONGUEURS_FIL
100
AcDbText
 10
2300.0
 20
2070.0
 30
0.0
 40
15.0
  1
380
 72
1
 11
2300.0
 21
2070.0
 31
0.0
100
AcDbText
 73
3
  0
CIRCLE
  5
194
330
17
100
AcDbEntity
  8
PERCAGES
100
AcDbCircle
 10
2500.0
 20
2100.0
 30
0.0
 40
4.0
  0
POINT
  5
195
330
17
100
AcDbEntity
  8
PERCAGES
100
AcDbPoint
 10
2500.0
 20
2100.0
 30
0.0
  0
CIRCLE
  5
196
330
17
100
AcDbEntity
  8
EMPRISE_SUSPENSION
 62
20
100
AcDbCircle
 10
2500.0
 20
2100.0
 30
0.0
 40
25.0
  0
TEXT
  5
197
330
17
100
AcDbEntity
  8
REPERES
100
AcDbText
 10
2500.0
 20
2130.0
 30
0.0
 40
11.0
  1
C13
 72
1
 11
2500.0
 21
2130.0
 31
0.0
100
AcDbText
 73
1
  0
TEXT
  5
198
330
17
100
AcDbEntity
  8
LONGUEURS_FIL
100
AcDbText
 10
2500.0
 20
2070.0
 30
0.0
 40
15.0
  1
486
 72
1
 11
2500.0
 21
2070.0
 31
0.0
100
AcDbText
 73
3
  0
CIRCLE
  5
199
330
17
100
AcDbEntity
  8
PERCAGES
100
AcDbCircle
 10
2700.0
 20
2100.0
 30
0.0
 40
4.0
  0
POINT
  5
19A
330
17
100
AcDbEntity
  8
PERCAGES
100
AcDbPoint
 10
2700.0
 20
2100.0
 30
0.0
  0
CIRCLE
  5
19B
330
17
100
AcDbEntity
  8
EMPRISE_SUSPENSION
 62
2
100
AcDbCircle
 10
2700.0
 20
2100.0
 30
0.0
 40
25.0
  0
TEXT
  5
19C
330
17
100
AcDbEntity
  8
REPERES
100
AcDbText
 10
2700.0
 20
2130.0
 30
0.0
 40
11.0
  1
C14
 72
1
 11
2700.0
 21
2130.0
 31
0.0
100
AcDbText
 73
1
  0
TEXT
  5
19D
330
17
100
AcDbEntity
  8
LONGUEURS_FIL
100
AcDbText
 10
2700.0
 20
2070.0
 30
0.0
 40
15.0
  1
163
 72
1
 11
2700.0
 21
2070.0
 31
0.0
100
AcDbText
 73
3
  0
CIRCLE
  5
19E
330
17
100
AcDbEntity
  8
PERCAGES
100
AcDbCircle
 10
2900.0
 20
2100.0
 30
0.0
 40
4.0
  0
POINT
  5
19F
330
17
100
AcDbEntity
  8
PERCAGES
100
AcDbPoint
 10
2900.0
 20
2100.0
 30
0.0
  0
CIRCLE
  5
1A0
330
17
100
AcDbEntity
  8
EMPRISE_SUSPENSION
 62
20
100
AcDbCircle
 10
2900.0
 20
2100.0
 30
0.0
 40
25.0
  0
TEXT
  5
1A1
330
17
100
AcDbEntity
  8
REPERES
100
AcDbText
 10
2900.0
 20
2130.0
 30
0.0
 40
11.0
  1
C15
 72
1
 11
2900.0
 21
2130.0
 31
0.0
100
AcDbText
 73
1
  0
TEXT
  5
1A2
330
17
100
AcDbEntity
  8
LONGUEURS_FIL
100
AcDbText
 10
2900.0
 20
2070.0
 30
0.0
 40
15.0
  1
434
 72
1
 11
2900.0
 21
2070.0
 31
0.0
100
AcDbText
 73
3
  0
CIRCLE
  5
1A3
330
17
100
AcDbEntity
  8
PERCAGES
100
AcDbCircle
 10
200.0
 20
2000.0
 30
0.0
 40
4.0
  0
POINT
  5
1A4
330
17
100
AcDbEntity
  8
PERCAGES
100
AcDbPoint
 10
200.0
 20
2000.0
 30
0.0
  0
CIRCLE
  5
1A5
330
17
100
AcDbEntity
  8
EMPRISE_SUSPENSION
 62
20
100
AcDbCircle
 10
200.0
 20
2000.0
 30
0.0
 40
25.0
  0
TEXT
  5
1A6
330
17
100
AcDbEntity
  8
REPERES
100
AcDbText
 10
200.0
 20
2030.0
 30
0.0
 40
11.0
  1
D01
 72
1
 11
200.0
 21
2030.0
 31
0.0
100
AcDbText
 73
1
  0
TEXT
  5
1A7
330
17
100
AcDbEntity
  8
LONGUEURS_FIL
100
AcDbText
 10
200.0
 20
1970.0
 30
0.0
 40
15.0
  1
479
 72
1
 11
200.0
 21
1970.0
 31
0.0
100
AcDbText
 73
3
  0
CIRCLE
  5
1A8
330
17
100
AcDbEntity
  8
PERCAGES
100
AcDbCircle
 10
400.0
 20
2000.0
 30
0.0
 40
4.0
  0
POINT
  5
1A9
330
17
100
AcDbEntity
  8
PERCAGES
100
AcDbPoint
 10
400.0
 20
2000.0
 30
0.0
  0
CIRCLE
  5
1AA
330
17
100
AcDbEntity
  8
EMPRISE_SUSPENSION
 62
2
100
AcDbCircle
 10
400.0
 20
2000.0
 30
0.0
 40
25.0
  0
TEXT
  5
1AB
330
17
100
AcDbEntity
  8
REPERES
100
AcDbText
 10
400.0
 20
2030.0
 30
0.0
 40
11.0
  1
D02
 72
1
 11
400.0
 21
2030.0
 31
0.0
100
AcDbText
 73
1
  0
TEXT
  5
1AC
330
17
100
AcDbEntity
  8
LONGUEURS_FIL
100
AcDbText
 10
400.0
 20
1970.0
 30
0.0
 40
15.0
  1
203
 72
1
 11
400.0
 21
1970.0
 31
0.0
100
AcDbText
 73
3
  0
CIRCLE
  5
1AD
330
17
100
AcDbEntity
  8
PERCAGES
100
AcDbCircle
 10
600.0
 20
2000.0
 30
0.0
 40
4.0
  0
POINT
  5
1AE
330
17
100
AcDbEntity
  8
PERCAGES
100
AcDbPoint
 10
600.0
 20
2000.0
 30
0.0
  0
CIRCLE
  5
1AF
330
17
100
AcDbEntity
  8
EMPRISE_SUSPENSION
 62
40
100
AcDbCircle
 10
600.0
 20
2000.0
 30
0.0
 40
25.0
  0
TEXT
  5
1B0
330
17
100
AcDbEntity
  8
REPERES
100
AcDbText
 10
600.0
 20
2030.0
 30
0.0
 40
11.0
  1
D03
 72
1
 11
600.0
 21
2030.0
 31
0.0
100
AcDbText
 73
1
  0
TEXT
  5
1B1
330
17
100
AcDbEntity
  8
LONGUEURS_FIL
100
AcDbText
 10
600.0
 20
1970.0
 30
0.0
 40
15.0
  1
281
 72
1
 11
600.0
 21
1970.0
 31
0.0
100
AcDbText
 73
3
  0
CIRCLE
  5
1B2
330
17
100
AcDbEntity
  8
PERCAGES
100
AcDbCircle
 10
800.0
 20
2000.0
 30
0.0
 40
4.0
  0
POINT
  5
1B3
330
17
100
AcDbEntity
  8
PERCAGES
100
AcDbPoint
 10
800.0
 20
2000.0
 30
0.0
  0
CIRCLE
  5
1B4
330
17
100
AcDbEntity
  8
EMPRISE_SUSPENSION
 62
20
100
AcDbCircle
 10
800.0
 20
2000.0
 30
0.0
 40
25.0
  0
TEXT
  5
1B5
330
17
100
AcDbEntity
  8
REPERES
100
AcDbText
 10
800.0
 20
2030.0
 30
0.0
 40
11.0
  1
D04
 72
1
 11
800.0
 21
2030.0
 31
0.0
100
AcDbText
 73
1
  0
TEXT
  5
1B6
330
17
100
AcDbEntity
  8
LONGUEURS_FIL
100
AcDbText
 10
800.0
 20
1970.0
 30
0.0
 40
15.0
  1
508
 72
1
 11
800.0
 21
1970.0
 31
0.0
100
AcDbText
 73
3
  0
CIRCLE
  5
1B7
330
17
100
AcDbEntity
  8
PERCAGES
100
AcDbCircle
 10
1000.0
 20
2000.0
 30
0.0
 40
4.0
  0
POINT
  5
1B8
330
17
100
AcDbEntity
  8
PERCAGES
100
AcDbPoint
 10
1000.0
 20
2000.0
 30
0.0
  0
CIRCLE
  5
1B9
330
17
100
AcDbEntity
  8
EMPRISE_SUSPENSION
 62
20
100
AcDbCircle
 10
1000.0
 20
2000.0
 30
0.0
 40
25.0
  0
TEXT
  5
1BA
330
17
100
AcDbEntity
  8
REPERES
100
AcDbText
 10
1000.0
 20
2030.0
 30
0.0
 40
11.0
  1
D05
 72
1
 11
1000.0
 21
2030.0
 31
0.0
100
AcDbText
 73
1
  0
TEXT
  5
1BB
330
17
100
AcDbEntity
  8
LONGUEURS_FIL
100
AcDbText
 10
1000.0
 20
1970.0
 30
0.0
 40
15.0
  1
429
 72
1
 11
1000.0
 21
1970.0
 31
0.0
100
AcDbText
 73
3
  0
CIRCLE
  5
1BC
330
17
100
AcDbEntity
  8
PERCAGES
100
AcDbCircle
 10
1200.0
 20
2000.0
 30
0.0
 40
4.0
  0
POINT
  5
1BD
330
17
100
AcDbEntity
  8
PERCAGES
100
AcDbPoint
 10
1200.0
 20
2000.0
 30
0.0
  0
CIRCLE
  5
1BE
330
17
100
AcDbEntity
  8
EMPRISE_SUSPENSION
 62
2
100
AcDbCircle
 10
1200.0
 20
2000.0
 30
0.0
 40
25.0
  0
TEXT
  5
1BF
330
17
100
AcDbEntity
  8
REPERES
100
AcDbText
 10
1200.0
 20
2030.0
 30
0.0
 40
11.0
  1
D06
 72
1
 11
1200.0
 21
2030.0
 31
0.0
100
AcDbText
 73
1
  0
TEXT
  5
1C0
330
17
100
AcDbEntity
  8
LONGUEURS_FIL
100
AcDbText
 10
1200.0
 20
1970.0
 30
0.0
 40
15.0
  1
109
 72
1
 11
1200.0
 21
1970.0
 31
0.0
100
AcDbText
 73
3
  0
CIRCLE
  5
1C1
330
17
100
AcDbEntity
  8
PERCAGES
100
AcDbCircle
 10
1400.0
 20
2000.0
 30
0.0
 40
4.0
  0
POINT
  5
1C2
330
17
100
AcDbEntity
  8
PERCAGES
100
AcDbPoint
 10
1400.0
 20
2000.0
 30
0.0
  0
CIRCLE
  5
1C3
330
17
100
AcDbEntity
  8
EMPRISE_SUSPENSION
 62
2
100
AcDbCircle
 10
1400.0
 20
2000.0
 30
0.0
 40
25.0
  0
TEXT
  5
1C4
330
17
100
AcDbEntity
  8
REPERES
100
AcDbText
 10
1400.0
 20
2030.0
 30
0.0
 40
11.0
  1
D07
 72
1
 11
1400.0
 21
2030.0
 31
0.0
100
AcDbText
 73
1
  0
TEXT
  5
1C5
330
17
100
AcDbEntity
  8
LONGUEURS_FIL
100
AcDbText
 10
1400.0
 20
1970.0
 30
0.0
 40
15.0
  1
180
 72
1
 11
1400.0
 21
1970.0
 31
0.0
100
AcDbText
 73
3
  0
CIRCLE
  5
1C6
330
17
100
AcDbEntity
  8
PERCAGES
100
AcDbCircle
 10
1600.0
 20
2000.0
 30
0.0
 40
4.0
  0
POINT
  5
1C7
330
17
100
AcDbEntity
  8
PERCAGES
100
AcDbPoint
 10
1600.0
 20
2000.0
 30
0.0
  0
CIRCLE
  5
1C8
330
17
100
AcDbEntity
  8
EMPRISE_SUSPENSION
 62
30
100
AcDbCircle
 10
1600.0
 20
2000.0
 30
0.0
 40
25.0
  0
TEXT
  5
1C9
330
17
100
AcDbEntity
  8
REPERES
100
AcDbText
 10
1600.0
 20
2030.0
 30
0.0
 40
11.0
  1
D08
 72
1
 11
1600.0
 21
2030.0
 31
0.0
100
AcDbText
 73
1
  0
TEXT
  5
1CA
330
17
100
AcDbEntity
  8
LONGUEURS_FIL
100
AcDbText
 10
1600.0
 20
1970.0
 30
0.0
 40
15.0
  1
377
 72
1
 11
1600.0
 21
1970.0
 31
0.0
100
AcDbText
 73
3
  0
CIRCLE
  5
1CB
330
17
100
AcDbEntity
  8
PERCAGES
100
AcDbCircle
 10
1800.0
 20
2000.0
 30
0.0
 40
4.0
  0
POINT
  5
1CC
330
17
100
AcDbEntity
  8
PERCAGES
100
AcDbPoint
 10
1800.0
 20
2000.0
 30
0.0
  0
CIRCLE
  5
1CD
330
17
100
AcDbEntity
  8
EMPRISE_SUSPENSION
 62
40
100
AcDbCircle
 10
1800.0
 20
2000.0
 30
0.0
 40
25.0
  0
TEXT
  5
1CE
330
17
100
AcDbEntity
  8
REPERES
100
AcDbText
 10
1800.0
 20
2030.0
 30
0.0
 40
11.0
  1
D09
 72
1
 11
1800.0
 21
2030.0
 31
0.0
100
AcDbText
 73
1
  0
TEXT
  5
1CF
330
17
100
AcDbEntity
  8
LONGUEURS_FIL
100
AcDbText
 10
1800.0
 20
1970.0
 30
0.0
 40
15.0
  1
295
 72
1
 11
1800.0
 21
1970.0
 31
0.0
100
AcDbText
 73
3
  0
CIRCLE
  5
1D0
330
17
100
AcDbEntity
  8
PERCAGES
100
AcDbCircle
 10
2000.0
 20
2000.0
 30
0.0
 40
4.0
  0
POINT
  5
1D1
330
17
100
AcDbEntity
  8
PERCAGES
100
AcDbPoint
 10
2000.0
 20
2000.0
 30
0.0
  0
CIRCLE
  5
1D2
330
17
100
AcDbEntity
  8
EMPRISE_SUSPENSION
 62
30
100
AcDbCircle
 10
2000.0
 20
2000.0
 30
0.0
 40
25.0
  0
TEXT
  5
1D3
330
17
100
AcDbEntity
  8
REPERES
100
AcDbText
 10
2000.0
 20
2030.0
 30
0.0
 40
11.0
  1
D10
 72
1
 11
2000.0
 21
2030.0
 31
0.0
100
AcDbText
 73
1
  0
TEXT
  5
1D4
330
17
100
AcDbEntity
  8
LONGUEURS_FIL
100
AcDbText
 10
2000.0
 20
1970.0
 30
0.0
 40
15.0
  1
403
 72
1
 11
2000.0
 21
1970.0
 31
0.0
100
AcDbText
 73
3
  0
CIRCLE
  5
1D5
330
17
100
AcDbEntity
  8
PERCAGES
100
AcDbCircle
 10
2200.0
 20
2000.0
 30
0.0
 40
4.0
  0
POINT
  5
1D6
330
17
100
AcDbEntity
  8
PERCAGES
100
AcDbPoint
 10
2200.0
 20
2000.0
 30
0.0
  0
CIRCLE
  5
1D7
330
17
100
AcDbEntity
  8
EMPRISE_SUSPENSION
 62
20
100
AcDbCircle
 10
2200.0
 20
2000.0
 30
0.0
 40
25.0
  0
TEXT
  5
1D8
330
17
100
AcDbEntity
  8
REPERES
100
AcDbText
 10
2200.0
 20
2030.0
 30
0.0
 40
11.0
  1
D11
 72
1
 11
2200.0
 21
2030.0
 31
0.0
100
AcDbText
 73
1
  0
TEXT
  5
1D9
330
17
100
AcDbEntity
  8
LONGUEURS_FIL
100
AcDbText
 10
2200.0
 20
1970.0
 30
0.0
 40
15.0
  1
470
 72
1
 11
2200.0
 21
1970.0
 31
0.0
100
AcDbText
 73
3
  0
CIRCLE
  5
1DA
330
17
100
AcDbEntity
  8
PERCAGES
100
AcDbCircle
 10
2400.0
 20
2000.0
 30
0.0
 40
4.0
  0
POINT
  5
1DB
330
17
100
AcDbEntity
  8
PERCAGES
100
AcDbPoint
 10
2400.0
 20
2000.0
 30
0.0
  0
CIRCLE
  5
1DC
330
17
100
AcDbEntity
  8
EMPRISE_SUSPENSION
 62
30
100
AcDbCircle
 10
2400.0
 20
2000.0
 30
0.0
 40
25.0
  0
TEXT
  5
1DD
330
17
100
AcDbEntity
  8
REPERES
100
AcDbText
 10
2400.0
 20
2030.0
 30
0.0
 40
11.0
  1
D12
 72
1
 11
2400.0
 21
2030.0
 31
0.0
100
AcDbText
 73
1
  0
TEXT
  5
1DE
330
17
100
AcDbEntity
  8
LONGUEURS_FIL
100
AcDbText
 10
2400.0
 20
1970.0
 30
0.0
 40
15.0
  1
313
 72
1
 11
2400.0
 21
1970.0
 31
0.0
100
AcDbText
 73
3
  0
CIRCLE
  5
1DF
330
17
100
AcDbEntity
  8
PERCAGES
100
AcDbCircle
 10
2600.0
 20
2000.0
 30
0.0
 40
4.0
  0
POINT
  5
1E0
330
17
100
AcDbEntity
  8
PERCAGES
100
AcDbPoint
 10
2600.0
 20
2000.0
 30
0.0
  0
CIRCLE
  5
1E1
330
17
100
AcDbEntity
  8
EMPRISE_SUSPENSION
 62
40
100
AcDbCircle
 10
2600.0
 20
2000.0
 30
0.0
 40
25.0
  0
TEXT
  5
1E2
330
17
100
AcDbEntity
  8
REPERES
100
AcDbText
 10
2600.0
 20
2030.0
 30
0.0
 40
11.0
  1
D13
 72
1
 11
2600.0
 21
2030.0
 31
0.0
100
AcDbText
 73
1
  0
TEXT
  5
1E3
330
17
100
AcDbEntity
  8
LONGUEURS_FIL
100
AcDbText
 10
2600.0
 20
1970.0
 30
0.0
 40
15.0
  1
249
 72
1
 11
2600.0
 21
1970.0
 31
0.0
100
AcDbText
 73
3
  0
CIRCLE
  5
1E4
330
17
100
AcDbEntity
  8
PERCAGES
100
AcDbCircle
 10
2800.0
 20
2000.0
 30
0.0
 40
4.0
  0
POINT
  5
1E5
330
17
100
AcDbEntity
  8
PERCAGES
100
AcDbPoint
 10
2800.0
 20
2000.0
 30
0.0
  0
CIRCLE
  5
1E6
330
17
100
AcDbEntity
  8
EMPRISE_SUSPENSION
 62
30
100
AcDbCircle
 10
2800.0
 20
2000.0
 30
0.0
 40
25.0
  0
TEXT
  5
1E7
330
17
100
AcDbEntity
  8
REPERES
100
AcDbText
 10
2800.0
 20
2030.0
 30
0.0
 40
11.0
  1
D14
 72
1
 11
2800.0
 21
2030.0
 31
0.0
100
AcDbText
 73
1
  0
TEXT
  5
1E8
330
17
100
AcDbEntity
  8
LONGUEURS_FIL
100
AcDbText
 10
2800.0
 20
1970.0
 30
0.0
 40
15.0
  1
322
 72
1
 11
2800.0
 21
1970.0
 31
0.0
100
AcDbText
 73
3
  0
CIRCLE
  5
1E9
330
17
100
AcDbEntity
  8
PERCAGES
100
AcDbCircle
 10
100.0
 20
1900.0
 30
0.0
 40
4.0
  0
POINT
  5
1EA
330
17
100
AcDbEntity
  8
PERCAGES
100
AcDbPoint
 10
100.0
 20
1900.0
 30
0.0
  0
CIRCLE
  5
1EB
330
17
100
AcDbEntity
  8
EMPRISE_SUSPENSION
 62
2
100
AcDbCircle
 10
100.0
 20
1900.0
 30
0.0
 40
25.0
  0
TEXT
  5
1EC
330
17
100
AcDbEntity
  8
REPERES
100
AcDbText
 10
100.0
 20
1930.0
 30
0.0
 40
11.0
  1
E01
 72
1
 11
100.0
 21
1930.0
 31
0.0
100
AcDbText
 73
1
  0
TEXT
  5
1ED
330
17
100
AcDbEntity
  8
LONGUEURS_FIL
100
AcDbText
 10
100.0
 20
1870.0
 30
0.0
 40
15.0
  1
199
 72
1
 11
100.0
 21
1870.0
 31
0.0
100
AcDbText
 73
3
  0
CIRCLE
  5
1EE
330
17
100
AcDbEntity
  8
PERCAGES
100
AcDbCircle
 10
300.0
 20
1900.0
 30
0.0
 40
4.0
  0
POINT
  5
1EF
330
17
100
AcDbEntity
  8
PERCAGES
100
AcDbPoint
 10
300.0
 20
1900.0
 30
0.0
  0
CIRCLE
  5
1F0
330
17
100
AcDbEntity
  8
EMPRISE_SUSPENSION
 62
2
100
AcDbCircle
 10
300.0
 20
1900.0
 30
0.0
 40
25.0
  0
TEXT
  5
1F1
330
17
100
AcDbEntity
  8
REPERES
100
AcDbText
 10
300.0
 20
1930.0
 30
0.0
 40
11.0
  1
E02
 72
1
 11
300.0
 21
1930.0
 31
0.0
100
AcDbText
 73
1
  0
TEXT
  5
1F2
330
17
100
AcDbEntity
  8
LONGUEURS_FIL
100
AcDbText
 10
300.0
 20
1870.0
 30
0.0
 40
15.0
  1
122
 72
1
 11
300.0
 21
1870.0
 31
0.0
100
AcDbText
 73
3
  0
CIRCLE
  5
1F3
330
17
100
AcDbEntity
  8
PERCAGES
100
AcDbCircle
 10
500.0
 20
1900.0
 30
0.0
 40
4.0
  0
POINT
  5
1F4
330
17
100
AcDbEntity
  8
PERCAGES
100
AcDbPoint
 10
500.0
 20
1900.0
 30
0.0
  0
CIRCLE
  5
1F5
330
17
100
AcDbEntity
  8
EMPRISE_SUSPENSION
 62
20
100
AcDbCircle
 10
500.0
 20
1900.0
 30
0.0
 40
25.0
  0
TEXT
  5
1F6
330
17
100
AcDbEntity
  8
REPERES
100
AcDbText
 10
500.0
 20
1930.0
 30
0.0
 40
11.0
  1
E03
 72
1
 11
500.0
 21
1930.0
 31
0.0
100
AcDbText
 73
1
  0
TEXT
  5
1F7
330
17
100
AcDbEntity
  8
LONGUEURS_FIL
100
AcDbText
 10
500.0
 20
1870.0
 30
0.0
 40
15.0
  1
476
 72
1
 11
500.0
 21
1870.0
 31
0.0
100
AcDbText
 73
3
  0
CIRCLE
  5
1F8
330
17
100
AcDbEntity
  8
PERCAGES
100
AcDbCircle
 10
700.0
 20
1900.0
 30
0.0
 40
4.0
  0
POINT
  5
1F9
330
17
100
AcDbEntity
  8
PERCAGES
100
AcDbPoint
 10
700.0
 20
1900.0
 30
0.0
  0
CIRCLE
  5
1FA
330
17
100
AcDbEntity
  8
EMPRISE_SUSPENSION
 62
2
100
AcDbCircle
 10
700.0
 20
1900.0
 30
0.0
 40
25.0
  0
TEXT
  5
1FB
330
17
100
AcDbEntity
  8
REPERES
100
AcDbText
 10
700.0
 20
1930.0
 30
0.0
 40
11.0
  1
E04
 72
1
 11
700.0
 21
1930.0
 31
0.0
100
AcDbText
 73
1
  0
TEXT
  5
1FC
330
17
100
AcDbEntity
  8
LONGUEURS_FIL
100
AcDbText
 10
700.0
 20
1870.0
 30
0.0
 40
15.0
  1
121
 72
1
 11
700.0
 21
1870.0
 31
0.0
100
AcDbText
 73
3
  0
CIRCLE
  5
1FD
330
17
100
AcDbEntity
  8
PERCAGES
100
AcDbCircle
 10
900.0
 20
1900.0
 30
0.0
 40
4.0
  0
POINT
  5
1FE
330
17
100
AcDbEntity
  8
PERCAGES
100
AcDbPoint
 10
900.0
 20
1900.0
 30
0.0
  0
CIRCLE
  5
1FF
330
17
100
AcDbEntity
  8
EMPRISE_SUSPENSION
 62
40
100
AcDbCircle
 10
900.0
 20
1900.0
 30
0.0
 40
25.0
  0
TEXT
  5
200
330
17
100
AcDbEntity
  8
REPERES
100
AcDbText
 10
900.0
 20
1930.0
 30
0.0
 40
11.0
  1
E05
 72
1
 11
900.0
 21
1930.0
 31
0.0
100
AcDbText
 73
1
  0
TEXT
  5
201
330
17
100
AcDbEntity
  8
LONGUEURS_FIL
100
AcDbText
 10
900.0
 20
1870.0
 30
0.0
 40
15.0
  1
285
 72
1
 11
900.0
 21
1870.0
 31
0.0
100
AcDbText
 73
3
  0
CIRCLE
  5
202
330
17
100
AcDbEntity
  8
PERCAGES
100
AcDbCircle
 10
1100.0
 20
1900.0
 30
0.0
 40
4.0
  0
POINT
  5
203
330
17
100
AcDbEntity
  8
PERCAGES
100
AcDbPoint
 10
1100.0
 20
1900.0
 30
0.0
  0
CIRCLE
  5
204
330
17
100
AcDbEntity
  8
EMPRISE_SUSPENSION
 62
1
100
AcDbCircle
 10
1100.0
 20
1900.0
 30
0.0
 40
25.0
  0
TEXT
  5
205
330
17
100
AcDbEntity
  8
REPERES
100
AcDbText
 10
1100.0
 20
1930.0
 30
0.0
 40
11.0
  1
E06
 72
1
 11
1100.0
 21
1930.0
 31
0.0
100
AcDbText
 73
1
  0
TEXT
  5
206
330
17
100
AcDbEntity
  8
LONGUEURS_FIL
100
AcDbText
 10
1100.0
 20
1870.0
 30
0.0
 40
15.0
  1
522
 72
1
 11
1100.0
 21
1870.0
 31
0.0
100
AcDbText
 73
3
  0
CIRCLE
  5
207
330
17
100
AcDbEntity
  8
PERCAGES
100
AcDbCircle
 10
1300.0
 20
1900.0
 30
0.0
 40
4.0
  0
POINT
  5
208
330
17
100
AcDbEntity
  8
PERCAGES
100
AcDbPoint
 10
1300.0
 20
1900.0
 30
0.0
  0
CIRCLE
  5
209
330
17
100
AcDbEntity
  8
EMPRISE_SUSPENSION
 62
20
100
AcDbCircle
 10
1300.0
 20
1900.0
 30
0.0
 40
25.0
  0
TEXT
  5
20A
330
17
100
AcDbEntity
  8
REPERES
100
AcDbText
 10
1300.0
 20
1930.0
 30
0.0
 40
11.0
  1
E07
 72
1
 11
1300.0
 21
1930.0
 31
0.0
100
AcDbText
 73
1
  0
TEXT
  5
20B
330
17
100
AcDbEntity
  8
LONGUEURS_FIL
100
AcDbText
 10
1300.0
 20
1870.0
 30
0.0
 40
15.0
  1
420
 72
1
 11
1300.0
 21
1870.0
 31
0.0
100
AcDbText
 73
3
  0
CIRCLE
  5
20C
330
17
100
AcDbEntity
  8
PERCAGES
100
AcDbCircle
 10
1500.0
 20
1900.0
 30
0.0
 40
4.0
  0
POINT
  5
20D
330
17
100
AcDbEntity
  8
PERCAGES
100
AcDbPoint
 10
1500.0
 20
1900.0
 30
0.0
  0
CIRCLE
  5
20E
330
17
100
AcDbEntity
  8
EMPRISE_SUSPENSION
 62
1
100
AcDbCircle
 10
1500.0
 20
1900.0
 30
0.0
 40
25.0
  0
TEXT
  5
20F
330
17
100
AcDbEntity
  8
REPERES
100
AcDbText
 10
1500.0
 20
1930.0
 30
0.0
 40
11.0
  1
E08
 72
1
 11
1500.0
 21
1930.0
 31
0.0
100
AcDbText
 73
1
  0
TEXT
  5
210
330
17
100
AcDbEntity
  8
LONGUEURS_FIL
100
AcDbText
 10
1500.0
 20
1870.0
 30
0.0
 40
15.0
  1
565
 72
1
 11
1500.0
 21
1870.0
 31
0.0
100
AcDbText
 73
3
  0
CIRCLE
  5
211
330
17
100
AcDbEntity
  8
PERCAGES
100
AcDbCircle
 10
1700.0
 20
1900.0
 30
0.0
 40
4.0
  0
POINT
  5
212
330
17
100
AcDbEntity
  8
PERCAGES
100
AcDbPoint
 10
1700.0
 20
1900.0
 30
0.0
  0
CIRCLE
  5
213
330
17
100
AcDbEntity
  8
EMPRISE_SUSPENSION
 62
2
100
AcDbCircle
 10
1700.0
 20
1900.0
 30
0.0
 40
25.0
  0
TEXT
  5
214
330
17
100
AcDbEntity
  8
REPERES
100
AcDbText
 10
1700.0
 20
1930.0
 30
0.0
 40
11.0
  1
E09
 72
1
 11
1700.0
 21
1930.0
 31
0.0
100
AcDbText
 73
1
  0
TEXT
  5
215
330
17
100
AcDbEntity
  8
LONGUEURS_FIL
100
AcDbText
 10
1700.0
 20
1870.0
 30
0.0
 40
15.0
  1
147
 72
1
 11
1700.0
 21
1870.0
 31
0.0
100
AcDbText
 73
3
  0
CIRCLE
  5
216
330
17
100
AcDbEntity
  8
PERCAGES
100
AcDbCircle
 10
1900.0
 20
1900.0
 30
0.0
 40
4.0
  0
POINT
  5
217
330
17
100
AcDbEntity
  8
PERCAGES
100
AcDbPoint
 10
1900.0
 20
1900.0
 30
0.0
  0
CIRCLE
  5
218
330
17
100
AcDbEntity
  8
EMPRISE_SUSPENSION
 62
20
100
AcDbCircle
 10
1900.0
 20
1900.0
 30
0.0
 40
25.0
  0
TEXT
  5
219
330
17
100
AcDbEntity
  8
REPERES
100
AcDbText
 10
1900.0
 20
1930.0
 30
0.0
 40
11.0
  1
E10
 72
1
 11
1900.0
 21
1930.0
 31
0.0
100
AcDbText
 73
1
  0
TEXT
  5
21A
330
17
100
AcDbEntity
  8
LONGUEURS_FIL
100
AcDbText
 10
1900.0
 20
1870.0
 30
0.0
 40
15.0
  1
468
 72
1
 11
1900.0
 21
1870.0
 31
0.0
100
AcDbText
 73
3
  0
CIRCLE
  5
21B
330
17
100
AcDbEntity
  8
PERCAGES
100
AcDbCircle
 10
2100.0
 20
1900.0
 30
0.0
 40
4.0
  0
POINT
  5
21C
330
17
100
AcDbEntity
  8
PERCAGES
100
AcDbPoint
 10
2100.0
 20
1900.0
 30
0.0
  0
CIRCLE
  5
21D
330
17
100
AcDbEntity
  8
EMPRISE_SUSPENSION
 62
40
100
AcDbCircle
 10
2100.0
 20
1900.0
 30
0.0
 40
25.0
  0
TEXT
  5
21E
330
17
100
AcDbEntity
  8
REPERES
100
AcDbText
 10
2100.0
 20
1930.0
 30
0.0
 40
11.0
  1
E11
 72
1
 11
2100.0
 21
1930.0
 31
0.0
100
AcDbText
 73
1
  0
TEXT
  5
21F
330
17
100
AcDbEntity
  8
LONGUEURS_FIL
100
AcDbText
 10
2100.0
 20
1870.0
 30
0.0
 40
15.0
  1
295
 72
1
 11
2100.0
 21
1870.0
 31
0.0
100
AcDbText
 73
3
  0
CIRCLE
  5
220
330
17
100
AcDbEntity
  8
PERCAGES
100
AcDbCircle
 10
2300.0
 20
1900.0
 30
0.0
 40
4.0
  0
POINT
  5
221
330
17
100
AcDbEntity
  8
PERCAGES
100
AcDbPoint
 10
2300.0
 20
1900.0
 30
0.0
  0
CIRCLE
  5
222
330
17
100
AcDbEntity
  8
EMPRISE_SUSPENSION
 62
40
100
AcDbCircle
 10
2300.0
 20
1900.0
 30
0.0
 40
25.0
  0
TEXT
  5
223
330
17
100
AcDbEntity
  8
REPERES
100
AcDbText
 10
2300.0
 20
1930.0
 30
0.0
 40
11.0
  1
E12
 72
1
 11
2300.0
 21
1930.0
 31
0.0
100
AcDbText
 73
1
  0
TEXT
  5
224
330
17
100
AcDbEntity
  8
LONGUEURS_FIL
100
AcDbText
 10
2300.0
 20
1870.0
 30
0.0
 40
15.0
  1
224
 72
1
 11
2300.0
 21
1870.0
 31
0.0
100
AcDbText
 73
3
  0
CIRCLE
  5
225
330
17
100
AcDbEntity
  8
PERCAGES
100
AcDbCircle
 10
2500.0
 20
1900.0
 30
0.0
 40
4.0
  0
POINT
  5
226
330
17
100
AcDbEntity
  8
PERCAGES
100
AcDbPoint
 10
2500.0
 20
1900.0
 30
0.0
  0
CIRCLE
  5
227
330
17
100
AcDbEntity
  8
EMPRISE_SUSPENSION
 62
2
100
AcDbCircle
 10
2500.0
 20
1900.0
 30
0.0
 40
25.0
  0
TEXT
  5
228
330
17
100
AcDbEntity
  8
REPERES
100
AcDbText
 10
2500.0
 20
1930.0
 30
0.0
 40
11.0
  1
E13
 72
1
 11
2500.0
 21
1930.0
 31
0.0
100
AcDbText
 73
1
  0
TEXT
  5
229
330
17
100
AcDbEntity
  8
LONGUEURS_FIL
100
AcDbText
 10
2500.0
 20
1870.0
 30
0.0
 40
15.0
  1
172
 72
1
 11
2500.0
 21
1870.0
 31
0.0
100
AcDbText
 73
3
  0
CIRCLE
  5
22A
330
17
100
AcDbEntity
  8
PERCAGES
100
AcDbCircle
 10
2700.0
 20
1900.0
 30
0.0
 40
4.0
  0
POINT
  5
22B
330
17
100
AcDbEntity
  8
PERCAGES
100
AcDbPoint
 10
2700.0
 20
1900.0
 30
0.0
  0
CIRCLE
  5
22C
330
17
100
AcDbEntity
  8
EMPRISE_SUSPENSION
 62
30
100
AcDbCircle
 10
2700.0
 20
1900.0
 30
0.0
 40
25.0
  0
TEXT
  5
22D
330
17
100
AcDbEntity
  8
REPERES
100
AcDbText
 10
2700.0
 20
1930.0
 30
0.0
 40
11.0
  1
E14
 72
1
 11
2700.0
 21
1930.0
 31
0.0
100
AcDbText
 73
1
  0
TEXT
  5
22E
330
17
100
AcDbEntity
  8
LONGUEURS_FIL
100
AcDbText
 10
2700.0
 20
1870.0
 30
0.0
 40
15.0
  1
383
 72
1
 11
2700.0
 21
1870.0
 31
0.0
100
AcDbText
 73
3
  0
CIRCLE
  5
22F
330
17
100
AcDbEntity
  8
PERCAGES
100
AcDbCircle
 10
2900.0
 20
1900.0
 30
0.0
 40
4.0
  0
POINT
  5
230
330
17
100
AcDbEntity
  8
PERCAGES
100
AcDbPoint
 10
2900.0
 20
1900.0
 30
0.0
  0
CIRCLE
  5
231
330
17
100
AcDbEntity
  8
EMPRISE_SUSPENSION
 62
40
100
AcDbCircle
 10
2900.0
 20
1900.0
 30
0.0
 40
25.0
  0
TEXT
  5
232
330
17
100
AcDbEntity
  8
REPERES
100
AcDbText
 10
2900.0
 20
1930.0
 30
0.0
 40
11.0
  1
E15
 72
1
 11
2900.0
 21
1930.0
 31
0.0
100
AcDbText
 73
1
  0
TEXT
  5
233
330
17
100
AcDbEntity
  8
LONGUEURS_FIL
100
AcDbText
 10
2900.0
 20
1870.0
 30
0.0
 40
15.0
  1
211
 72
1
 11
2900.0
 21
1870.0
 31
0.0
100
AcDbText
 73
3
  0
CIRCLE
  5
234
330
17
100
AcDbEntity
  8
PERCAGES
100
AcDbCircle
 10
200.0
 20
1800.0
 30
0.0
 40
4.0
  0
POINT
  5
235
330
17
100
AcDbEntity
  8
PERCAGES
100
AcDbPoint
 10
200.0
 20
1800.0
 30
0.0
  0
CIRCLE
  5
236
330
17
100
AcDbEntity
  8
EMPRISE_SUSPENSION
 62
40
100
AcDbCircle
 10
200.0
 20
1800.0
 30
0.0
 40
25.0
  0
TEXT
  5
237
330
17
100
AcDbEntity
  8
REPERES
100
AcDbText
 10
200.0
 20
1830.0
 30
0.0
 40
11.0
  1
F01
 72
1
 11
200.0
 21
1830.0
 31
0.0
100
AcDbText
 73
1
  0
TEXT
  5
238
330
17
100
AcDbEntity
  8
LONGUEURS_FIL
100
AcDbText
 10
200.0
 20
1770.0
 30
0.0
 40
15.0
  1
298
 72
1
 11
200.0
 21
1770.0
 31
0.0
100
AcDbText
 73
3
  0
CIRCLE
  5
239
330
17
100
AcDbEntity
  8
PERCAGES
100
AcDbCircle
 10
400.0
 20
1800.0
 30
0.0
 40
4.0
  0
POINT
  5
23A
330
17
100
AcDbEntity
  8
PERCAGES
100
AcDbPoint
 10
400.0
 20
1800.0
 30
0.0
  0
CIRCLE
  5
23B
330
17
100
AcDbEntity
  8
EMPRISE_SUSPENSION
 62
30
100
AcDbCircle
 10
400.0
 20
1800.0
 30
0.0
 40
25.0
  0
TEXT
  5
23C
330
17
100
AcDbEntity
  8
REPERES
100
AcDbText
 10
400.0
 20
1830.0
 30
0.0
 40
11.0
  1
F02
 72
1
 11
400.0
 21
1830.0
 31
0.0
100
AcDbText
 73
1
  0
TEXT
  5
23D
330
17
100
AcDbEntity
  8
LONGUEURS_FIL
100
AcDbText
 10
400.0
 20
1770.0
 30
0.0
 40
15.0
  1
380
 72
1
 11
400.0
 21
1770.0
 31
0.0
100
AcDbText
 73
3
  0
CIRCLE
  5
23E
330
17
100
AcDbEntity
  8
PERCAGES
100
AcDbCircle
 10
600.0
 20
1800.0
 30
0.0
 40
4.0
  0
POINT
  5
23F
330
17
100
AcDbEntity
  8
PERCAGES
100
AcDbPoint
 10
600.0
 20
1800.0
 30
0.0
  0
CIRCLE
  5
240
330
17
100
AcDbEntity
  8
EMPRISE_SUSPENSION
 62
2
100
AcDbCircle
 10
600.0
 20
1800.0
 30
0.0
 40
25.0
  0
TEXT
  5
241
330
17
100
AcDbEntity
  8
REPERES
100
AcDbText
 10
600.0
 20
1830.0
 30
0.0
 40
11.0
  1
F03
 72
1
 11
600.0
 21
1830.0
 31
0.0
100
AcDbText
 73
1
  0
TEXT
  5
242
330
17
100
AcDbEntity
  8
LONGUEURS_FIL
100
AcDbText
 10
600.0
 20
1770.0
 30
0.0
 40
15.0
  1
195
 72
1
 11
600.0
 21
1770.0
 31
0.0
100
AcDbText
 73
3
  0
CIRCLE
  5
243
330
17
100
AcDbEntity
  8
PERCAGES
100
AcDbCircle
 10
800.0
 20
1800.0
 30
0.0
 40
4.0
  0
POINT
  5
244
330
17
100
AcDbEntity
  8
PERCAGES
100
AcDbPoint
 10
800.0
 20
1800.0
 30
0.0
  0
CIRCLE
  5
245
330
17
100
AcDbEntity
  8
EMPRISE_SUSPENSION
 62
30
100
AcDbCircle
 10
800.0
 20
1800.0
 30
0.0
 40
25.0
  0
TEXT
  5
246
330
17
100
AcDbEntity
  8
REPERES
100
AcDbText
 10
800.0
 20
1830.0
 30
0.0
 40
11.0
  1
F04
 72
1
 11
800.0
 21
1830.0
 31
0.0
100
AcDbText
 73
1
  0
TEXT
  5
247
330
17
100
AcDbEntity
  8
LONGUEURS_FIL
100
AcDbText
 10
800.0
 20
1770.0
 30
0.0
 40
15.0
  1
352
 72
1
 11
800.0
 21
1770.0
 31
0.0
100
AcDbText
 73
3
  0
CIRCLE
  5
248
330
17
100
AcDbEntity
  8
PERCAGES
100
AcDbCircle
 10
1000.0
 20
1800.0
 30
0.0
 40
4.0
  0
POINT
  5
249
330
17
100
AcDbEntity
  8
PERCAGES
100
AcDbPoint
 10
1000.0
 20
1800.0
 30
0.0
  0
CIRCLE
  5
24A
330
17
100
AcDbEntity
  8
EMPRISE_SUSPENSION
 62
2
100
AcDbCircle
 10
1000.0
 20
1800.0
 30
0.0
 40
25.0
  0
TEXT
  5
24B
330
17
100
AcDbEntity
  8
REPERES
100
AcDbText
 10
1000.0
 20
1830.0
 30
0.0
 40
11.0
  1
F05
 72
1
 11
1000.0
 21
1830.0
 31
0.0
100
AcDbText
 73
1
  0
TEXT
  5
24C
330
17
100
AcDbEntity
  8
LONGUEURS_FIL
100
AcDbText
 10
1000.0
 20
1770.0
 30
0.0
 40
15.0
  1
164
 72
1
 11
1000.0
 21
1770.0
 31
0.0
100
AcDbText
 73
3
  0
CIRCLE
  5
24D
330
17
100
AcDbEntity
  8
PERCAGES
100
AcDbCircle
 10
1200.0
 20
1800.0
 30
0.0
 40
4.0
  0
POINT
  5
24E
330
17
100
AcDbEntity
  8
PERCAGES
100
AcDbPoint
 10
1200.0
 20
1800.0
 30
0.0
  0
CIRCLE
  5
24F
330
17
100
AcDbEntity
  8
EMPRISE_SUSPENSION
 62
30
100
AcDbCircle
 10
1200.0
 20
1800.0
 30
0.0
 40
25.0
  0
TEXT
  5
250
330
17
100
AcDbEntity
  8
REPERES
100
AcDbText
 10
1200.0
 20
1830.0
 30
0.0
 40
11.0
  1
F06
 72
1
 11
1200.0
 21
1830.0
 31
0.0
100
AcDbText
 73
1
  0
TEXT
  5
251
330
17
100
AcDbEntity
  8
LONGUEURS_FIL
100
AcDbText
 10
1200.0
 20
1770.0
 30
0.0
 40
15.0
  1
334
 72
1
 11
1200.0
 21
1770.0
 31
0.0
100
AcDbText
 73
3
  0
CIRCLE
  5
252
330
17
100
AcDbEntity
  8
PERCAGES
100
AcDbCircle
 10
1400.0
 20
1800.0
 30
0.0
 40
4.0
  0
POINT
  5
253
330
17
100
AcDbEntity
  8
PERCAGES
100
AcDbPoint
 10
1400.0
 20
1800.0
 30
0.0
  0
CIRCLE
  5
254
330
17
100
AcDbEntity
  8
EMPRISE_SUSPENSION
 62
40
100
AcDbCircle
 10
1400.0
 20
1800.0
 30
0.0
 40
25.0
  0
TEXT
  5
255
330
17
100
AcDbEntity
  8
REPERES
100
AcDbText
 10
1400.0
 20
1830.0
 30
0.0
 40
11.0
  1
F07
 72
1
 11
1400.0
 21
1830.0
 31
0.0
100
AcDbText
 73
1
  0
TEXT
  5
256
330
17
100
AcDbEntity
  8
LONGUEURS_FIL
100
AcDbText
 10
1400.0
 20
1770.0
 30
0.0
 40
15.0
  1
262
 72
1
 11
1400.0
 21
1770.0
 31
0.0
100
AcDbText
 73
3
  0
CIRCLE
  5
257
330
17
100
AcDbEntity
  8
PERCAGES
100
AcDbCircle
 10
1600.0
 20
1800.0
 30
0.0
 40
4.0
  0
POINT
  5
258
330
17
100
AcDbEntity
  8
PERCAGES
100
AcDbPoint
 10
1600.0
 20
1800.0
 30
0.0
  0
CIRCLE
  5
259
330
17
100
AcDbEntity
  8
EMPRISE_SUSPENSION
 62
20
100
AcDbCircle
 10
1600.0
 20
1800.0
 30
0.0
 40
25.0
  0
TEXT
  5
25A
330
17
100
AcDbEntity
  8
REPERES
100
AcDbText
 10
1600.0
 20
1830.0
 30
0.0
 40
11.0
  1
F08
 72
1
 11
1600.0
 21
1830.0
 31
0.0
100
AcDbText
 73
1
  0
TEXT
  5
25B
330
17
100
AcDbEntity
  8
LONGUEURS_FIL
100
AcDbText
 10
1600.0
 20
1770.0
 30
0.0
 40
15.0
  1
452
 72
1
 11
1600.0
 21
1770.0
 31
0.0
100
AcDbText
 73
3
  0
CIRCLE
  5
25C
330
17
100
AcDbEntity
  8
PERCAGES
100
AcDbCircle
 10
1800.0
 20
1800.0
 30
0.0
 40
4.0
  0
POINT
  5
25D
330
17
100
AcDbEntity
  8
PERCAGES
100
AcDbPoint
 10
1800.0
 20
1800.0
 30
0.0
  0
CIRCLE
  5
25E
330
17
100
AcDbEntity
  8
EMPRISE_SUSPENSION
 62
1
100
AcDbCircle
 10
1800.0
 20
1800.0
 30
0.0
 40
25.0
  0
TEXT
  5
25F
330
17
100
AcDbEntity
  8
REPERES
100
AcDbText
 10
1800.0
 20
1830.0
 30
0.0
 40
11.0
  1
F09
 72
1
 11
1800.0
 21
1830.0
 31
0.0
100
AcDbText
 73
1
  0
TEXT
  5
260
330
17
100
AcDbEntity
  8
LONGUEURS_FIL
100
AcDbText
 10
1800.0
 20
1770.0
 30
0.0
 40
15.0
  1
553
 72
1
 11
1800.0
 21
1770.0
 31
0.0
100
AcDbText
 73
3
  0
CIRCLE
  5
261
330
17
100
AcDbEntity
  8
PERCAGES
100
AcDbCircle
 10
2000.0
 20
1800.0
 30
0.0
 40
4.0
  0
POINT
  5
262
330
17
100
AcDbEntity
  8
PERCAGES
100
AcDbPoint
 10
2000.0
 20
1800.0
 30
0.0
  0
CIRCLE
  5
263
330
17
100
AcDbEntity
  8
EMPRISE_SUSPENSION
 62
2
100
AcDbCircle
 10
2000.0
 20
1800.0
 30
0.0
 40
25.0
  0
TEXT
  5
264
330
17
100
AcDbEntity
  8
REPERES
100
AcDbText
 10
2000.0
 20
1830.0
 30
0.0
 40
11.0
  1
F10
 72
1
 11
2000.0
 21
1830.0
 31
0.0
100
AcDbText
 73
1
  0
TEXT
  5
265
330
17
100
AcDbEntity
  8
LONGUEURS_FIL
100
AcDbText
 10
2000.0
 20
1770.0
 30
0.0
 40
15.0
  1
191
 72
1
 11
2000.0
 21
1770.0
 31
0.0
100
AcDbText
 73
3
  0
CIRCLE
  5
266
330
17
100
AcDbEntity
  8
PERCAGES
100
AcDbCircle
 10
2200.0
 20
1800.0
 30
0.0
 40
4.0
  0
POINT
  5
267
330
17
100
AcDbEntity
  8
PERCAGES
100
AcDbPoint
 10
2200.0
 20
1800.0
 30
0.0
  0
CIRCLE
  5
268
330
17
100
AcDbEntity
  8
EMPRISE_SUSPENSION
 62
1
100
AcDbCircle
 10
2200.0
 20
1800.0
 30
0.0
 40
25.0
  0
TEXT
  5
269
330
17
100
AcDbEntity
  8
REPERES
100
AcDbText
 10
2200.0
 20
1830.0
 30
0.0
 40
11.0
  1
F11
 72
1
 11
2200.0
 21
1830.0
 31
0.0
100
AcDbText
 73
1
  0
TEXT
  5
26A
330
17
100
AcDbEntity
  8
LONGUEURS_FIL
100
AcDbText
 10
2200.0
 20
1770.0
 30
0.0
 40
15.0
  1
553
 72
1
 11
2200.0
 21
1770.0
 31
0.0
100
AcDbText
 73
3
  0
CIRCLE
  5
26B
330
17
100
AcDbEntity
  8
PERCAGES
100
AcDbCircle
 10
2400.0
 20
1800.0
 30
0.0
 40
4.0
  0
POINT
  5
26C
330
17
100
AcDbEntity
  8
PERCAGES
100
AcDbPoint
 10
2400.0
 20
1800.0
 30
0.0
  0
CIRCLE
  5
26D
330
17
100
AcDbEntity
  8
EMPRISE_SUSPENSION
 62
2
100
AcDbCircle
 10
2400.0
 20
1800.0
 30
0.0
 40
25.0
  0
TEXT
  5
26E
330
17
100
AcDbEntity
  8
REPERES
100
AcDbText
 10
2400.0
 20
1830.0
 30
0.0
 40
11.0
  1
F12
 72
1
 11
2400.0
 21
1830.0
 31
0.0
100
AcDbText
 73
1
  0
TEXT
  5
26F
330
17
100
AcDbEntity
  8
LONGUEURS_FIL
100
AcDbText
 10
2400.0
 20
1770.0
 30
0.0
 40
15.0
  1
101
 72
1
 11
2400.0
 21
1770.0
 31
0.0
100
AcDbText
 73
3
  0
CIRCLE
  5
270
330
17
100
AcDbEntity
  8
PERCAGES
100
AcDbCircle
 10
2600.0
 20
1800.0
 30
0.0
 40
4.0
  0
POINT
  5
271
330
17
100
AcDbEntity
  8
PERCAGES
100
AcDbPoint
 10
2600.0
 20
1800.0
 30
0.0
  0
CIRCLE
  5
272
330
17
100
AcDbEntity
  8
EMPRISE_SUSPENSION
 62
20
100
AcDbCircle
 10
2600.0
 20
1800.0
 30
0.0
 40
25.0
  0
TEXT
  5
273
330
17
100
AcDbEntity
  8
REPERES
100
AcDbText
 10
2600.0
 20
1830.0
 30
0.0
 40
11.0
  1
F13
 72
1
 11
2600.0
 21
1830.0
 31
0.0
100
AcDbText
 73
1
  0
TEXT
  5
274
330
17
100
AcDbEntity
  8
LONGUEURS_FIL
100
AcDbText
 10
2600.0
 20
1770.0
 30
0.0
 40
15.0
  1
466
 72
1
 11
2600.0
 21
1770.0
 31
0.0
100
AcDbText
 73
3
  0
CIRCLE
  5
275
330
17
100
AcDbEntity
  8
PERCAGES
100
AcDbCircle
 10
2800.0
 20
1800.0
 30
0.0
 40
4.0
  0
POINT
  5
276
330
17
100
AcDbEntity
  8
PERCAGES
100
AcDbPoint
 10
2800.0
 20
1800.0
 30
0.0
  0
CIRCLE
  5
277
330
17
100
AcDbEntity
  8
EMPRISE_SUSPENSION
 62
2
100
AcDbCircle
 10
2800.0
 20
1800.0
 30
0.0
 40
25.0
  0
TEXT
  5
278
330
17
100
AcDbEntity
  8
REPERES
100
AcDbText
 10
2800.0
 20
1830.0
 30
0.0
 40
11.0
  1
F14
 72
1
 11
2800.0
 21
1830.0
 31
0.0
100
AcDbText
 73
1
  0
TEXT
  5
279
330
17
100
AcDbEntity
  8
LONGUEURS_FIL
100
AcDbText
 10
2800.0
 20
1770.0
 30
0.0
 40
15.0
  1
126
 72
1
 11
2800.0
 21
1770.0
 31
0.0
100
AcDbText
 73
3
  0
CIRCLE
  5
27A
330
17
100
AcDbEntity
  8
PERCAGES
100
AcDbCircle
 10
100.0
 20
1700.0
 30
0.0
 40
4.0
  0
POINT
  5
27B
330
17
100
AcDbEntity
  8
PERCAGES
100
AcDbPoint
 10
100.0
 20
1700.0
 30
0.0
  0
CIRCLE
  5
27C
330
17
100
AcDbEntity
  8
EMPRISE_SUSPENSION
 62
30
100
AcDbCircle
 10
100.0
 20
1700.0
 30
0.0
 40
25.0
  0
TEXT
  5
27D
330
17
100
AcDbEntity
  8
REPERES
100
AcDbText
 10
100.0
 20
1730.0
 30
0.0
 40
11.0
  1
G01
 72
1
 11
100.0
 21
1730.0
 31
0.0
100
AcDbText
 73
1
  0
TEXT
  5
27E
330
17
100
AcDbEntity
  8
LONGUEURS_FIL
100
AcDbText
 10
100.0
 20
1670.0
 30
0.0
 40
15.0
  1
373
 72
1
 11
100.0
 21
1670.0
 31
0.0
100
AcDbText
 73
3
  0
CIRCLE
  5
27F
330
17
100
AcDbEntity
  8
PERCAGES
100
AcDbCircle
 10
300.0
 20
1700.0
 30
0.0
 40
4.0
  0
POINT
  5
280
330
17
100
AcDbEntity
  8
PERCAGES
100
AcDbPoint
 10
300.0
 20
1700.0
 30
0.0
  0
CIRCLE
  5
281
330
17
100
AcDbEntity
  8
EMPRISE_SUSPENSION
 62
40
100
AcDbCircle
 10
300.0
 20
1700.0
 30
0.0
 40
25.0
  0
TEXT
  5
282
330
17
100
AcDbEntity
  8
REPERES
100
AcDbText
 10
300.0
 20
1730.0
 30
0.0
 40
11.0
  1
G02
 72
1
 11
300.0
 21
1730.0
 31
0.0
100
AcDbText
 73
1
  0
TEXT
  5
283
330
17
100
AcDbEntity
  8
LONGUEURS_FIL
100
AcDbText
 10
300.0
 20
1670.0
 30
0.0
 40
15.0
  1
229
 72
1
 11
300.0
 21
1670.0
 31
0.0
100
AcDbText
 73
3
  0
CIRCLE
  5
284
330
17
100
AcDbEntity
  8
PERCAGES
100
AcDbCircle
 10
500.0
 20
1700.0
 30
0.0
 40
4.0
  0
POINT
  5
285
330
17
100
AcDbEntity
  8
PERCAGES
100
AcDbPoint
 10
500.0
 20
1700.0
 30
0.0
  0
CIRCLE
  5
286
330
17
100
AcDbEntity
  8
EMPRISE_SUSPENSION
 62
40
100
AcDbCircle
 10
500.0
 20
1700.0
 30
0.0
 40
25.0
  0
TEXT
  5
287
330
17
100
AcDbEntity
  8
REPERES
100
AcDbText
 10
500.0
 20
1730.0
 30
0.0
 40
11.0
  1
G03
 72
1
 11
500.0
 21
1730.0
 31
0.0
100
AcDbText
 73
1
  0
TEXT
  5
288
330
17
100
AcDbEntity
  8
LONGUEURS_FIL
100
AcDbText
 10
500.0
 20
1670.0
 30
0.0
 40
15.0
  1
304
 72
1
 11
500.0
 21
1670.0
 31
0.0
100
AcDbText
 73
3
  0
CIRCLE
  5
289
330
17
100
AcDbEntity
  8
PERCAGES
100
AcDbCircle
 10
700.0
 20
1700.0
 30
0.0
 40
4.0
  0
POINT
  5
28A
330
17
100
AcDbEntity
  8
PERCAGES
100
AcDbPoint
 10
700.0
 20
1700.0
 30
0.0
  0
CIRCLE
  5
28B
330
17
100
AcDbEntity
  8
EMPRISE_SUSPENSION
 62
20
100
AcDbCircle
 10
700.0
 20
1700.0
 30
0.0
 40
25.0
  0
TEXT
  5
28C
330
17
100
AcDbEntity
  8
REPERES
100
AcDbText
 10
700.0
 20
1730.0
 30
0.0
 40
11.0
  1
G04
 72
1
 11
700.0
 21
1730.0
 31
0.0
100
AcDbText
 73
1
  0
TEXT
  5
28D
330
17
100
AcDbEntity
  8
LONGUEURS_FIL
100
AcDbText
 10
700.0
 20
1670.0
 30
0.0
 40
15.0
  1
501
 72
1
 11
700.0
 21
1670.0
 31
0.0
100
AcDbText
 73
3
  0
CIRCLE
  5
28E
330
17
100
AcDbEntity
  8
PERCAGES
100
AcDbCircle
 10
900.0
 20
1700.0
 30
0.0
 40
4.0
  0
POINT
  5
28F
330
17
100
AcDbEntity
  8
PERCAGES
100
AcDbPoint
 10
900.0
 20
1700.0
 30
0.0
  0
CIRCLE
  5
290
330
17
100
AcDbEntity
  8
EMPRISE_SUSPENSION
 62
20
100
AcDbCircle
 10
900.0
 20
1700.0
 30
0.0
 40
25.0
  0
TEXT
  5
291
330
17
100
AcDbEntity
  8
REPERES
100
AcDbText
 10
900.0
 20
1730.0
 30
0.0
 40
11.0
  1
G05
 72
1
 11
900.0
 21
1730.0
 31
0.0
100
AcDbText
 73
1
  0
TEXT
  5
292
330
17
100
AcDbEntity
  8
LONGUEURS_FIL
100
AcDbText
 10
900.0
 20
1670.0
 30
0.0
 40
15.0
  1
419
 72
1
 11
900.0
 21
1670.0
 31
0.0
100
AcDbText
 73
3
  0
CIRCLE
  5
293
330
17
100
AcDbEntity
  8
PERCAGES
100
AcDbCircle
 10
1100.0
 20
1700.0
 30
0.0
 40
4.0
  0
POINT
  5
294
330
17
100
AcDbEntity
  8
PERCAGES
100
AcDbPoint
 10
1100.0
 20
1700.0
 30
0.0
  0
CIRCLE
  5
295
330
17
100
AcDbEntity
  8
EMPRISE_SUSPENSION
 62
40
100
AcDbCircle
 10
1100.0
 20
1700.0
 30
0.0
 40
25.0
  0
TEXT
  5
296
330
17
100
AcDbEntity
  8
REPERES
100
AcDbText
 10
1100.0
 20
1730.0
 30
0.0
 40
11.0
  1
G06
 72
1
 11
1100.0
 21
1730.0
 31
0.0
100
AcDbText
 73
1
  0
TEXT
  5
297
330
17
100
AcDbEntity
  8
LONGUEURS_FIL
100
AcDbText
 10
1100.0
 20
1670.0
 30
0.0
 40
15.0
  1
242
 72
1
 11
1100.0
 21
1670.0
 31
0.0
100
AcDbText
 73
3
  0
CIRCLE
  5
298
330
17
100
AcDbEntity
  8
PERCAGES
100
AcDbCircle
 10
1300.0
 20
1700.0
 30
0.0
 40
4.0
  0
POINT
  5
299
330
17
100
AcDbEntity
  8
PERCAGES
100
AcDbPoint
 10
1300.0
 20
1700.0
 30
0.0
  0
CIRCLE
  5
29A
330
17
100
AcDbEntity
  8
EMPRISE_SUSPENSION
 62
2
100
AcDbCircle
 10
1300.0
 20
1700.0
 30
0.0
 40
25.0
  0
TEXT
  5
29B
330
17
100
AcDbEntity
  8
REPERES
100
AcDbText
 10
1300.0
 20
1730.0
 30
0.0
 40
11.0
  1
G07
 72
1
 11
1300.0
 21
1730.0
 31
0.0
100
AcDbText
 73
1
  0
TEXT
  5
29C
330
17
100
AcDbEntity
  8
LONGUEURS_FIL
100
AcDbText
 10
1300.0
 20
1670.0
 30
0.0
 40
15.0
  1
102
 72
1
 11
1300.0
 21
1670.0
 31
0.0
100
AcDbText
 73
3
  0
CIRCLE
  5
29D
330
17
100
AcDbEntity
  8
PERCAGES
100
AcDbCircle
 10
1500.0
 20
1700.0
 30
0.0
 40
4.0
  0
POINT
  5
29E
330
17
100
AcDbEntity
  8
PERCAGES
100
AcDbPoint
 10
1500.0
 20
1700.0
 30
0.0
  0
CIRCLE
  5
29F
330
17
100
AcDbEntity
  8
EMPRISE_SUSPENSION
 62
2
100
AcDbCircle
 10
1500.0
 20
1700.0
 30
0.0
 40
25.0
  0
TEXT
  5
2A0
330
17
100
AcDbEntity
  8
REPERES
100
AcDbText
 10
1500.0
 20
1730.0
 30
0.0
 40
11.0
  1
G08
 72
1
 11
1500.0
 21
1730.0
 31
0.0
100
AcDbText
 73
1
  0
TEXT
  5
2A1
330
17
100
AcDbEntity
  8
LONGUEURS_FIL
100
AcDbText
 10
1500.0
 20
1670.0
 30
0.0
 40
15.0
  1
181
 72
1
 11
1500.0
 21
1670.0
 31
0.0
100
AcDbText
 73
3
  0
CIRCLE
  5
2A2
330
17
100
AcDbEntity
  8
PERCAGES
100
AcDbCircle
 10
1700.0
 20
1700.0
 30
0.0
 40
4.0
  0
POINT
  5
2A3
330
17
100
AcDbEntity
  8
PERCAGES
100
AcDbPoint
 10
1700.0
 20
1700.0
 30
0.0
  0
CIRCLE
  5
2A4
330
17
100
AcDbEntity
  8
EMPRISE_SUSPENSION
 62
40
100
AcDbCircle
 10
1700.0
 20
1700.0
 30
0.0
 40
25.0
  0
TEXT
  5
2A5
330
17
100
AcDbEntity
  8
REPERES
100
AcDbText
 10
1700.0
 20
1730.0
 30
0.0
 40
11.0
  1
G09
 72
1
 11
1700.0
 21
1730.0
 31
0.0
100
AcDbText
 73
1
  0
TEXT
  5
2A6
330
17
100
AcDbEntity
  8
LONGUEURS_FIL
100
AcDbText
 10
1700.0
 20
1670.0
 30
0.0
 40
15.0
  1
245
 72
1
 11
1700.0
 21
1670.0
 31
0.0
100
AcDbText
 73
3
  0
CIRCLE
  5
2A7
330
17
100
AcDbEntity
  8
PERCAGES
100
AcDbCircle
 10
1900.0
 20
1700.0
 30
0.0
 40
4.0
  0
POINT
  5
2A8
330
17
100
AcDbEntity
  8
PERCAGES
100
AcDbPoint
 10
1900.0
 20
1700.0
 30
0.0
  0
CIRCLE
  5
2A9
330
17
100
AcDbEntity
  8
EMPRISE_SUSPENSION
 62
30
100
AcDbCircle
 10
1900.0
 20
1700.0
 30
0.0
 40
25.0
  0
TEXT
  5
2AA
330
17
100
AcDbEntity
  8
REPERES
100
AcDbText
 10
1900.0
 20
1730.0
 30
0.0
 40
11.0
  1
G10
 72
1
 11
1900.0
 21
1730.0
 31
0.0
100
AcDbText
 73
1
  0
TEXT
  5
2AB
330
17
100
AcDbEntity
  8
LONGUEURS_FIL
100
AcDbText
 10
1900.0
 20
1670.0
 30
0.0
 40
15.0
  1
331
 72
1
 11
1900.0
 21
1670.0
 31
0.0
100
AcDbText
 73
3
  0
CIRCLE
  5
2AC
330
17
100
AcDbEntity
  8
PERCAGES
100
AcDbCircle
 10
2100.0
 20
1700.0
 30
0.0
 40
4.0
  0
POINT
  5
2AD
330
17
100
AcDbEntity
  8
PERCAGES
100
AcDbPoint
 10
2100.0
 20
1700.0
 30
0.0
  0
CIRCLE
  5
2AE
330
17
100
AcDbEntity
  8
EMPRISE_SUSPENSION
 62
30
100
AcDbCircle
 10
2100.0
 20
1700.0
 30
0.0
 40
25.0
  0
TEXT
  5
2AF
330
17
100
AcDbEntity
  8
REPERES
100
AcDbText
 10
2100.0
 20
1730.0
 30
0.0
 40
11.0
  1
G11
 72
1
 11
2100.0
 21
1730.0
 31
0.0
100
AcDbText
 73
1
  0
TEXT
  5
2B0
330
17
100
AcDbEntity
  8
LONGUEURS_FIL
100
AcDbText
 10
2100.0
 20
1670.0
 30
0.0
 40
15.0
  1
401
 72
1
 11
2100.0
 21
1670.0
 31
0.0
100
AcDbText
 73
3
  0
CIRCLE
  5
2B1
330
17
100
AcDbEntity
  8
PERCAGES
100
AcDbCircle
 10
2300.0
 20
1700.0
 30
0.0
 40
4.0
  0
POINT
  5
2B2
330
17
100
AcDbEntity
  8
PERCAGES
100
AcDbPoint
 10
2300.0
 20
1700.0
 30
0.0
  0
CIRCLE
  5
2B3
330
17
100
AcDbEntity
  8
EMPRISE_SUSPENSION
 62
20
100
AcDbCircle
 10
2300.0
 20
1700.0
 30
0.0
 40
25.0
  0
TEXT
  5
2B4
330
17
100
AcDbEntity
  8
REPERES
100
AcDbText
 10
2300.0
 20
1730.0
 30
0.0
 40
11.0
  1
G12
 72
1
 11
2300.0
 21
1730.0
 31
0.0
100
AcDbText
 73
1
  0
TEXT
  5
2B5
330
17
100
AcDbEntity
  8
LONGUEURS_FIL
100
AcDbText
 10
2300.0
 20
1670.0
 30
0.0
 40
15.0
  1
477
 72
1
 11
2300.0
 21
1670.0
 31
0.0
100
AcDbText
 73
3
  0
CIRCLE
  5
2B6
330
17
100
AcDbEntity
  8
PERCAGES
100
AcDbCircle
 10
2500.0
 20
1700.0
 30
0.0
 40
4.0
  0
POINT
  5
2B7
330
17
100
AcDbEntity
  8
PERCAGES
100
AcDbPoint
 10
2500.0
 20
1700.0
 30
0.0
  0
CIRCLE
  5
2B8
330
17
100
AcDbEntity
  8
EMPRISE_SUSPENSION
 62
30
100
AcDbCircle
 10
2500.0
 20
1700.0
 30
0.0
 40
25.0
  0
TEXT
  5
2B9
330
17
100
AcDbEntity
  8
REPERES
100
AcDbText
 10
2500.0
 20
1730.0
 30
0.0
 40
11.0
  1
G13
 72
1
 11
2500.0
 21
1730.0
 31
0.0
100
AcDbText
 73
1
  0
TEXT
  5
2BA
330
17
100
AcDbEntity
  8
LONGUEURS_FIL
100
AcDbText
 10
2500.0
 20
1670.0
 30
0.0
 40
15.0
  1
335
 72
1
 11
2500.0
 21
1670.0
 31
0.0
100
AcDbText
 73
3
  0
CIRCLE
  5
2BB
330
17
100
AcDbEntity
  8
PERCAGES
100
AcDbCircle
 10
2700.0
 20
1700.0
 30
0.0
 40
4.0
  0
POINT
  5
2BC
330
17
100
AcDbEntity
  8
PERCAGES
100
AcDbPoint
 10
2700.0
 20
1700.0
 30
0.0
  0
CIRCLE
  5
2BD
330
17
100
AcDbEntity
  8
EMPRISE_SUSPENSION
 62
40
100
AcDbCircle
 10
2700.0
 20
1700.0
 30
0.0
 40
25.0
  0
TEXT
  5
2BE
330
17
100
AcDbEntity
  8
REPERES
100
AcDbText
 10
2700.0
 20
1730.0
 30
0.0
 40
11.0
  1
G14
 72
1
 11
2700.0
 21
1730.0
 31
0.0
100
AcDbText
 73
1
  0
TEXT
  5
2BF
330
17
100
AcDbEntity
  8
LONGUEURS_FIL
100
AcDbText
 10
2700.0
 20
1670.0
 30
0.0
 40
15.0
  1
265
 72
1
 11
2700.0
 21
1670.0
 31
0.0
100
AcDbText
 73
3
  0
CIRCLE
  5
2C0
330
17
100
AcDbEntity
  8
PERCAGES
100
AcDbCircle
 10
2900.0
 20
1700.0
 30
0.0
 40
4.0
  0
POINT
  5
2C1
330
17
100
AcDbEntity
  8
PERCAGES
100
AcDbPoint
 10
2900.0
 20
1700.0
 30
0.0
  0
CIRCLE
  5
2C2
330
17
100
AcDbEntity
  8
EMPRISE_SUSPENSION
 62
20
100
AcDbCircle
 10
2900.0
 20
1700.0
 30
0.0
 40
25.0
  0
TEXT
  5
2C3
330
17
100
AcDbEntity
  8
REPERES
100
AcDbText
 10
2900.0
 20
1730.0
 30
0.0
 40
11.0
  1
G15
 72
1
 11
2900.0
 21
1730.0
 31
0.0
100
AcDbText
 73
1
  0
TEXT
  5
2C4
330
17
100
AcDbEntity
  8
LONGUEURS_FIL
100
AcDbText
 10
2900.0
 20
1670.0
 30
0.0
 40
15.0
  1
440
 72
1
 11
2900.0
 21
1670.0
 31
0.0
100
AcDbText
 73
3
  0
CIRCLE
  5
2C5
330
17
100
AcDbEntity
  8
PERCAGES
100
AcDbCircle
 10
200.0
 20
1600.0
 30
0.0
 40
4.0
  0
POINT
  5
2C6
330
17
100
AcDbEntity
  8
PERCAGES
100
AcDbPoint
 10
200.0
 20
1600.0
 30
0.0
  0
CIRCLE
  5
2C7
330
17
100
AcDbEntity
  8
EMPRISE_SUSPENSION
 62
2
100
AcDbCircle
 10
200.0
 20
1600.0
 30
0.0
 40
25.0
  0
TEXT
  5
2C8
330
17
100
AcDbEntity
  8
REPERES
100
AcDbText
 10
200.0
 20
1630.0
 30
0.0
 40
11.0
  1
H01
 72
1
 11
200.0
 21
1630.0
 31
0.0
100
AcDbText
 73
1
  0
TEXT
  5
2C9
330
17
100
AcDbEntity
  8
LONGUEURS_FIL
100
AcDbText
 10
200.0
 20
1570.0
 30
0.0
 40
15.0
  1
145
 72
1
 11
200.0
 21
1570.0
 31
0.0
100
AcDbText
 73
3
  0
CIRCLE
  5
2CA
330
17
100
AcDbEntity
  8
PERCAGES
100
AcDbCircle
 10
400.0
 20
1600.0
 30
0.0
 40
4.0
  0
POINT
  5
2CB
330
17
100
AcDbEntity
  8
PERCAGES
100
AcDbPoint
 10
400.0
 20
1600.0
 30
0.0
  0
CIRCLE
  5
2CC
330
17
100
AcDbEntity
  8
EMPRISE_SUSPENSION
 62
20
100
AcDbCircle
 10
400.0
 20
1600.0
 30
0.0
 40
25.0
  0
TEXT
  5
2CD
330
17
100
AcDbEntity
  8
REPERES
100
AcDbText
 10
400.0
 20
1630.0
 30
0.0
 40
11.0
  1
H02
 72
1
 11
400.0
 21
1630.0
 31
0.0
100
AcDbText
 73
1
  0
TEXT
  5
2CE
330
17
100
AcDbEntity
  8
LONGUEURS_FIL
100
AcDbText
 10
400.0
 20
1570.0
 30
0.0
 40
15.0
  1
486
 72
1
 11
400.0
 21
1570.0
 31
0.0
100
AcDbText
 73
3
  0
CIRCLE
  5
2CF
330
17
100
AcDbEntity
  8
PERCAGES
100
AcDbCircle
 10
600.0
 20
1600.0
 30
0.0
 40
4.0
  0
POINT
  5
2D0
330
17
100
AcDbEntity
  8
PERCAGES
100
AcDbPoint
 10
600.0
 20
1600.0
 30
0.0
  0
CIRCLE
  5
2D1
330
17
100
AcDbEntity
  8
EMPRISE_SUSPENSION
 62
20
100
AcDbCircle
 10
600.0
 20
1600.0
 30
0.0
 40
25.0
  0
TEXT
  5
2D2
330
17
100
AcDbEntity
  8
REPERES
100
AcDbText
 10
600.0
 20
1630.0
 30
0.0
 40
11.0
  1
H03
 72
1
 11
600.0
 21
1630.0
 31
0.0
100
AcDbText
 73
1
  0
TEXT
  5
2D3
330
17
100
AcDbEntity
  8
LONGUEURS_FIL
100
AcDbText
 10
600.0
 20
1570.0
 30
0.0
 40
15.0
  1
416
 72
1
 11
600.0
 21
1570.0
 31
0.0
100
AcDbText
 73
3
  0
CIRCLE
  5
2D4
330
17
100
AcDbEntity
  8
PERCAGES
100
AcDbCircle
 10
800.0
 20
1600.0
 30
0.0
 40
4.0
  0
POINT
  5
2D5
330
17
100
AcDbEntity
  8
PERCAGES
100
AcDbPoint
 10
800.0
 20
1600.0
 30
0.0
  0
CIRCLE
  5
2D6
330
17
100
AcDbEntity
  8
EMPRISE_SUSPENSION
 62
40
100
AcDbCircle
 10
800.0
 20
1600.0
 30
0.0
 40
25.0
  0
TEXT
  5
2D7
330
17
100
AcDbEntity
  8
REPERES
100
AcDbText
 10
800.0
 20
1630.0
 30
0.0
 40
11.0
  1
H04
 72
1
 11
800.0
 21
1630.0
 31
0.0
100
AcDbText
 73
1
  0
TEXT
  5
2D8
330
17
100
AcDbEntity
  8
LONGUEURS_FIL
100
AcDbText
 10
800.0
 20
1570.0
 30
0.0
 40
15.0
  1
234
 72
1
 11
800.0
 21
1570.0
 31
0.0
100
AcDbText
 73
3
  0
CIRCLE
  5
2D9
330
17
100
AcDbEntity
  8
PERCAGES
100
AcDbCircle
 10
1000.0
 20
1600.0
 30
0.0
 40
4.0
  0
POINT
  5
2DA
330
17
100
AcDbEntity
  8
PERCAGES
100
AcDbPoint
 10
1000.0
 20
1600.0
 30
0.0
  0
CIRCLE
  5
2DB
330
17
100
AcDbEntity
  8
EMPRISE_SUSPENSION
 62
1
100
AcDbCircle
 10
1000.0
 20
1600.0
 30
0.0
 40
25.0
  0
TEXT
  5
2DC
330
17
100
AcDbEntity
  8
REPERES
100
AcDbText
 10
1000.0
 20
1630.0
 30
0.0
 40
11.0
  1
H05
 72
1
 11
1000.0
 21
1630.0
 31
0.0
100
AcDbText
 73
1
  0
TEXT
  5
2DD
330
17
100
AcDbEntity
  8
LONGUEURS_FIL
100
AcDbText
 10
1000.0
 20
1570.0
 30
0.0
 40
15.0
  1
566
 72
1
 11
1000.0
 21
1570.0
 31
0.0
100
AcDbText
 73
3
  0
CIRCLE
  5
2DE
330
17
100
AcDbEntity
  8
PERCAGES
100
AcDbCircle
 10
1200.0
 20
1600.0
 30
0.0
 40
4.0
  0
POINT
  5
2DF
330
17
100
AcDbEntity
  8
PERCAGES
100
AcDbPoint
 10
1200.0
 20
1600.0
 30
0.0
  0
CIRCLE
  5
2E0
330
17
100
AcDbEntity
  8
EMPRISE_SUSPENSION
 62
20
100
AcDbCircle
 10
1200.0
 20
1600.0
 30
0.0
 40
25.0
  0
TEXT
  5
2E1
330
17
100
AcDbEntity
  8
REPERES
100
AcDbText
 10
1200.0
 20
1630.0
 30
0.0
 40
11.0
  1
H06
 72
1
 11
1200.0
 21
1630.0
 31
0.0
100
AcDbText
 73
1
  0
TEXT
  5
2E2
330
17
100
AcDbEntity
  8
LONGUEURS_FIL
100
AcDbText
 10
1200.0
 20
1570.0
 30
0.0
 40
15.0
  1
418
 72
1
 11
1200.0
 21
1570.0
 31
0.0
100
AcDbText
 73
3
  0
CIRCLE
  5
2E3
330
17
100
AcDbEntity
  8
PERCAGES
100
AcDbCircle
 10
1400.0
 20
1600.0
 30
0.0
 40
4.0
  0
POINT
  5
2E4
330
17
100
AcDbEntity
  8
PERCAGES
100
AcDbPoint
 10
1400.0
 20
1600.0
 30
0.0
  0
CIRCLE
  5
2E5
330
17
100
AcDbEntity
  8
EMPRISE_SUSPENSION
 62
20
100
AcDbCircle
 10
1400.0
 20
1600.0
 30
0.0
 40
25.0
  0
TEXT
  5
2E6
330
17
100
AcDbEntity
  8
REPERES
100
AcDbText
 10
1400.0
 20
1630.0
 30
0.0
 40
11.0
  1
H07
 72
1
 11
1400.0
 21
1630.0
 31
0.0
100
AcDbText
 73
1
  0
TEXT
  5
2E7
330
17
100
AcDbEntity
  8
LONGUEURS_FIL
100
AcDbText
 10
1400.0
 20
1570.0
 30
0.0
 40
15.0
  1
500
 72
1
 11
1400.0
 21
1570.0
 31
0.0
100
AcDbText
 73
3
  0
CIRCLE
  5
2E8
330
17
100
AcDbEntity
  8
PERCAGES
100
AcDbCircle
 10
1600.0
 20
1600.0
 30
0.0
 40
4.0
  0
POINT
  5
2E9
330
17
100
AcDbEntity
  8
PERCAGES
100
AcDbPoint
 10
1600.0
 20
1600.0
 30
0.0
  0
CIRCLE
  5
2EA
330
17
100
AcDbEntity
  8
EMPRISE_SUSPENSION
 62
30
100
AcDbCircle
 10
1600.0
 20
1600.0
 30
0.0
 40
25.0
  0
TEXT
  5
2EB
330
17
100
AcDbEntity
  8
REPERES
100
AcDbText
 10
1600.0
 20
1630.0
 30
0.0
 40
11.0
  1
H08
 72
1
 11
1600.0
 21
1630.0
 31
0.0
100
AcDbText
 73
1
  0
TEXT
  5
2EC
330
17
100
AcDbEntity
  8
LONGUEURS_FIL
100
AcDbText
 10
1600.0
 20
1570.0
 30
0.0
 40
15.0
  1
313
 72
1
 11
1600.0
 21
1570.0
 31
0.0
100
AcDbText
 73
3
  0
CIRCLE
  5
2ED
330
17
100
AcDbEntity
  8
PERCAGES
100
AcDbCircle
 10
1800.0
 20
1600.0
 30
0.0
 40
4.0
  0
POINT
  5
2EE
330
17
100
AcDbEntity
  8
PERCAGES
100
AcDbPoint
 10
1800.0
 20
1600.0
 30
0.0
  0
CIRCLE
  5
2EF
330
17
100
AcDbEntity
  8
EMPRISE_SUSPENSION
 62
30
100
AcDbCircle
 10
1800.0
 20
1600.0
 30
0.0
 40
25.0
  0
TEXT
  5
2F0
330
17
100
AcDbEntity
  8
REPERES
100
AcDbText
 10
1800.0
 20
1630.0
 30
0.0
 40
11.0
  1
H09
 72
1
 11
1800.0
 21
1630.0
 31
0.0
100
AcDbText
 73
1
  0
TEXT
  5
2F1
330
17
100
AcDbEntity
  8
LONGUEURS_FIL
100
AcDbText
 10
1800.0
 20
1570.0
 30
0.0
 40
15.0
  1
399
 72
1
 11
1800.0
 21
1570.0
 31
0.0
100
AcDbText
 73
3
  0
CIRCLE
  5
2F2
330
17
100
AcDbEntity
  8
PERCAGES
100
AcDbCircle
 10
2000.0
 20
1600.0
 30
0.0
 40
4.0
  0
POINT
  5
2F3
330
17
100
AcDbEntity
  8
PERCAGES
100
AcDbPoint
 10
2000.0
 20
1600.0
 30
0.0
  0
CIRCLE
  5
2F4
330
17
100
AcDbEntity
  8
EMPRISE_SUSPENSION
 62
40
100
AcDbCircle
 10
2000.0
 20
1600.0
 30
0.0
 40
25.0
  0
TEXT
  5
2F5
330
17
100
AcDbEntity
  8
REPERES
100
AcDbText
 10
2000.0
 20
1630.0
 30
0.0
 40
11.0
  1
H10
 72
1
 11
2000.0
 21
1630.0
 31
0.0
100
AcDbText
 73
1
  0
TEXT
  5
2F6
330
17
100
AcDbEntity
  8
LONGUEURS_FIL
100
AcDbText
 10
2000.0
 20
1570.0
 30
0.0
 40
15.0
  1
267
 72
1
 11
2000.0
 21
1570.0
 31
0.0
100
AcDbText
 73
3
  0
CIRCLE
  5
2F7
330
17
100
AcDbEntity
  8
PERCAGES
100
AcDbCircle
 10
2200.0
 20
1600.0
 30
0.0
 40
4.0
  0
POINT
  5
2F8
330
17
100
AcDbEntity
  8
PERCAGES
100
AcDbPoint
 10
2200.0
 20
1600.0
 30
0.0
  0
CIRCLE
  5
2F9
330
17
100
AcDbEntity
  8
EMPRISE_SUSPENSION
 62
2
100
AcDbCircle
 10
2200.0
 20
1600.0
 30
0.0
 40
25.0
  0
TEXT
  5
2FA
330
17
100
AcDbEntity
  8
REPERES
100
AcDbText
 10
2200.0
 20
1630.0
 30
0.0
 40
11.0
  1
H11
 72
1
 11
2200.0
 21
1630.0
 31
0.0
100
AcDbText
 73
1
  0
TEXT
  5
2FB
330
17
100
AcDbEntity
  8
LONGUEURS_FIL
100
AcDbText
 10
2200.0
 20
1570.0
 30
0.0
 40
15.0
  1
132
 72
1
 11
2200.0
 21
1570.0
 31
0.0
100
AcDbText
 73
3
  0
CIRCLE
  5
2FC
330
17
100
AcDbEntity
  8
PERCAGES
100
AcDbCircle
 10
2400.0
 20
1600.0
 30
0.0
 40
4.0
  0
POINT
  5
2FD
330
17
100
AcDbEntity
  8
PERCAGES
100
AcDbPoint
 10
2400.0
 20
1600.0
 30
0.0
  0
CIRCLE
  5
2FE
330
17
100
AcDbEntity
  8
EMPRISE_SUSPENSION
 62
40
100
AcDbCircle
 10
2400.0
 20
1600.0
 30
0.0
 40
25.0
  0
TEXT
  5
2FF
330
17
100
AcDbEntity
  8
REPERES
100
AcDbText
 10
2400.0
 20
1630.0
 30
0.0
 40
11.0
  1
H12
 72
1
 11
2400.0
 21
1630.0
 31
0.0
100
AcDbText
 73
1
  0
TEXT
  5
300
330
17
100
AcDbEntity
  8
LONGUEURS_FIL
100
AcDbText
 10
2400.0
 20
1570.0
 30
0.0
 40
15.0
  1
241
 72
1
 11
2400.0
 21
1570.0
 31
0.0
100
AcDbText
 73
3
  0
CIRCLE
  5
301
330
17
100
AcDbEntity
  8
PERCAGES
100
AcDbCircle
 10
2600.0
 20
1600.0
 30
0.0
 40
4.0
  0
POINT
  5
302
330
17
100
AcDbEntity
  8
PERCAGES
100
AcDbPoint
 10
2600.0
 20
1600.0
 30
0.0
  0
CIRCLE
  5
303
330
17
100
AcDbEntity
  8
EMPRISE_SUSPENSION
 62
2
100
AcDbCircle
 10
2600.0
 20
1600.0
 30
0.0
 40
25.0
  0
TEXT
  5
304
330
17
100
AcDbEntity
  8
REPERES
100
AcDbText
 10
2600.0
 20
1630.0
 30
0.0
 40
11.0
  1
H13
 72
1
 11
2600.0
 21
1630.0
 31
0.0
100
AcDbText
 73
1
  0
TEXT
  5
305
330
17
100
AcDbEntity
  8
LONGUEURS_FIL
100
AcDbText
 10
2600.0
 20
1570.0
 30
0.0
 40
15.0
  1
178
 72
1
 11
2600.0
 21
1570.0
 31
0.0
100
AcDbText
 73
3
  0
CIRCLE
  5
306
330
17
100
AcDbEntity
  8
PERCAGES
100
AcDbCircle
 10
2800.0
 20
1600.0
 30
0.0
 40
4.0
  0
POINT
  5
307
330
17
100
AcDbEntity
  8
PERCAGES
100
AcDbPoint
 10
2800.0
 20
1600.0
 30
0.0
  0
CIRCLE
  5
308
330
17
100
AcDbEntity
  8
EMPRISE_SUSPENSION
 62
30
100
AcDbCircle
 10
2800.0
 20
1600.0
 30
0.0
 40
25.0
  0
TEXT
  5
309
330
17
100
AcDbEntity
  8
REPERES
100
AcDbText
 10
2800.0
 20
1630.0
 30
0.0
 40
11.0
  1
H14
 72
1
 11
2800.0
 21
1630.0
 31
0.0
100
AcDbText
 73
1
  0
TEXT
  5
30A
330
17
100
AcDbEntity
  8
LONGUEURS_FIL
100
AcDbText
 10
2800.0
 20
1570.0
 30
0.0
 40
15.0
  1
344
 72
1
 11
2800.0
 21
1570.0
 31
0.0
100
AcDbText
 73
3
  0
CIRCLE
  5
30B
330
17
100
AcDbEntity
  8
PERCAGES
100
AcDbCircle
 10
100.0
 20
1500.0
 30
0.0
 40
4.0
  0
POINT
  5
30C
330
17
100
AcDbEntity
  8
PERCAGES
100
AcDbPoint
 10
100.0
 20
1500.0
 30
0.0
  0
CIRCLE
  5
30D
330
17
100
AcDbEntity
  8
EMPRISE_SUSPENSION
 62
20
100
AcDbCircle
 10
100.0
 20
1500.0
 30
0.0
 40
25.0
  0
TEXT
  5
30E
330
17
100
AcDbEntity
  8
REPERES
100
AcDbText
 10
100.0
 20
1530.0
 30
0.0
 40
11.0
  1
I01
 72
1
 11
100.0
 21
1530.0
 31
0.0
100
AcDbText
 73
1
  0
TEXT
  5
30F
330
17
100
AcDbEntity
  8
LONGUEURS_FIL
100
AcDbText
 10
100.0
 20
1470.0
 30
0.0
 40
15.0
  1
466
 72
1
 11
100.0
 21
1470.0
 31
0.0
100
AcDbText
 73
3
  0
CIRCLE
  5
310
330
17
100
AcDbEntity
  8
PERCAGES
100
AcDbCircle
 10
300.0
 20
1500.0
 30
0.0
 40
4.0
  0
POINT
  5
311
330
17
100
AcDbEntity
  8
PERCAGES
100
AcDbPoint
 10
300.0
 20
1500.0
 30
0.0
  0
CIRCLE
  5
312
330
17
100
AcDbEntity
  8
EMPRISE_SUSPENSION
 62
30
100
AcDbCircle
 10
300.0
 20
1500.0
 30
0.0
 40
25.0
  0
TEXT
  5
313
330
17
100
AcDbEntity
  8
REPERES
100
AcDbText
 10
300.0
 20
1530.0
 30
0.0
 40
11.0
  1
I02
 72
1
 11
300.0
 21
1530.0
 31
0.0
100
AcDbText
 73
1
  0
TEXT
  5
314
330
17
100
AcDbEntity
  8
LONGUEURS_FIL
100
AcDbText
 10
300.0
 20
1470.0
 30
0.0
 40
15.0
  1
381
 72
1
 11
300.0
 21
1470.0
 31
0.0
100
AcDbText
 73
3
  0
CIRCLE
  5
315
330
17
100
AcDbEntity
  8
PERCAGES
100
AcDbCircle
 10
500.0
 20
1500.0
 30
0.0
 40
4.0
  0
POINT
  5
316
330
17
100
AcDbEntity
  8
PERCAGES
100
AcDbPoint
 10
500.0
 20
1500.0
 30
0.0
  0
CIRCLE
  5
317
330
17
100
AcDbEntity
  8
EMPRISE_SUSPENSION
 62
2
100
AcDbCircle
 10
500.0
 20
1500.0
 30
0.0
 40
25.0
  0
TEXT
  5
318
330
17
100
AcDbEntity
  8
REPERES
100
AcDbText
 10
500.0
 20
1530.0
 30
0.0
 40
11.0
  1
I03
 72
1
 11
500.0
 21
1530.0
 31
0.0
100
AcDbText
 73
1
  0
TEXT
  5
319
330
17
100
AcDbEntity
  8
LONGUEURS_FIL
100
AcDbText
 10
500.0
 20
1470.0
 30
0.0
 40
15.0
  1
161
 72
1
 11
500.0
 21
1470.0
 31
0.0
100
AcDbText
 73
3
  0
CIRCLE
  5
31A
330
17
100
AcDbEntity
  8
PERCAGES
100
AcDbCircle
 10
700.0
 20
1500.0
 30
0.0
 40
4.0
  0
POINT
  5
31B
330
17
100
AcDbEntity
  8
PERCAGES
100
AcDbPoint
 10
700.0
 20
1500.0
 30
0.0
  0
CIRCLE
  5
31C
330
17
100
AcDbEntity
  8
EMPRISE_SUSPENSION
 62
1
100
AcDbCircle
 10
700.0
 20
1500.0
 30
0.0
 40
25.0
  0
TEXT
  5
31D
330
17
100
AcDbEntity
  8
REPERES
100
AcDbText
 10
700.0
 20
1530.0
 30
0.0
 40
11.0
  1
I04
 72
1
 11
700.0
 21
1530.0
 31
0.0
100
AcDbText
 73
1
  0
TEXT
  5
31E
330
17
100
AcDbEntity
  8
LONGUEURS_FIL
100
AcDbText
 10
700.0
 20
1470.0
 30
0.0
 40
15.0
  1
562
 72
1
 11
700.0
 21
1470.0
 31
0.0
100
AcDbText
 73
3
  0
CIRCLE
  5
31F
330
17
100
AcDbEntity
  8
PERCAGES
100
AcDbCircle
 10
900.0
 20
1500.0
 30
0.0
 40
4.0
  0
POINT
  5
320
330
17
100
AcDbEntity
  8
PERCAGES
100
AcDbPoint
 10
900.0
 20
1500.0
 30
0.0
  0
CIRCLE
  5
321
330
17
100
AcDbEntity
  8
EMPRISE_SUSPENSION
 62
30
100
AcDbCircle
 10
900.0
 20
1500.0
 30
0.0
 40
25.0
  0
TEXT
  5
322
330
17
100
AcDbEntity
  8
REPERES
100
AcDbText
 10
900.0
 20
1530.0
 30
0.0
 40
11.0
  1
I05
 72
1
 11
900.0
 21
1530.0
 31
0.0
100
AcDbText
 73
1
  0
TEXT
  5
323
330
17
100
AcDbEntity
  8
LONGUEURS_FIL
100
AcDbText
 10
900.0
 20
1470.0
 30
0.0
 40
15.0
  1
331
 72
1
 11
900.0
 21
1470.0
 31
0.0
100
AcDbText
 73
3
  0
CIRCLE
  5
324
330
17
100
AcDbEntity
  8
PERCAGES
100
AcDbCircle
 10
1100.0
 20
1500.0
 30
0.0
 40
4.0
  0
POINT
  5
325
330
17
100
AcDbEntity
  8
PERCAGES
100
AcDbPoint
 10
1100.0
 20
1500.0
 30
0.0
  0
CIRCLE
  5
326
330
17
100
AcDbEntity
  8
EMPRISE_SUSPENSION
 62
2
100
AcDbCircle
 10
1100.0
 20
1500.0
 30
0.0
 40
25.0
  0
TEXT
  5
327
330
17
100
AcDbEntity
  8
REPERES
100
AcDbText
 10
1100.0
 20
1530.0
 30
0.0
 40
11.0
  1
I06
 72
1
 11
1100.0
 21
1530.0
 31
0.0
100
AcDbText
 73
1
  0
TEXT
  5
328
330
17
100
AcDbEntity
  8
LONGUEURS_FIL
100
AcDbText
 10
1100.0
 20
1470.0
 30
0.0
 40
15.0
  1
175
 72
1
 11
1100.0
 21
1470.0
 31
0.0
100
AcDbText
 73
3
  0
CIRCLE
  5
329
330
17
100
AcDbEntity
  8
PERCAGES
100
AcDbCircle
 10
1300.0
 20
1500.0
 30
0.0
 40
4.0
  0
POINT
  5
32A
330
17
100
AcDbEntity
  8
PERCAGES
100
AcDbPoint
 10
1300.0
 20
1500.0
 30
0.0
  0
CIRCLE
  5
32B
330
17
100
AcDbEntity
  8
EMPRISE_SUSPENSION
 62
1
100
AcDbCircle
 10
1300.0
 20
1500.0
 30
0.0
 40
25.0
  0
TEXT
  5
32C
330
17
100
AcDbEntity
  8
REPERES
100
AcDbText
 10
1300.0
 20
1530.0
 30
0.0
 40
11.0
  1
I07
 72
1
 11
1300.0
 21
1530.0
 31
0.0
100
AcDbText
 73
1
  0
TEXT
  5
32D
330
17
100
AcDbEntity
  8
LONGUEURS_FIL
100
AcDbText
 10
1300.0
 20
1470.0
 30
0.0
 40
15.0
  1
581
 72
1
 11
1300.0
 21
1470.0
 31
0.0
100
AcDbText
 73
3
  0
CIRCLE
  5
32E
330
17
100
AcDbEntity
  8
PERCAGES
100
AcDbCircle
 10
1500.0
 20
1500.0
 30
0.0
 40
4.0
  0
POINT
  5
32F
330
17
100
AcDbEntity
  8
PERCAGES
100
AcDbPoint
 10
1500.0
 20
1500.0
 30
0.0
  0
CIRCLE
  5
330
330
17
100
AcDbEntity
  8
EMPRISE_SUSPENSION
 62
30
100
AcDbCircle
 10
1500.0
 20
1500.0
 30
0.0
 40
25.0
  0
TEXT
  5
331
330
17
100
AcDbEntity
  8
REPERES
100
AcDbText
 10
1500.0
 20
1530.0
 30
0.0
 40
11.0
  1
I08
 72
1
 11
1500.0
 21
1530.0
 31
0.0
100
AcDbText
 73
1
  0
TEXT
  5
332
330
17
100
AcDbEntity
  8
LONGUEURS_FIL
100
AcDbText
 10
1500.0
 20
1470.0
 30
0.0
 40
15.0
  1
391
 72
1
 11
1500.0
 21
1470.0
 31
0.0
100
AcDbText
 73
3
  0
CIRCLE
  5
333
330
17
100
AcDbEntity
  8
PERCAGES
100
AcDbCircle
 10
1700.0
 20
1500.0
 30
0.0
 40
4.0
  0
POINT
  5
334
330
17
100
AcDbEntity
  8
PERCAGES
100
AcDbPoint
 10
1700.0
 20
1500.0
 30
0.0
  0
CIRCLE
  5
335
330
17
100
AcDbEntity
  8
EMPRISE_SUSPENSION
 62
2
100
AcDbCircle
 10
1700.0
 20
1500.0
 30
0.0
 40
25.0
  0
TEXT
  5
336
330
17
100
AcDbEntity
  8
REPERES
100
AcDbText
 10
1700.0
 20
1530.0
 30
0.0
 40
11.0
  1
I09
 72
1
 11
1700.0
 21
1530.0
 31
0.0
100
AcDbText
 73
1
  0
TEXT
  5
337
330
17
100
AcDbEntity
  8
LONGUEURS_FIL
100
AcDbText
 10
1700.0
 20
1470.0
 30
0.0
 40
15.0
  1
112
 72
1
 11
1700.0
 21
1470.0
 31
0.0
100
AcDbText
 73
3
  0
CIRCLE
  5
338
330
17
100
AcDbEntity
  8
PERCAGES
100
AcDbCircle
 10
1900.0
 20
1500.0
 30
0.0
 40
4.0
  0
POINT
  5
339
330
17
100
AcDbEntity
  8
PERCAGES
100
AcDbPoint
 10
1900.0
 20
1500.0
 30
0.0
  0
CIRCLE
  5
33A
330
17
100
AcDbEntity
  8
EMPRISE_SUSPENSION
 62
20
100
AcDbCircle
 10
1900.0
 20
1500.0
 30
0.0
 40
25.0
  0
TEXT
  5
33B
330
17
100
AcDbEntity
  8
REPERES
100
AcDbText
 10
1900.0
 20
1530.0
 30
0.0
 40
11.0
  1
I10
 72
1
 11
1900.0
 21
1530.0
 31
0.0
100
AcDbText
 73
1
  0
TEXT
  5
33C
330
17
100
AcDbEntity
  8
LONGUEURS_FIL
100
AcDbText
 10
1900.0
 20
1470.0
 30
0.0
 40
15.0
  1
511
 72
1
 11
1900.0
 21
1470.0
 31
0.0
100
AcDbText
 73
3
  0
CIRCLE
  5
33D
330
17
100
AcDbEntity
  8
PERCAGES
100
AcDbCircle
 10
2100.0
 20
1500.0
 30
0.0
 40
4.0
  0
POINT
  5
33E
330
17
100
AcDbEntity
  8
PERCAGES
100
AcDbPoint
 10
2100.0
 20
1500.0
 30
0.0
  0
CIRCLE
  5
33F
330
17
100
AcDbEntity
  8
EMPRISE_SUSPENSION
 62
2
100
AcDbCircle
 10
2100.0
 20
1500.0
 30
0.0
 40
25.0
  0
TEXT
  5
340
330
17
100
AcDbEntity
  8
REPERES
100
AcDbText
 10
2100.0
 20
1530.0
 30
0.0
 40
11.0
  1
I11
 72
1
 11
2100.0
 21
1530.0
 31
0.0
100
AcDbText
 73
1
  0
TEXT
  5
341
330
17
100
AcDbEntity
  8
LONGUEURS_FIL
100
AcDbText
 10
2100.0
 20
1470.0
 30
0.0
 40
15.0
  1
203
 72
1
 11
2100.0
 21
1470.0
 31
0.0
100
AcDbText
 73
3
  0
CIRCLE
  5
342
330
17
100
AcDbEntity
  8
PERCAGES
100
AcDbCircle
 10
2300.0
 20
1500.0
 30
0.0
 40
4.0
  0
POINT
  5
343
330
17
100
AcDbEntity
  8
PERCAGES
100
AcDbPoint
 10
2300.0
 20
1500.0
 30
0.0
  0
CIRCLE
  5
344
330
17
100
AcDbEntity
  8
EMPRISE_SUSPENSION
 62
30
100
AcDbCircle
 10
2300.0
 20
1500.0
 30
0.0
 40
25.0
  0
TEXT
  5
345
330
17
100
AcDbEntity
  8
REPERES
100
AcDbText
 10
2300.0
 20
1530.0
 30
0.0
 40
11.0
  1
I12
 72
1
 11
2300.0
 21
1530.0
 31
0.0
100
AcDbText
 73
1
  0
TEXT
  5
346
330
17
100
AcDbEntity
  8
LONGUEURS_FIL
100
AcDbText
 10
2300.0
 20
1470.0
 30
0.0
 40
15.0
  1
389
 72
1
 11
2300.0
 21
1470.0
 31
0.0
100
AcDbText
 73
3
  0
CIRCLE
  5
347
330
17
100
AcDbEntity
  8
PERCAGES
100
AcDbCircle
 10
2500.0
 20
1500.0
 30
0.0
 40
4.0
  0
POINT
  5
348
330
17
100
AcDbEntity
  8
PERCAGES
100
AcDbPoint
 10
2500.0
 20
1500.0
 30
0.0
  0
CIRCLE
  5
349
330
17
100
AcDbEntity
  8
EMPRISE_SUSPENSION
 62
1
100
AcDbCircle
 10
2500.0
 20
1500.0
 30
0.0
 40
25.0
  0
TEXT
  5
34A
330
17
100
AcDbEntity
  8
REPERES
100
AcDbText
 10
2500.0
 20
1530.0
 30
0.0
 40
11.0
  1
I13
 72
1
 11
2500.0
 21
1530.0
 31
0.0
100
AcDbText
 73
1
  0
TEXT
  5
34B
330
17
100
AcDbEntity
  8
LONGUEURS_FIL
100
AcDbText
 10
2500.0
 20
1470.0
 30
0.0
 40
15.0
  1
568
 72
1
 11
2500.0
 21
1470.0
 31
0.0
100
AcDbText
 73
3
  0
CIRCLE
  5
34C
330
17
100
AcDbEntity
  8
PERCAGES
100
AcDbCircle
 10
2700.0
 20
1500.0
 30
0.0
 40
4.0
  0
POINT
  5
34D
330
17
100
AcDbEntity
  8
PERCAGES
100
AcDbPoint
 10
2700.0
 20
1500.0
 30
0.0
  0
CIRCLE
  5
34E
330
17
100
AcDbEntity
  8
EMPRISE_SUSPENSION
 62
20
100
AcDbCircle
 10
2700.0
 20
1500.0
 30
0.0
 40
25.0
  0
TEXT
  5
34F
330
17
100
AcDbEntity
  8
REPERES
100
AcDbText
 10
2700.0
 20
1530.0
 30
0.0
 40
11.0
  1
I14
 72
1
 11
2700.0
 21
1530.0
 31
0.0
100
AcDbText
 73
1
  0
TEXT
  5
350
330
17
100
AcDbEntity
  8
LONGUEURS_FIL
100
AcDbText
 10
2700.0
 20
1470.0
 30
0.0
 40
15.0
  1
487
 72
1
 11
2700.0
 21
1470.0
 31
0.0
100
AcDbText
 73
3
  0
CIRCLE
  5
351
330
17
100
AcDbEntity
  8
PERCAGES
100
AcDbCircle
 10
2900.0
 20
1500.0
 30
0.0
 40
4.0
  0
POINT
  5
352
330
17
100
AcDbEntity
  8
PERCAGES
100
AcDbPoint
 10
2900.0
 20
1500.0
 30
0.0
  0
CIRCLE
  5
353
330
17
100
AcDbEntity
  8
EMPRISE_SUSPENSION
 62
2
100
AcDbCircle
 10
2900.0
 20
1500.0
 30
0.0
 40
25.0
  0
TEXT
  5
354
330
17
100
AcDbEntity
  8
REPERES
100
AcDbText
 10
2900.0
 20
1530.0
 30
0.0
 40
11.0
  1
I15
 72
1
 11
2900.0
 21
1530.0
 31
0.0
100
AcDbText
 73
1
  0
TEXT
  5
355
330
17
100
AcDbEntity
  8
LONGUEURS_FIL
100
AcDbText
 10
2900.0
 20
1470.0
 30
0.0
 40
15.0
  1
200
 72
1
 11
2900.0
 21
1470.0
 31
0.0
100
AcDbText
 73
3
  0
CIRCLE
  5
356
330
17
100
AcDbEntity
  8
PERCAGES
100
AcDbCircle
 10
200.0
 20
1400.0
 30
0.0
 40
4.0
  0
POINT
  5
357
330
17
100
AcDbEntity
  8
PERCAGES
100
AcDbPoint
 10
200.0
 20
1400.0
 30
0.0
  0
CIRCLE
  5
358
330
17
100
AcDbEntity
  8
EMPRISE_SUSPENSION
 62
30
100
AcDbCircle
 10
200.0
 20
1400.0
 30
0.0
 40
25.0
  0
TEXT
  5
359
330
17
100
AcDbEntity
  8
REPERES
100
AcDbText
 10
200.0
 20
1430.0
 30
0.0
 40
11.0
  1
J01
 72
1
 11
200.0
 21
1430.0
 31
0.0
100
AcDbText
 73
1
  0
TEXT
  5
35A
330
17
100
AcDbEntity
  8
LONGUEURS_FIL
100
AcDbText
 10
200.0
 20
1370.0
 30
0.0
 40
15.0
  1
321
 72
1
 11
200.0
 21
1370.0
 31
0.0
100
AcDbText
 73
3
  0
CIRCLE
  5
35B
330
17
100
AcDbEntity
  8
PERCAGES
100
AcDbCircle
 10
400.0
 20
1400.0
 30
0.0
 40
4.0
  0
POINT
  5
35C
330
17
100
AcDbEntity
  8
PERCAGES
100
AcDbPoint
 10
400.0
 20
1400.0
 30
0.0
  0
CIRCLE
  5
35D
330
17
100
AcDbEntity
  8
EMPRISE_SUSPENSION
 62
40
100
AcDbCircle
 10
400.0
 20
1400.0
 30
0.0
 40
25.0
  0
TEXT
  5
35E
330
17
100
AcDbEntity
  8
REPERES
100
AcDbText
 10
400.0
 20
1430.0
 30
0.0
 40
11.0
  1
J02
 72
1
 11
400.0
 21
1430.0
 31
0.0
100
AcDbText
 73
1
  0
TEXT
  5
35F
330
17
100
AcDbEntity
  8
LONGUEURS_FIL
100
AcDbText
 10
400.0
 20
1370.0
 30
0.0
 40
15.0
  1
253
 72
1
 11
400.0
 21
1370.0
 31
0.0
100
AcDbText
 73
3
  0
CIRCLE
  5
360
330
17
100
AcDbEntity
  8
PERCAGES
100
AcDbCircle
 10
600.0
 20
1400.0
 30
0.0
 40
4.0
  0
POINT
  5
361
330
17
100
AcDbEntity
  8
PERCAGES
100
AcDbPoint
 10
600.0
 20
1400.0
 30
0.0
  0
CIRCLE
  5
362
330
17
100
AcDbEntity
  8
EMPRISE_SUSPENSION
 62
30
100
AcDbCircle
 10
600.0
 20
1400.0
 30
0.0
 40
25.0
  0
TEXT
  5
363
330
17
100
AcDbEntity
  8
REPERES
100
AcDbText
 10
600.0
 20
1430.0
 30
0.0
 40
11.0
  1
J03
 72
1
 11
600.0
 21
1430.0
 31
0.0
100
AcDbText
 73
1
  0
TEXT
  5
364
330
17
100
AcDbEntity
  8
LONGUEURS_FIL
100
AcDbText
 10
600.0
 20
1370.0
 30
0.0
 40
15.0
  1
323
 72
1
 11
600.0
 21
1370.0
 31
0.0
100
AcDbText
 73
3
  0
CIRCLE
  5
365
330
17
100
AcDbEntity
  8
PERCAGES
100
AcDbCircle
 10
800.0
 20
1400.0
 30
0.0
 40
4.0
  0
POINT
  5
366
330
17
100
AcDbEntity
  8
PERCAGES
100
AcDbPoint
 10
800.0
 20
1400.0
 30
0.0
  0
CIRCLE
  5
367
330
17
100
AcDbEntity
  8
EMPRISE_SUSPENSION
 62
20
100
AcDbCircle
 10
800.0
 20
1400.0
 30
0.0
 40
25.0
  0
TEXT
  5
368
330
17
100
AcDbEntity
  8
REPERES
100
AcDbText
 10
800.0
 20
1430.0
 30
0.0
 40
11.0
  1
J04
 72
1
 11
800.0
 21
1430.0
 31
0.0
100
AcDbText
 73
1
  0
TEXT
  5
369
330
17
100
AcDbEntity
  8
LONGUEURS_FIL
100
AcDbText
 10
800.0
 20
1370.0
 30
0.0
 40
15.0
  1
416
 72
1
 11
800.0
 21
1370.0
 31
0.0
100
AcDbText
 73
3
  0
CIRCLE
  5
36A
330
17
100
AcDbEntity
  8
PERCAGES
100
AcDbCircle
 10
1000.0
 20
1400.0
 30
0.0
 40
4.0
  0
POINT
  5
36B
330
17
100
AcDbEntity
  8
PERCAGES
100
AcDbPoint
 10
1000.0
 20
1400.0
 30
0.0
  0
CIRCLE
  5
36C
330
17
100
AcDbEntity
  8
EMPRISE_SUSPENSION
 62
20
100
AcDbCircle
 10
1000.0
 20
1400.0
 30
0.0
 40
25.0
  0
TEXT
  5
36D
330
17
100
AcDbEntity
  8
REPERES
100
AcDbText
 10
1000.0
 20
1430.0
 30
0.0
 40
11.0
  1
J05
 72
1
 11
1000.0
 21
1430.0
 31
0.0
100
AcDbText
 73
1
  0
TEXT
  5
36E
330
17
100
AcDbEntity
  8
LONGUEURS_FIL
100
AcDbText
 10
1000.0
 20
1370.0
 30
0.0
 40
15.0
  1
501
 72
1
 11
1000.0
 21
1370.0
 31
0.0
100
AcDbText
 73
3
  0
CIRCLE
  5
36F
330
17
100
AcDbEntity
  8
PERCAGES
100
AcDbCircle
 10
1200.0
 20
1400.0
 30
0.0
 40
4.0
  0
POINT
  5
370
330
17
100
AcDbEntity
  8
PERCAGES
100
AcDbPoint
 10
1200.0
 20
1400.0
 30
0.0
  0
CIRCLE
  5
371
330
17
100
AcDbEntity
  8
EMPRISE_SUSPENSION
 62
40
100
AcDbCircle
 10
1200.0
 20
1400.0
 30
0.0
 40
25.0
  0
TEXT
  5
372
330
17
100
AcDbEntity
  8
REPERES
100
AcDbText
 10
1200.0
 20
1430.0
 30
0.0
 40
11.0
  1
J06
 72
1
 11
1200.0
 21
1430.0
 31
0.0
100
AcDbText
 73
1
  0
TEXT
  5
373
330
17
100
AcDbEntity
  8
LONGUEURS_FIL
100
AcDbText
 10
1200.0
 20
1370.0
 30
0.0
 40
15.0
  1
261
 72
1
 11
1200.0
 21
1370.0
 31
0.0
100
AcDbText
 73
3
  0
CIRCLE
  5
374
330
17
100
AcDbEntity
  8
PERCAGES
100
AcDbCircle
 10
1400.0
 20
1400.0
 30
0.0
 40
4.0
  0
POINT
  5
375
330
17
100
AcDbEntity
  8
PERCAGES
100
AcDbPoint
 10
1400.0
 20
1400.0
 30
0.0
  0
CIRCLE
  5
376
330
17
100
AcDbEntity
  8
EMPRISE_SUSPENSION
 62
2
100
AcDbCircle
 10
1400.0
 20
1400.0
 30
0.0
 40
25.0
  0
TEXT
  5
377
330
17
100
AcDbEntity
  8
REPERES
100
AcDbText
 10
1400.0
 20
1430.0
 30
0.0
 40
11.0
  1
J07
 72
1
 11
1400.0
 21
1430.0
 31
0.0
100
AcDbText
 73
1
  0
TEXT
  5
378
330
17
100
AcDbEntity
  8
LONGUEURS_FIL
100
AcDbText
 10
1400.0
 20
1370.0
 30
0.0
 40
15.0
  1
147
 72
1
 11
1400.0
 21
1370.0
 31
0.0
100
AcDbText
 73
3
  0
CIRCLE
  5
379
330
17
100
AcDbEntity
  8
PERCAGES
100
AcDbCircle
 10
1600.0
 20
1400.0
 30
0.0
 40
4.0
  0
POINT
  5
37A
330
17
100
AcDbEntity
  8
PERCAGES
100
AcDbPoint
 10
1600.0
 20
1400.0
 30
0.0
  0
CIRCLE
  5
37B
330
17
100
AcDbEntity
  8
EMPRISE_SUSPENSION
 62
1
100
AcDbCircle
 10
1600.0
 20
1400.0
 30
0.0
 40
25.0
  0
TEXT
  5
37C
330
17
100
AcDbEntity
  8
REPERES
100
AcDbText
 10
1600.0
 20
1430.0
 30
0.0
 40
11.0
  1
J08
 72
1
 11
1600.0
 21
1430.0
 31
0.0
100
AcDbText
 73
1
  0
TEXT
  5
37D
330
17
100
AcDbEntity
  8
LONGUEURS_FIL
100
AcDbText
 10
1600.0
 20
1370.0
 30
0.0
 40
15.0
  1
548
 72
1
 11
1600.0
 21
1370.0
 31
0.0
100
AcDbText
 73
3
  0
CIRCLE
  5
37E
330
17
100
AcDbEntity
  8
PERCAGES
100
AcDbCircle
 10
1800.0
 20
1400.0
 30
0.0
 40
4.0
  0
POINT
  5
37F
330
17
100
AcDbEntity
  8
PERCAGES
100
AcDbPoint
 10
1800.0
 20
1400.0
 30
0.0
  0
CIRCLE
  5
380
330
17
100
AcDbEntity
  8
EMPRISE_SUSPENSION
 62
2
100
AcDbCircle
 10
1800.0
 20
1400.0
 30
0.0
 40
25.0
  0
TEXT
  5
381
330
17
100
AcDbEntity
  8
REPERES
100
AcDbText
 10
1800.0
 20
1430.0
 30
0.0
 40
11.0
  1
J09
 72
1
 11
1800.0
 21
1430.0
 31
0.0
100
AcDbText
 73
1
  0
TEXT
  5
382
330
17
100
AcDbEntity
  8
LONGUEURS_FIL
100
AcDbText
 10
1800.0
 20
1370.0
 30
0.0
 40
15.0
  1
193
 72
1
 11
1800.0
 21
1370.0
 31
0.0
100
AcDbText
 73
3
  0
CIRCLE
  5
383
330
17
100
AcDbEntity
  8
PERCAGES
100
AcDbCircle
 10
2000.0
 20
1400.0
 30
0.0
 40
4.0
  0
POINT
  5
384
330
17
100
AcDbEntity
  8
PERCAGES
100
AcDbPoint
 10
2000.0
 20
1400.0
 30
0.0
  0
CIRCLE
  5
385
330
17
100
AcDbEntity
  8
EMPRISE_SUSPENSION
 62
20
100
AcDbCircle
 10
2000.0
 20
1400.0
 30
0.0
 40
25.0
  0
TEXT
  5
386
330
17
100
AcDbEntity
  8
REPERES
100
AcDbText
 10
2000.0
 20
1430.0
 30
0.0
 40
11.0
  1
J10
 72
1
 11
2000.0
 21
1430.0
 31
0.0
100
AcDbText
 73
1
  0
TEXT
  5
387
330
17
100
AcDbEntity
  8
LONGUEURS_FIL
100
AcDbText
 10
2000.0
 20
1370.0
 30
0.0
 40
15.0
  1
440
 72
1
 11
2000.0
 21
1370.0
 31
0.0
100
AcDbText
 73
3
  0
CIRCLE
  5
388
330
17
100
AcDbEntity
  8
PERCAGES
100
AcDbCircle
 10
2200.0
 20
1400.0
 30
0.0
 40
4.0
  0
POINT
  5
389
330
17
100
AcDbEntity
  8
PERCAGES
100
AcDbPoint
 10
2200.0
 20
1400.0
 30
0.0
  0
CIRCLE
  5
38A
330
17
100
AcDbEntity
  8
EMPRISE_SUSPENSION
 62
40
100
AcDbCircle
 10
2200.0
 20
1400.0
 30
0.0
 40
25.0
  0
TEXT
  5
38B
330
17
100
AcDbEntity
  8
REPERES
100
AcDbText
 10
2200.0
 20
1430.0
 30
0.0
 40
11.0
  1
J11
 72
1
 11
2200.0
 21
1430.0
 31
0.0
100
AcDbText
 73
1
  0
TEXT
  5
38C
330
17
100
AcDbEntity
  8
LONGUEURS_FIL
100
AcDbText
 10
2200.0
 20
1370.0
 30
0.0
 40
15.0
  1
301
 72
1
 11
2200.0
 21
1370.0
 31
0.0
100
AcDbText
 73
3
  0
CIRCLE
  5
38D
330
17
100
AcDbEntity
  8
PERCAGES
100
AcDbCircle
 10
2400.0
 20
1400.0
 30
0.0
 40
4.0
  0
POINT
  5
38E
330
17
100
AcDbEntity
  8
PERCAGES
100
AcDbPoint
 10
2400.0
 20
1400.0
 30
0.0
  0
CIRCLE
  5
38F
330
17
100
AcDbEntity
  8
EMPRISE_SUSPENSION
 62
20
100
AcDbCircle
 10
2400.0
 20
1400.0
 30
0.0
 40
25.0
  0
TEXT
  5
390
330
17
100
AcDbEntity
  8
REPERES
100
AcDbText
 10
2400.0
 20
1430.0
 30
0.0
 40
11.0
  1
J12
 72
1
 11
2400.0
 21
1430.0
 31
0.0
100
AcDbText
 73
1
  0
TEXT
  5
391
330
17
100
AcDbEntity
  8
LONGUEURS_FIL
100
AcDbText
 10
2400.0
 20
1370.0
 30
0.0
 40
15.0
  1
476
 72
1
 11
2400.0
 21
1370.0
 31
0.0
100
AcDbText
 73
3
  0
CIRCLE
  5
392
330
17
100
AcDbEntity
  8
PERCAGES
100
AcDbCircle
 10
2600.0
 20
1400.0
 30
0.0
 40
4.0
  0
POINT
  5
393
330
17
100
AcDbEntity
  8
PERCAGES
100
AcDbPoint
 10
2600.0
 20
1400.0
 30
0.0
  0
CIRCLE
  5
394
330
17
100
AcDbEntity
  8
EMPRISE_SUSPENSION
 62
30
100
AcDbCircle
 10
2600.0
 20
1400.0
 30
0.0
 40
25.0
  0
TEXT
  5
395
330
17
100
AcDbEntity
  8
REPERES
100
AcDbText
 10
2600.0
 20
1430.0
 30
0.0
 40
11.0
  1
J13
 72
1
 11
2600.0
 21
1430.0
 31
0.0
100
AcDbText
 73
1
  0
TEXT
  5
396
330
17
100
AcDbEntity
  8
LONGUEURS_FIL
100
AcDbText
 10
2600.0
 20
1370.0
 30
0.0
 40
15.0
  1
398
 72
1
 11
2600.0
 21
1370.0
 31
0.0
100
AcDbText
 73
3
  0
CIRCLE
  5
397
330
17
100
AcDbEntity
  8
PERCAGES
100
AcDbCircle
 10
2800.0
 20
1400.0
 30
0.0
 40
4.0
  0
POINT
  5
398
330
17
100
AcDbEntity
  8
PERCAGES
100
AcDbPoint
 10
2800.0
 20
1400.0
 30
0.0
  0
CIRCLE
  5
399
330
17
100
AcDbEntity
  8
EMPRISE_SUSPENSION
 62
40
100
AcDbCircle
 10
2800.0
 20
1400.0
 30
0.0
 40
25.0
  0
TEXT
  5
39A
330
17
100
AcDbEntity
  8
REPERES
100
AcDbText
 10
2800.0
 20
1430.0
 30
0.0
 40
11.0
  1
J14
 72
1
 11
2800.0
 21
1430.0
 31
0.0
100
AcDbText
 73
1
  0
TEXT
  5
39B
330
17
100
AcDbEntity
  8
LONGUEURS_FIL
100
AcDbText
 10
2800.0
 20
1370.0
 30
0.0
 40
15.0
  1
278
 72
1
 11
2800.0
 21
1370.0
 31
0.0
100
AcDbText
 73
3
  0
CIRCLE
  5
39C
330
17
100
AcDbEntity
  8
PERCAGES
100
AcDbCircle
 10
100.0
 20
1300.0
 30
0.0
 40
4.0
  0
POINT
  5
39D
330
17
100
AcDbEntity
  8
PERCAGES
100
AcDbPoint
 10
100.0
 20
1300.0
 30
0.0
  0
CIRCLE
  5
39E
330
17
100
AcDbEntity
  8
EMPRISE_SUSPENSION
 62
40
100
AcDbCircle
 10
100.0
 20
1300.0
 30
0.0
 40
25.0
  0
TEXT
  5
39F
330
17
100
AcDbEntity
  8
REPERES
100
AcDbText
 10
100.0
 20
1330.0
 30
0.0
 40
11.0
  1
K01
 72
1
 11
100.0
 21
1330.0
 31
0.0
100
AcDbText
 73
1
  0
TEXT
  5
3A0
330
17
100
AcDbEntity
  8
LONGUEURS_FIL
100
AcDbText
 10
100.0
 20
1270.0
 30
0.0
 40
15.0
  1
250
 72
1
 11
100.0
 21
1270.0
 31
0.0
100
AcDbText
 73
3
  0
CIRCLE
  5
3A1
330
17
100
AcDbEntity
  8
PERCAGES
100
AcDbCircle
 10
300.0
 20
1300.0
 30
0.0
 40
4.0
  0
POINT
  5
3A2
330
17
100
AcDbEntity
  8
PERCAGES
100
AcDbPoint
 10
300.0
 20
1300.0
 30
0.0
  0
CIRCLE
  5
3A3
330
17
100
AcDbEntity
  8
EMPRISE_SUSPENSION
 62
1
100
AcDbCircle
 10
300.0
 20
1300.0
 30
0.0
 40
25.0
  0
TEXT
  5
3A4
330
17
100
AcDbEntity
  8
REPERES
100
AcDbText
 10
300.0
 20
1330.0
 30
0.0
 40
11.0
  1
K02
 72
1
 11
300.0
 21
1330.0
 31
0.0
100
AcDbText
 73
1
  0
TEXT
  5
3A5
330
17
100
AcDbEntity
  8
LONGUEURS_FIL
100
AcDbText
 10
300.0
 20
1270.0
 30
0.0
 40
15.0
  1
531
 72
1
 11
300.0
 21
1270.0
 31
0.0
100
AcDbText
 73
3
  0
CIRCLE
  5
3A6
330
17
100
AcDbEntity
  8
PERCAGES
100
AcDbCircle
 10
500.0
 20
1300.0
 30
0.0
 40
4.0
  0
POINT
  5
3A7
330
17
100
AcDbEntity
  8
PERCAGES
100
AcDbPoint
 10
500.0
 20
1300.0
 30
0.0
  0
CIRCLE
  5
3A8
330
17
100
AcDbEntity
  8
EMPRISE_SUSPENSION
 62
20
100
AcDbCircle
 10
500.0
 20
1300.0
 30
0.0
 40
25.0
  0
TEXT
  5
3A9
330
17
100
AcDbEntity
  8
REPERES
100
AcDbText
 10
500.0
 20
1330.0
 30
0.0
 40
11.0
  1
K03
 72
1
 11
500.0
 21
1330.0
 31
0.0
100
AcDbText
 73
1
  0
TEXT
  5
3AA
330
17
100
AcDbEntity
  8
LONGUEURS_FIL
100
AcDbText
 10
500.0
 20
1270.0
 30
0.0
 40
15.0
  1
431
 72
1
 11
500.0
 21
1270.0
 31
0.0
100
AcDbText
 73
3
  0
CIRCLE
  5
3AB
330
17
100
AcDbEntity
  8
PERCAGES
100
AcDbCircle
 10
700.0
 20
1300.0
 30
0.0
 40
4.0
  0
POINT
  5
3AC
330
17
100
AcDbEntity
  8
PERCAGES
100
AcDbPoint
 10
700.0
 20
1300.0
 30
0.0
  0
CIRCLE
  5
3AD
330
17
100
AcDbEntity
  8
EMPRISE_SUSPENSION
 62
40
100
AcDbCircle
 10
700.0
 20
1300.0
 30
0.0
 40
25.0
  0
TEXT
  5
3AE
330
17
100
AcDbEntity
  8
REPERES
100
AcDbText
 10
700.0
 20
1330.0
 30
0.0
 40
11.0
  1
K04
 72
1
 11
700.0
 21
1330.0
 31
0.0
100
AcDbText
 73
1
  0
TEXT
  5
3AF
330
17
100
AcDbEntity
  8
LONGUEURS_FIL
100
AcDbText
 10
700.0
 20
1270.0
 30
0.0
 40
15.0
  1
226
 72
1
 11
700.0
 21
1270.0
 31
0.0
100
AcDbText
 73
3
  0
CIRCLE
  5
3B0
330
17
100
AcDbEntity
  8
PERCAGES
100
AcDbCircle
 10
900.0
 20
1300.0
 30
0.0
 40
4.0
  0
POINT
  5
3B1
330
17
100
AcDbEntity
  8
PERCAGES
100
AcDbPoint
 10
900.0
 20
1300.0
 30
0.0
  0
CIRCLE
  5
3B2
330
17
100
AcDbEntity
  8
EMPRISE_SUSPENSION
 62
2
100
AcDbCircle
 10
900.0
 20
1300.0
 30
0.0
 40
25.0
  0
TEXT
  5
3B3
330
17
100
AcDbEntity
  8
REPERES
100
AcDbText
 10
900.0
 20
1330.0
 30
0.0
 40
11.0
  1
K05
 72
1
 11
900.0
 21
1330.0
 31
0.0
100
AcDbText
 73
1
  0
TEXT
  5
3B4
330
17
100
AcDbEntity
  8
LONGUEURS_FIL
100
AcDbText
 10
900.0
 20
1270.0
 30
0.0
 40
15.0
  1
125
 72
1
 11
900.0
 21
1270.0
 31
0.0
100
AcDbText
 73
3
  0
CIRCLE
  5
3B5
330
17
100
AcDbEntity
  8
PERCAGES
100
AcDbCircle
 10
1100.0
 20
1300.0
 30
0.0
 40
4.0
  0
POINT
  5
3B6
330
17
100
AcDbEntity
  8
PERCAGES
100
AcDbPoint
 10
1100.0
 20
1300.0
 30
0.0
  0
CIRCLE
  5
3B7
330
17
100
AcDbEntity
  8
EMPRISE_SUSPENSION
 62
20
100
AcDbCircle
 10
1100.0
 20
1300.0
 30
0.0
 40
25.0
  0
TEXT
  5
3B8
330
17
100
AcDbEntity
  8
REPERES
100
AcDbText
 10
1100.0
 20
1330.0
 30
0.0
 40
11.0
  1
K06
 72
1
 11
1100.0
 21
1330.0
 31
0.0
100
AcDbText
 73
1
  0
TEXT
  5
3B9
330
17
100
AcDbEntity
  8
LONGUEURS_FIL
100
AcDbText
 10
1100.0
 20
1270.0
 30
0.0
 40
15.0
  1
417
 72
1
 11
1100.0
 21
1270.0
 31
0.0
100
AcDbText
 73
3
  0
CIRCLE
  5
3BA
330
17
100
AcDbEntity
  8
PERCAGES
100
AcDbCircle
 10
1300.0
 20
1300.0
 30
0.0
 40
4.0
  0
POINT
  5
3BB
330
17
100
AcDbEntity
  8
PERCAGES
100
AcDbPoint
 10
1300.0
 20
1300.0
 30
0.0
  0
CIRCLE
  5
3BC
330
17
100
AcDbEntity
  8
EMPRISE_SUSPENSION
 62
20
100
AcDbCircle
 10
1300.0
 20
1300.0
 30
0.0
 40
25.0
  0
TEXT
  5
3BD
330
17
100
AcDbEntity
  8
REPERES
100
AcDbText
 10
1300.0
 20
1330.0
 30
0.0
 40
11.0
  1
K07
 72
1
 11
1300.0
 21
1330.0
 31
0.0
100
AcDbText
 73
1
  0
TEXT
  5
3BE
330
17
100
AcDbEntity
  8
LONGUEURS_FIL
100
AcDbText
 10
1300.0
 20
1270.0
 30
0.0
 40
15.0
  1
494
 72
1
 11
1300.0
 21
1270.0
 31
0.0
100
AcDbText
 73
3
  0
CIRCLE
  5
3BF
330
17
100
AcDbEntity
  8
PERCAGES
100
AcDbCircle
 10
1500.0
 20
1300.0
 30
0.0
 40
4.0
  0
POINT
  5
3C0
330
17
100
AcDbEntity
  8
PERCAGES
100
AcDbPoint
 10
1500.0
 20
1300.0
 30
0.0
  0
CIRCLE
  5
3C1
330
17
100
AcDbEntity
  8
EMPRISE_SUSPENSION
 62
40
100
AcDbCircle
 10
1500.0
 20
1300.0
 30
0.0
 40
25.0
  0
TEXT
  5
3C2
330
17
100
AcDbEntity
  8
REPERES
100
AcDbText
 10
1500.0
 20
1330.0
 30
0.0
 40
11.0
  1
K08
 72
1
 11
1500.0
 21
1330.0
 31
0.0
100
AcDbText
 73
1
  0
TEXT
  5
3C3
330
17
100
AcDbEntity
  8
LONGUEURS_FIL
100
AcDbText
 10
1500.0
 20
1270.0
 30
0.0
 40
15.0
  1
240
 72
1
 11
1500.0
 21
1270.0
 31
0.0
100
AcDbText
 73
3
  0
CIRCLE
  5
3C4
330
17
100
AcDbEntity
  8
PERCAGES
100
AcDbCircle
 10
1700.0
 20
1300.0
 30
0.0
 40
4.0
  0
POINT
  5
3C5
330
17
100
AcDbEntity
  8
PERCAGES
100
AcDbPoint
 10
1700.0
 20
1300.0
 30
0.0
  0
CIRCLE
  5
3C6
330
17
100
AcDbEntity
  8
EMPRISE_SUSPENSION
 62
20
100
AcDbCircle
 10
1700.0
 20
1300.0
 30
0.0
 40
25.0
  0
TEXT
  5
3C7
330
17
100
AcDbEntity
  8
REPERES
100
AcDbText
 10
1700.0
 20
1330.0
 30
0.0
 40
11.0
  1
K09
 72
1
 11
1700.0
 21
1330.0
 31
0.0
100
AcDbText
 73
1
  0
TEXT
  5
3C8
330
17
100
AcDbEntity
  8
LONGUEURS_FIL
100
AcDbText
 10
1700.0
 20
1270.0
 30
0.0
 40
15.0
  1
457
 72
1
 11
1700.0
 21
1270.0
 31
0.0
100
AcDbText
 73
3
  0
CIRCLE
  5
3C9
330
17
100
AcDbEntity
  8
PERCAGES
100
AcDbCircle
 10
1900.0
 20
1300.0
 30
0.0
 40
4.0
  0
POINT
  5
3CA
330
17
100
AcDbEntity
  8
PERCAGES
100
AcDbPoint
 10
1900.0
 20
1300.0
 30
0.0
  0
CIRCLE
  5
3CB
330
17
100
AcDbEntity
  8
EMPRISE_SUSPENSION
 62
30
100
AcDbCircle
 10
1900.0
 20
1300.0
 30
0.0
 40
25.0
  0
TEXT
  5
3CC
330
17
100
AcDbEntity
  8
REPERES
100
AcDbText
 10
1900.0
 20
1330.0
 30
0.0
 40
11.0
  1
K10
 72
1
 11
1900.0
 21
1330.0
 31
0.0
100
AcDbText
 73
1
  0
TEXT
  5
3CD
330
17
100
AcDbEntity
  8
LONGUEURS_FIL
100
AcDbText
 10
1900.0
 20
1270.0
 30
0.0
 40
15.0
  1
316
 72
1
 11
1900.0
 21
1270.0
 31
0.0
100
AcDbText
 73
3
  0
CIRCLE
  5
3CE
330
17
100
AcDbEntity
  8
PERCAGES
100
AcDbCircle
 10
2100.0
 20
1300.0
 30
0.0
 40
4.0
  0
POINT
  5
3CF
330
17
100
AcDbEntity
  8
PERCAGES
100
AcDbPoint
 10
2100.0
 20
1300.0
 30
0.0
  0
CIRCLE
  5
3D0
330
17
100
AcDbEntity
  8
EMPRISE_SUSPENSION
 62
1
100
AcDbCircle
 10
2100.0
 20
1300.0
 30
0.0
 40
25.0
  0
TEXT
  5
3D1
330
17
100
AcDbEntity
  8
REPERES
100
AcDbText
 10
2100.0
 20
1330.0
 30
0.0
 40
11.0
  1
K11
 72
1
 11
2100.0
 21
1330.0
 31
0.0
100
AcDbText
 73
1
  0
TEXT
  5
3D2
330
17
100
AcDbEntity
  8
LONGUEURS_FIL
100
AcDbText
 10
2100.0
 20
1270.0
 30
0.0
 40
15.0
  1
594
 72
1
 11
2100.0
 21
1270.0
 31
0.0
100
AcDbText
 73
3
  0
CIRCLE
  5
3D3
330
17
100
AcDbEntity
  8
PERCAGES
100
AcDbCircle
 10
2300.0
 20
1300.0
 30
0.0
 40
4.0
  0
POINT
  5
3D4
330
17
100
AcDbEntity
  8
PERCAGES
100
AcDbPoint
 10
2300.0
 20
1300.0
 30
0.0
  0
CIRCLE
  5
3D5
330
17
100
AcDbEntity
  8
EMPRISE_SUSPENSION
 62
2
100
AcDbCircle
 10
2300.0
 20
1300.0
 30
0.0
 40
25.0
  0
TEXT
  5
3D6
330
17
100
AcDbEntity
  8
REPERES
100
AcDbText
 10
2300.0
 20
1330.0
 30
0.0
 40
11.0
  1
K12
 72
1
 11
2300.0
 21
1330.0
 31
0.0
100
AcDbText
 73
1
  0
TEXT
  5
3D7
330
17
100
AcDbEntity
  8
LONGUEURS_FIL
100
AcDbText
 10
2300.0
 20
1270.0
 30
0.0
 40
15.0
  1
130
 72
1
 11
2300.0
 21
1270.0
 31
0.0
100
AcDbText
 73
3
  0
CIRCLE
  5
3D8
330
17
100
AcDbEntity
  8
PERCAGES
100
AcDbCircle
 10
2500.0
 20
1300.0
 30
0.0
 40
4.0
  0
POINT
  5
3D9
330
17
100
AcDbEntity
  8
PERCAGES
100
AcDbPoint
 10
2500.0
 20
1300.0
 30
0.0
  0
CIRCLE
  5
3DA
330
17
100
AcDbEntity
  8
EMPRISE_SUSPENSION
 62
40
100
AcDbCircle
 10
2500.0
 20
1300.0
 30
0.0
 40
25.0
  0
TEXT
  5
3DB
330
17
100
AcDbEntity
  8
REPERES
100
AcDbText
 10
2500.0
 20
1330.0
 30
0.0
 40
11.0
  1
K13
 72
1
 11
2500.0
 21
1330.0
 31
0.0
100
AcDbText
 73
1
  0
TEXT
  5
3DC
330
17
100
AcDbEntity
  8
LONGUEURS_FIL
100
AcDbText
 10
2500.0
 20
1270.0
 30
0.0
 40
15.0
  1
228
 72
1
 11
2500.0
 21
1270.0
 31
0.0
100
AcDbText
 73
3
  0
CIRCLE
  5
3DD
330
17
100
AcDbEntity
  8
PERCAGES
100
AcDbCircle
 10
2700.0
 20
1300.0
 30
0.0
 40
4.0
  0
POINT
  5
3DE
330
17
100
AcDbEntity
  8
PERCAGES
100
AcDbPoint
 10
2700.0
 20
1300.0
 30
0.0
  0
CIRCLE
  5
3DF
330
17
100
AcDbEntity
  8
EMPRISE_SUSPENSION
 62
2
100
AcDbCircle
 10
2700.0
 20
1300.0
 30
0.0
 40
25.0
  0
TEXT
  5
3E0
330
17
100
AcDbEntity
  8
REPERES
100
AcDbText
 10
2700.0
 20
1330.0
 30
0.0
 40
11.0
  1
K14
 72
1
 11
2700.0
 21
1330.0
 31
0.0
100
AcDbText
 73
1
  0
TEXT
  5
3E1
330
17
100
AcDbEntity
  8
LONGUEURS_FIL
100
AcDbText
 10
2700.0
 20
1270.0
 30
0.0
 40
15.0
  1
154
 72
1
 11
2700.0
 21
1270.0
 31
0.0
100
AcDbText
 73
3
  0
CIRCLE
  5
3E2
330
17
100
AcDbEntity
  8
PERCAGES
100
AcDbCircle
 10
2900.0
 20
1300.0
 30
0.0
 40
4.0
  0
POINT
  5
3E3
330
17
100
AcDbEntity
  8
PERCAGES
100
AcDbPoint
 10
2900.0
 20
1300.0
 30
0.0
  0
CIRCLE
  5
3E4
330
17
100
AcDbEntity
  8
EMPRISE_SUSPENSION
 62
30
100
AcDbCircle
 10
2900.0
 20
1300.0
 30
0.0
 40
25.0
  0
TEXT
  5
3E5
330
17
100
AcDbEntity
  8
REPERES
100
AcDbText
 10
2900.0
 20
1330.0
 30
0.0
 40
11.0
  1
K15
 72
1
 11
2900.0
 21
1330.0
 31
0.0
100
AcDbText
 73
1
  0
TEXT
  5
3E6
330
17
100
AcDbEntity
  8
LONGUEURS_FIL
100
AcDbText
 10
2900.0
 20
1270.0
 30
0.0
 40
15.0
  1
384
 72
1
 11
2900.0
 21
1270.0
 31
0.0
100
AcDbText
 73
3
  0
CIRCLE
  5
3E7
330
17
100
AcDbEntity
  8
PERCAGES
100
AcDbCircle
 10
200.0
 20
1200.0
 30
0.0
 40
4.0
  0
POINT
  5
3E8
330
17
100
AcDbEntity
  8
PERCAGES
100
AcDbPoint
 10
200.0
 20
1200.0
 30
0.0
  0
CIRCLE
  5
3E9
330
17
100
AcDbEntity
  8
EMPRISE_SUSPENSION
 62
20
100
AcDbCircle
 10
200.0
 20
1200.0
 30
0.0
 40
25.0
  0
TEXT
  5
3EA
330
17
100
AcDbEntity
  8
REPERES
100
AcDbText
 10
200.0
 20
1230.0
 30
0.0
 40
11.0
  1
L01
 72
1
 11
200.0
 21
1230.0
 31
0.0
100
AcDbText
 73
1
  0
TEXT
  5
3EB
330
17
100
AcDbEntity
  8
LONGUEURS_FIL
100
AcDbText
 10
200.0
 20
1170.0
 30
0.0
 40
15.0
  1
431
 72
1
 11
200.0
 21
1170.0
 31
0.0
100
AcDbText
 73
3
  0
CIRCLE
  5
3EC
330
17
100
AcDbEntity
  8
PERCAGES
100
AcDbCircle
 10
400.0
 20
1200.0
 30
0.0
 40
4.0
  0
POINT
  5
3ED
330
17
100
AcDbEntity
  8
PERCAGES
100
AcDbPoint
 10
400.0
 20
1200.0
 30
0.0
  0
CIRCLE
  5
3EE
330
17
100
AcDbEntity
  8
EMPRISE_SUSPENSION
 62
2
100
AcDbCircle
 10
400.0
 20
1200.0
 30
0.0
 40
25.0
  0
TEXT
  5
3EF
330
17
100
AcDbEntity
  8
REPERES
100
AcDbText
 10
400.0
 20
1230.0
 30
0.0
 40
11.0
  1
L02
 72
1
 11
400.0
 21
1230.0
 31
0.0
100
AcDbText
 73
1
  0
TEXT
  5
3F0
330
17
100
AcDbEntity
  8
LONGUEURS_FIL
100
AcDbText
 10
400.0
 20
1170.0
 30
0.0
 40
15.0
  1
171
 72
1
 11
400.0
 21
1170.0
 31
0.0
100
AcDbText
 73
3
  0
CIRCLE
  5
3F1
330
17
100
AcDbEntity
  8
PERCAGES
100
AcDbCircle
 10
600.0
 20
1200.0
 30
0.0
 40
4.0
  0
POINT
  5
3F2
330
17
100
AcDbEntity
  8
PERCAGES
100
AcDbPoint
 10
600.0
 20
1200.0
 30
0.0
  0
CIRCLE
  5
3F3
330
17
100
AcDbEntity
  8
EMPRISE_SUSPENSION
 62
2
100
AcDbCircle
 10
600.0
 20
1200.0
 30
0.0
 40
25.0
  0
TEXT
  5
3F4
330
17
100
AcDbEntity
  8
REPERES
100
AcDbText
 10
600.0
 20
1230.0
 30
0.0
 40
11.0
  1
L03
 72
1
 11
600.0
 21
1230.0
 31
0.0
100
AcDbText
 73
1
  0
TEXT
  5
3F5
330
17
100
AcDbEntity
  8
LONGUEURS_FIL
100
AcDbText
 10
600.0
 20
1170.0
 30
0.0
 40
15.0
  1
105
 72
1
 11
600.0
 21
1170.0
 31
0.0
100
AcDbText
 73
3
  0
CIRCLE
  5
3F6
330
17
100
AcDbEntity
  8
PERCAGES
100
AcDbCircle
 10
800.0
 20
1200.0
 30
0.0
 40
4.0
  0
POINT
  5
3F7
330
17
100
AcDbEntity
  8
PERCAGES
100
AcDbPoint
 10
800.0
 20
1200.0
 30
0.0
  0
CIRCLE
  5
3F8
330
17
100
AcDbEntity
  8
EMPRISE_SUSPENSION
 62
1
100
AcDbCircle
 10
800.0
 20
1200.0
 30
0.0
 40
25.0
  0
TEXT
  5
3F9
330
17
100
AcDbEntity
  8
REPERES
100
AcDbText
 10
800.0
 20
1230.0
 30
0.0
 40
11.0
  1
L04
 72
1
 11
800.0
 21
1230.0
 31
0.0
100
AcDbText
 73
1
  0
TEXT
  5
3FA
330
17
100
AcDbEntity
  8
LONGUEURS_FIL
100
AcDbText
 10
800.0
 20
1170.0
 30
0.0
 40
15.0
  1
591
 72
1
 11
800.0
 21
1170.0
 31
0.0
100
AcDbText
 73
3
  0
CIRCLE
  5
3FB
330
17
100
AcDbEntity
  8
PERCAGES
100
AcDbCircle
 10
1000.0
 20
1200.0
 30
0.0
 40
4.0
  0
POINT
  5
3FC
330
17
100
AcDbEntity
  8
PERCAGES
100
AcDbPoint
 10
1000.0
 20
1200.0
 30
0.0
  0
CIRCLE
  5
3FD
330
17
100
AcDbEntity
  8
EMPRISE_SUSPENSION
 62
40
100
AcDbCircle
 10
1000.0
 20
1200.0
 30
0.0
 40
25.0
  0
TEXT
  5
3FE
330
17
100
AcDbEntity
  8
REPERES
100
AcDbText
 10
1000.0
 20
1230.0
 30
0.0
 40
11.0
  1
L05
 72
1
 11
1000.0
 21
1230.0
 31
0.0
100
AcDbText
 73
1
  0
TEXT
  5
3FF
330
17
100
AcDbEntity
  8
LONGUEURS_FIL
100
AcDbText
 10
1000.0
 20
1170.0
 30
0.0
 40
15.0
  1
210
 72
1
 11
1000.0
 21
1170.0
 31
0.0
100
AcDbText
 73
3
  0
CIRCLE
  5
400
330
17
100
AcDbEntity
  8
PERCAGES
100
AcDbCircle
 10
1200.0
 20
1200.0
 30
0.0
 40
4.0
  0
POINT
  5
401
330
17
100
AcDbEntity
  8
PERCAGES
100
AcDbPoint
 10
1200.0
 20
1200.0
 30
0.0
  0
CIRCLE
  5
402
330
17
100
AcDbEntity
  8
EMPRISE_SUSPENSION
 62
30
100
AcDbCircle
 10
1200.0
 20
1200.0
 30
0.0
 40
25.0
  0
TEXT
  5
403
330
17
100
AcDbEntity
  8
REPERES
100
AcDbText
 10
1200.0
 20
1230.0
 30
0.0
 40
11.0
  1
L06
 72
1
 11
1200.0
 21
1230.0
 31
0.0
100
AcDbText
 73
1
  0
TEXT
  5
404
330
17
100
AcDbEntity
  8
LONGUEURS_FIL
100
AcDbText
 10
1200.0
 20
1170.0
 30
0.0
 40
15.0
  1
334
 72
1
 11
1200.0
 21
1170.0
 31
0.0
100
AcDbText
 73
3
  0
CIRCLE
  5
405
330
17
100
AcDbEntity
  8
PERCAGES
100
AcDbCircle
 10
1400.0
 20
1200.0
 30
0.0
 40
4.0
  0
POINT
  5
406
330
17
100
AcDbEntity
  8
PERCAGES
100
AcDbPoint
 10
1400.0
 20
1200.0
 30
0.0
  0
CIRCLE
  5
407
330
17
100
AcDbEntity
  8
EMPRISE_SUSPENSION
 62
20
100
AcDbCircle
 10
1400.0
 20
1200.0
 30
0.0
 40
25.0
  0
TEXT
  5
408
330
17
100
AcDbEntity
  8
REPERES
100
AcDbText
 10
1400.0
 20
1230.0
 30
0.0
 40
11.0
  1
L07
 72
1
 11
1400.0
 21
1230.0
 31
0.0
100
AcDbText
 73
1
  0
TEXT
  5
409
330
17
100
AcDbEntity
  8
LONGUEURS_FIL
100
AcDbText
 10
1400.0
 20
1170.0
 30
0.0
 40
15.0
  1
426
 72
1
 11
1400.0
 21
1170.0
 31
0.0
100
AcDbText
 73
3
  0
CIRCLE
  5
40A
330
17
100
AcDbEntity
  8
PERCAGES
100
AcDbCircle
 10
1600.0
 20
1200.0
 30
0.0
 40
4.0
  0
POINT
  5
40B
330
17
100
AcDbEntity
  8
PERCAGES
100
AcDbPoint
 10
1600.0
 20
1200.0
 30
0.0
  0
CIRCLE
  5
40C
330
17
100
AcDbEntity
  8
EMPRISE_SUSPENSION
 62
30
100
AcDbCircle
 10
1600.0
 20
1200.0
 30
0.0
 40
25.0
  0
TEXT
  5
40D
330
17
100
AcDbEntity
  8
REPERES
100
AcDbText
 10
1600.0
 20
1230.0
 30
0.0
 40
11.0
  1
L08
 72
1
 11
1600.0
 21
1230.0
 31
0.0
100
AcDbText
 73
1
  0
TEXT
  5
40E
330
17
100
AcDbEntity
  8
LONGUEURS_FIL
100
AcDbText
 10
1600.0
 20
1170.0
 30
0.0
 40
15.0
  1
342
 72
1
 11
1600.0
 21
1170.0
 31
0.0
100
AcDbText
 73
3
  0
CIRCLE
  5
40F
330
17
100
AcDbEntity
  8
PERCAGES
100
AcDbCircle
 10
1800.0
 20
1200.0
 30
0.0
 40
4.0
  0
POINT
  5
410
330
17
100
AcDbEntity
  8
PERCAGES
100
AcDbPoint
 10
1800.0
 20
1200.0
 30
0.0
  0
CIRCLE
  5
411
330
17
100
AcDbEntity
  8
EMPRISE_SUSPENSION
 62
40
100
AcDbCircle
 10
1800.0
 20
1200.0
 30
0.0
 40
25.0
  0
TEXT
  5
412
330
17
100
AcDbEntity
  8
REPERES
100
AcDbText
 10
1800.0
 20
1230.0
 30
0.0
 40
11.0
  1
L09
 72
1
 11
1800.0
 21
1230.0
 31
0.0
100
AcDbText
 73
1
  0
TEXT
  5
413
330
17
100
AcDbEntity
  8
LONGUEURS_FIL
100
AcDbText
 10
1800.0
 20
1170.0
 30
0.0
 40
15.0
  1
246
 72
1
 11
1800.0
 21
1170.0
 31
0.0
100
AcDbText
 73
3
  0
CIRCLE
  5
414
330
17
100
AcDbEntity
  8
PERCAGES
100
AcDbCircle
 10
2000.0
 20
1200.0
 30
0.0
 40
4.0
  0
POINT
  5
415
330
17
100
AcDbEntity
  8
PERCAGES
100
AcDbPoint
 10
2000.0
 20
1200.0
 30
0.0
  0
CIRCLE
  5
416
330
17
100
AcDbEntity
  8
EMPRISE_SUSPENSION
 62
20
100
AcDbCircle
 10
2000.0
 20
1200.0
 30
0.0
 40
25.0
  0
TEXT
  5
417
330
17
100
AcDbEntity
  8
REPERES
100
AcDbText
 10
2000.0
 20
1230.0
 30
0.0
 40
11.0
  1
L10
 72
1
 11
2000.0
 21
1230.0
 31
0.0
100
AcDbText
 73
1
  0
TEXT
  5
418
330
17
100
AcDbEntity
  8
LONGUEURS_FIL
100
AcDbText
 10
2000.0
 20
1170.0
 30
0.0
 40
15.0
  1
515
 72
1
 11
2000.0
 21
1170.0
 31
0.0
100
AcDbText
 73
3
  0
CIRCLE
  5
419
330
17
100
AcDbEntity
  8
PERCAGES
100
AcDbCircle
 10
2200.0
 20
1200.0
 30
0.0
 40
4.0
  0
POINT
  5
41A
330
17
100
AcDbEntity
  8
PERCAGES
100
AcDbPoint
 10
2200.0
 20
1200.0
 30
0.0
  0
CIRCLE
  5
41B
330
17
100
AcDbEntity
  8
EMPRISE_SUSPENSION
 62
30
100
AcDbCircle
 10
2200.0
 20
1200.0
 30
0.0
 40
25.0
  0
TEXT
  5
41C
330
17
100
AcDbEntity
  8
REPERES
100
AcDbText
 10
2200.0
 20
1230.0
 30
0.0
 40
11.0
  1
L11
 72
1
 11
2200.0
 21
1230.0
 31
0.0
100
AcDbText
 73
1
  0
TEXT
  5
41D
330
17
100
AcDbEntity
  8
LONGUEURS_FIL
100
AcDbText
 10
2200.0
 20
1170.0
 30
0.0
 40
15.0
  1
394
 72
1
 11
2200.0
 21
1170.0
 31
0.0
100
AcDbText
 73
3
  0
CIRCLE
  5
41E
330
17
100
AcDbEntity
  8
PERCAGES
100
AcDbCircle
 10
2400.0
 20
1200.0
 30
0.0
 40
4.0
  0
POINT
  5
41F
330
17
100
AcDbEntity
  8
PERCAGES
100
AcDbPoint
 10
2400.0
 20
1200.0
 30
0.0
  0
CIRCLE
  5
420
330
17
100
AcDbEntity
  8
EMPRISE_SUSPENSION
 62
1
100
AcDbCircle
 10
2400.0
 20
1200.0
 30
0.0
 40
25.0
  0
TEXT
  5
421
330
17
100
AcDbEntity
  8
REPERES
100
AcDbText
 10
2400.0
 20
1230.0
 30
0.0
 40
11.0
  1
L12
 72
1
 11
2400.0
 21
1230.0
 31
0.0
100
AcDbText
 73
1
  0
TEXT
  5
422
330
17
100
AcDbEntity
  8
LONGUEURS_FIL
100
AcDbText
 10
2400.0
 20
1170.0
 30
0.0
 40
15.0
  1
565
 72
1
 11
2400.0
 21
1170.0
 31
0.0
100
AcDbText
 73
3
  0
CIRCLE
  5
423
330
17
100
AcDbEntity
  8
PERCAGES
100
AcDbCircle
 10
2600.0
 20
1200.0
 30
0.0
 40
4.0
  0
POINT
  5
424
330
17
100
AcDbEntity
  8
PERCAGES
100
AcDbPoint
 10
2600.0
 20
1200.0
 30
0.0
  0
CIRCLE
  5
425
330
17
100
AcDbEntity
  8
EMPRISE_SUSPENSION
 62
30
100
AcDbCircle
 10
2600.0
 20
1200.0
 30
0.0
 40
25.0
  0
TEXT
  5
426
330
17
100
AcDbEntity
  8
REPERES
100
AcDbText
 10
2600.0
 20
1230.0
 30
0.0
 40
11.0
  1
L13
 72
1
 11
2600.0
 21
1230.0
 31
0.0
100
AcDbText
 73
1
  0
TEXT
  5
427
330
17
100
AcDbEntity
  8
LONGUEURS_FIL
100
AcDbText
 10
2600.0
 20
1170.0
 30
0.0
 40
15.0
  1
318
 72
1
 11
2600.0
 21
1170.0
 31
0.0
100
AcDbText
 73
3
  0
CIRCLE
  5
428
330
17
100
AcDbEntity
  8
PERCAGES
100
AcDbCircle
 10
2800.0
 20
1200.0
 30
0.0
 40
4.0
  0
POINT
  5
429
330
17
100
AcDbEntity
  8
PERCAGES
100
AcDbPoint
 10
2800.0
 20
1200.0
 30
0.0
  0
CIRCLE
  5
42A
330
17
100
AcDbEntity
  8
EMPRISE_SUSPENSION
 62
20
100
AcDbCircle
 10
2800.0
 20
1200.0
 30
0.0
 40
25.0
  0
TEXT
  5
42B
330
17
100
AcDbEntity
  8
REPERES
100
AcDbText
 10
2800.0
 20
1230.0
 30
0.0
 40
11.0
  1
L14
 72
1
 11
2800.0
 21
1230.0
 31
0.0
100
AcDbText
 73
1
  0
TEXT
  5
42C
330
17
100
AcDbEntity
  8
LONGUEURS_FIL
100
AcDbText
 10
2800.0
 20
1170.0
 30
0.0
 40
15.0
  1
465
 72
1
 11
2800.0
 21
1170.0
 31
0.0
100
AcDbText
 73
3
  0
CIRCLE
  5
42D
330
17
100
AcDbEntity
  8
PERCAGES
100
AcDbCircle
 10
100.0
 20
1100.0
 30
0.0
 40
4.0
  0
POINT
  5
42E
330
17
100
AcDbEntity
  8
PERCAGES
100
AcDbPoint
 10
100.0
 20
1100.0
 30
0.0
  0
CIRCLE
  5
42F
330
17
100
AcDbEntity
  8
EMPRISE_SUSPENSION
 62
2
100
AcDbCircle
 10
100.0
 20
1100.0
 30
0.0
 40
25.0
  0
TEXT
  5
430
330
17
100
AcDbEntity
  8
REPERES
100
AcDbText
 10
100.0
 20
1130.0
 30
0.0
 40
11.0
  1
M01
 72
1
 11
100.0
 21
1130.0
 31
0.0
100
AcDbText
 73
1
  0
TEXT
  5
431
330
17
100
AcDbEntity
  8
LONGUEURS_FIL
100
AcDbText
 10
100.0
 20
1070.0
 30
0.0
 40
15.0
  1
156
 72
1
 11
100.0
 21
1070.0
 31
0.0
100
AcDbText
 73
3
  0
CIRCLE
  5
432
330
17
100
AcDbEntity
  8
PERCAGES
100
AcDbCircle
 10
300.0
 20
1100.0
 30
0.0
 40
4.0
  0
POINT
  5
433
330
17
100
AcDbEntity
  8
PERCAGES
100
AcDbPoint
 10
300.0
 20
1100.0
 30
0.0
  0
CIRCLE
  5
434
330
17
100
AcDbEntity
  8
EMPRISE_SUSPENSION
 62
30
100
AcDbCircle
 10
300.0
 20
1100.0
 30
0.0
 40
25.0
  0
TEXT
  5
435
330
17
100
AcDbEntity
  8
REPERES
100
AcDbText
 10
300.0
 20
1130.0
 30
0.0
 40
11.0
  1
M02
 72
1
 11
300.0
 21
1130.0
 31
0.0
100
AcDbText
 73
1
  0
TEXT
  5
436
330
17
100
AcDbEntity
  8
LONGUEURS_FIL
100
AcDbText
 10
300.0
 20
1070.0
 30
0.0
 40
15.0
  1
352
 72
1
 11
300.0
 21
1070.0
 31
0.0
100
AcDbText
 73
3
  0
CIRCLE
  5
437
330
17
100
AcDbEntity
  8
PERCAGES
100
AcDbCircle
 10
500.0
 20
1100.0
 30
0.0
 40
4.0
  0
POINT
  5
438
330
17
100
AcDbEntity
  8
PERCAGES
100
AcDbPoint
 10
500.0
 20
1100.0
 30
0.0
  0
CIRCLE
  5
439
330
17
100
AcDbEntity
  8
EMPRISE_SUSPENSION
 62
40
100
AcDbCircle
 10
500.0
 20
1100.0
 30
0.0
 40
25.0
  0
TEXT
  5
43A
330
17
100
AcDbEntity
  8
REPERES
100
AcDbText
 10
500.0
 20
1130.0
 30
0.0
 40
11.0
  1
M03
 72
1
 11
500.0
 21
1130.0
 31
0.0
100
AcDbText
 73
1
  0
TEXT
  5
43B
330
17
100
AcDbEntity
  8
LONGUEURS_FIL
100
AcDbText
 10
500.0
 20
1070.0
 30
0.0
 40
15.0
  1
310
 72
1
 11
500.0
 21
1070.0
 31
0.0
100
AcDbText
 73
3
  0
CIRCLE
  5
43C
330
17
100
AcDbEntity
  8
PERCAGES
100
AcDbCircle
 10
700.0
 20
1100.0
 30
0.0
 40
4.0
  0
POINT
  5
43D
330
17
100
AcDbEntity
  8
PERCAGES
100
AcDbPoint
 10
700.0
 20
1100.0
 30
0.0
  0
CIRCLE
  5
43E
330
17
100
AcDbEntity
  8
EMPRISE_SUSPENSION
 62
20
100
AcDbCircle
 10
700.0
 20
1100.0
 30
0.0
 40
25.0
  0
TEXT
  5
43F
330
17
100
AcDbEntity
  8
REPERES
100
AcDbText
 10
700.0
 20
1130.0
 30
0.0
 40
11.0
  1
M04
 72
1
 11
700.0
 21
1130.0
 31
0.0
100
AcDbText
 73
1
  0
TEXT
  5
440
330
17
100
AcDbEntity
  8
LONGUEURS_FIL
100
AcDbText
 10
700.0
 20
1070.0
 30
0.0
 40
15.0
  1
498
 72
1
 11
700.0
 21
1070.0
 31
0.0
100
AcDbText
 73
3
  0
CIRCLE
  5
441
330
17
100
AcDbEntity
  8
PERCAGES
100
AcDbCircle
 10
900.0
 20
1100.0
 30
0.0
 40
4.0
  0
POINT
  5
442
330
17
100
AcDbEntity
  8
PERCAGES
100
AcDbPoint
 10
900.0
 20
1100.0
 30
0.0
  0
CIRCLE
  5
443
330
17
100
AcDbEntity
  8
EMPRISE_SUSPENSION
 62
30
100
AcDbCircle
 10
900.0
 20
1100.0
 30
0.0
 40
25.0
  0
TEXT
  5
444
330
17
100
AcDbEntity
  8
REPERES
100
AcDbText
 10
900.0
 20
1130.0
 30
0.0
 40
11.0
  1
M05
 72
1
 11
900.0
 21
1130.0
 31
0.0
100
AcDbText
 73
1
  0
TEXT
  5
445
330
17
100
AcDbEntity
  8
LONGUEURS_FIL
100
AcDbText
 10
900.0
 20
1070.0
 30
0.0
 40
15.0
  1
326
 72
1
 11
900.0
 21
1070.0
 31
0.0
100
AcDbText
 73
3
  0
CIRCLE
  5
446
330
17
100
AcDbEntity
  8
PERCAGES
100
AcDbCircle
 10
1100.0
 20
1100.0
 30
0.0
 40
4.0
  0
POINT
  5
447
330
17
100
AcDbEntity
  8
PERCAGES
100
AcDbPoint
 10
1100.0
 20
1100.0
 30
0.0
  0
CIRCLE
  5
448
330
17
100
AcDbEntity
  8
EMPRISE_SUSPENSION
 62
1
100
AcDbCircle
 10
1100.0
 20
1100.0
 30
0.0
 40
25.0
  0
TEXT
  5
449
330
17
100
AcDbEntity
  8
REPERES
100
AcDbText
 10
1100.0
 20
1130.0
 30
0.0
 40
11.0
  1
M06
 72
1
 11
1100.0
 21
1130.0
 31
0.0
100
AcDbText
 73
1
  0
TEXT
  5
44A
330
17
100
AcDbEntity
  8
LONGUEURS_FIL
100
AcDbText
 10
1100.0
 20
1070.0
 30
0.0
 40
15.0
  1
530
 72
1
 11
1100.0
 21
1070.0
 31
0.0
100
AcDbText
 73
3
  0
CIRCLE
  5
44B
330
17
100
AcDbEntity
  8
PERCAGES
100
AcDbCircle
 10
1300.0
 20
1100.0
 30
0.0
 40
4.0
  0
POINT
  5
44C
330
17
100
AcDbEntity
  8
PERCAGES
100
AcDbPoint
 10
1300.0
 20
1100.0
 30
0.0
  0
CIRCLE
  5
44D
330
17
100
AcDbEntity
  8
EMPRISE_SUSPENSION
 62
2
100
AcDbCircle
 10
1300.0
 20
1100.0
 30
0.0
 40
25.0
  0
TEXT
  5
44E
330
17
100
AcDbEntity
  8
REPERES
100
AcDbText
 10
1300.0
 20
1130.0
 30
0.0
 40
11.0
  1
M07
 72
1
 11
1300.0
 21
1130.0
 31
0.0
100
AcDbText
 73
1
  0
TEXT
  5
44F
330
17
100
AcDbEntity
  8
LONGUEURS_FIL
100
AcDbText
 10
1300.0
 20
1070.0
 30
0.0
 40
15.0
  1
140
 72
1
 11
1300.0
 21
1070.0
 31
0.0
100
AcDbText
 73
3
  0
CIRCLE
  5
450
330
17
100
AcDbEntity
  8
PERCAGES
100
AcDbCircle
 10
1500.0
 20
1100.0
 30
0.0
 40
4.0
  0
POINT
  5
451
330
17
100
AcDbEntity
  8
PERCAGES
100
AcDbPoint
 10
1500.0
 20
1100.0
 30
0.0
  0
CIRCLE
  5
452
330
17
100
AcDbEntity
  8
EMPRISE_SUSPENSION
 62
1
100
AcDbCircle
 10
1500.0
 20
1100.0
 30
0.0
 40
25.0
  0
TEXT
  5
453
330
17
100
AcDbEntity
  8
REPERES
100
AcDbText
 10
1500.0
 20
1130.0
 30
0.0
 40
11.0
  1
M08
 72
1
 11
1500.0
 21
1130.0
 31
0.0
100
AcDbText
 73
1
  0
TEXT
  5
454
330
17
100
AcDbEntity
  8
LONGUEURS_FIL
100
AcDbText
 10
1500.0
 20
1070.0
 30
0.0
 40
15.0
  1
538
 72
1
 11
1500.0
 21
1070.0
 31
0.0
100
AcDbText
 73
3
  0
CIRCLE
  5
455
330
17
100
AcDbEntity
  8
PERCAGES
100
AcDbCircle
 10
1700.0
 20
1100.0
 30
0.0
 40
4.0
  0
POINT
  5
456
330
17
100
AcDbEntity
  8
PERCAGES
100
AcDbPoint
 10
1700.0
 20
1100.0
 30
0.0
  0
CIRCLE
  5
457
330
17
100
AcDbEntity
  8
EMPRISE_SUSPENSION
 62
2
100
AcDbCircle
 10
1700.0
 20
1100.0
 30
0.0
 40
25.0
  0
TEXT
  5
458
330
17
100
AcDbEntity
  8
REPERES
100
AcDbText
 10
1700.0
 20
1130.0
 30
0.0
 40
11.0
  1
M09
 72
1
 11
1700.0
 21
1130.0
 31
0.0
100
AcDbText
 73
1
  0
TEXT
  5
459
330
17
100
AcDbEntity
  8
LONGUEURS_FIL
100
AcDbText
 10
1700.0
 20
1070.0
 30
0.0
 40
15.0
  1
156
 72
1
 11
1700.0
 21
1070.0
 31
0.0
100
AcDbText
 73
3
  0
CIRCLE
  5
45A
330
17
100
AcDbEntity
  8
PERCAGES
100
AcDbCircle
 10
1900.0
 20
1100.0
 30
0.0
 40
4.0
  0
POINT
  5
45B
330
17
100
AcDbEntity
  8
PERCAGES
100
AcDbPoint
 10
1900.0
 20
1100.0
 30
0.0
  0
CIRCLE
  5
45C
330
17
100
AcDbEntity
  8
EMPRISE_SUSPENSION
 62
30
100
AcDbCircle
 10
1900.0
 20
1100.0
 30
0.0
 40
25.0
  0
TEXT
  5
45D
330
17
100
AcDbEntity
  8
REPERES
100
AcDbText
 10
1900.0
 20
1130.0
 30
0.0
 40
11.0
  1
M10
 72
1
 11
1900.0
 21
1130.0
 31
0.0
100
AcDbText
 73
1
  0
TEXT
  5
45E
330
17
100
AcDbEntity
  8
LONGUEURS_FIL
100
AcDbText
 10
1900.0
 20
1070.0
 30
0.0
 40
15.0
  1
379
 72
1
 11
1900.0
 21
1070.0
 31
0.0
100
AcDbText
 73
3
  0
CIRCLE
  5
45F
330
17
100
AcDbEntity
  8
PERCAGES
100
AcDbCircle
 10
2100.0
 20
1100.0
 30
0.0
 40
4.0
  0
POINT
  5
460
330
17
100
AcDbEntity
  8
PERCAGES
100
AcDbPoint
 10
2100.0
 20
1100.0
 30
0.0
  0
CIRCLE
  5
461
330
17
100
AcDbEntity
  8
EMPRISE_SUSPENSION
 62
2
100
AcDbCircle
 10
2100.0
 20
1100.0
 30
0.0
 40
25.0
  0
TEXT
  5
462
330
17
100
AcDbEntity
  8
REPERES
100
AcDbText
 10
2100.0
 20
1130.0
 30
0.0
 40
11.0
  1
M11
 72
1
 11
2100.0
 21
1130.0
 31
0.0
100
AcDbText
 73
1
  0
TEXT
  5
463
330
17
100
AcDbEntity
  8
LONGUEURS_FIL
100
AcDbText
 10
2100.0
 20
1070.0
 30
0.0
 40
15.0
  1
195
 72
1
 11
2100.0
 21
1070.0
 31
0.0
100
AcDbText
 73
3
  0
CIRCLE
  5
464
330
17
100
AcDbEntity
  8
PERCAGES
100
AcDbCircle
 10
2300.0
 20
1100.0
 30
0.0
 40
4.0
  0
POINT
  5
465
330
17
100
AcDbEntity
  8
PERCAGES
100
AcDbPoint
 10
2300.0
 20
1100.0
 30
0.0
  0
CIRCLE
  5
466
330
17
100
AcDbEntity
  8
EMPRISE_SUSPENSION
 62
20
100
AcDbCircle
 10
2300.0
 20
1100.0
 30
0.0
 40
25.0
  0
TEXT
  5
467
330
17
100
AcDbEntity
  8
REPERES
100
AcDbText
 10
2300.0
 20
1130.0
 30
0.0
 40
11.0
  1
M12
 72
1
 11
2300.0
 21
1130.0
 31
0.0
100
AcDbText
 73
1
  0
TEXT
  5
468
330
17
100
AcDbEntity
  8
LONGUEURS_FIL
100
AcDbText
 10
2300.0
 20
1070.0
 30
0.0
 40
15.0
  1
485
 72
1
 11
2300.0
 21
1070.0
 31
0.0
100
AcDbText
 73
3
  0
CIRCLE
  5
469
330
17
100
AcDbEntity
  8
PERCAGES
100
AcDbCircle
 10
2500.0
 20
1100.0
 30
0.0
 40
4.0
  0
POINT
  5
46A
330
17
100
AcDbEntity
  8
PERCAGES
100
AcDbPoint
 10
2500.0
 20
1100.0
 30
0.0
  0
CIRCLE
  5
46B
330
17
100
AcDbEntity
  8
EMPRISE_SUSPENSION
 62
30
100
AcDbCircle
 10
2500.0
 20
1100.0
 30
0.0
 40
25.0
  0
TEXT
  5
46C
330
17
100
AcDbEntity
  8
REPERES
100
AcDbText
 10
2500.0
 20
1130.0
 30
0.0
 40
11.0
  1
M13
 72
1
 11
2500.0
 21
1130.0
 31
0.0
100
AcDbText
 73
1
  0
TEXT
  5
46D
330
17
100
AcDbEntity
  8
LONGUEURS_FIL
100
AcDbText
 10
2500.0
 20
1070.0
 30
0.0
 40
15.0
  1
412
 72
1
 11
2500.0
 21
1070.0
 31
0.0
100
AcDbText
 73
3
  0
CIRCLE
  5
46E
330
17
100
AcDbEntity
  8
PERCAGES
100
AcDbCircle
 10
2700.0
 20
1100.0
 30
0.0
 40
4.0
  0
POINT
  5
46F
330
17
100
AcDbEntity
  8
PERCAGES
100
AcDbPoint
 10
2700.0
 20
1100.0
 30
0.0
  0
CIRCLE
  5
470
330
17
100
AcDbEntity
  8
EMPRISE_SUSPENSION
 62
1
100
AcDbCircle
 10
2700.0
 20
1100.0
 30
0.0
 40
25.0
  0
TEXT
  5
471
330
17
100
AcDbEntity
  8
REPERES
100
AcDbText
 10
2700.0
 20
1130.0
 30
0.0
 40
11.0
  1
M14
 72
1
 11
2700.0
 21
1130.0
 31
0.0
100
AcDbText
 73
1
  0
TEXT
  5
472
330
17
100
AcDbEntity
  8
LONGUEURS_FIL
100
AcDbText
 10
2700.0
 20
1070.0
 30
0.0
 40
15.0
  1
552
 72
1
 11
2700.0
 21
1070.0
 31
0.0
100
AcDbText
 73
3
  0
CIRCLE
  5
473
330
17
100
AcDbEntity
  8
PERCAGES
100
AcDbCircle
 10
2900.0
 20
1100.0
 30
0.0
 40
4.0
  0
POINT
  5
474
330
17
100
AcDbEntity
  8
PERCAGES
100
AcDbPoint
 10
2900.0
 20
1100.0
 30
0.0
  0
CIRCLE
  5
475
330
17
100
AcDbEntity
  8
EMPRISE_SUSPENSION
 62
40
100
AcDbCircle
 10
2900.0
 20
1100.0
 30
0.0
 40
25.0
  0
TEXT
  5
476
330
17
100
AcDbEntity
  8
REPERES
100
AcDbText
 10
2900.0
 20
1130.0
 30
0.0
 40
11.0
  1
M15
 72
1
 11
2900.0
 21
1130.0
 31
0.0
100
AcDbText
 73
1
  0
TEXT
  5
477
330
17
100
AcDbEntity
  8
LONGUEURS_FIL
100
AcDbText
 10
2900.0
 20
1070.0
 30
0.0
 40
15.0
  1
287
 72
1
 11
2900.0
 21
1070.0
 31
0.0
100
AcDbText
 73
3
  0
CIRCLE
  5
478
330
17
100
AcDbEntity
  8
PERCAGES
100
AcDbCircle
 10
200.0
 20
1000.0
 30
0.0
 40
4.0
  0
POINT
  5
479
330
17
100
AcDbEntity
  8
PERCAGES
100
AcDbPoint
 10
200.0
 20
1000.0
 30
0.0
  0
CIRCLE
  5
47A
330
17
100
AcDbEntity
  8
EMPRISE_SUSPENSION
 62
1
100
AcDbCircle
 10
200.0
 20
1000.0
 30
0.0
 40
25.0
  0
TEXT
  5
47B
330
17
100
AcDbEntity
  8
REPERES
100
AcDbText
 10
200.0
 20
1030.0
 30
0.0
 40
11.0
  1
N01
 72
1
 11
200.0
 21
1030.0
 31
0.0
100
AcDbText
 73
1
  0
TEXT
  5
47C
330
17
100
AcDbEntity
  8
LONGUEURS_FIL
100
AcDbText
 10
200.0
 20
970.0
 30
0.0
 40
15.0
  1
528
 72
1
 11
200.0
 21
970.0
 31
0.0
100
AcDbText
 73
3
  0
CIRCLE
  5
47D
330
17
100
AcDbEntity
  8
PERCAGES
100
AcDbCircle
 10
400.0
 20
1000.0
 30
0.0
 40
4.0
  0
POINT
  5
47E
330
17
100
AcDbEntity
  8
PERCAGES
100
AcDbPoint
 10
400.0
 20
1000.0
 30
0.0
  0
CIRCLE
  5
47F
330
17
100
AcDbEntity
  8
EMPRISE_SUSPENSION
 62
40
100
AcDbCircle
 10
400.0
 20
1000.0
 30
0.0
 40
25.0
  0
TEXT
  5
480
330
17
100
AcDbEntity
  8
REPERES
100
AcDbText
 10
400.0
 20
1030.0
 30
0.0
 40
11.0
  1
N02
 72
1
 11
400.0
 21
1030.0
 31
0.0
100
AcDbText
 73
1
  0
TEXT
  5
481
330
17
100
AcDbEntity
  8
LONGUEURS_FIL
100
AcDbText
 10
400.0
 20
970.0
 30
0.0
 40
15.0
  1
240
 72
1
 11
400.0
 21
970.0
 31
0.0
100
AcDbText
 73
3
  0
CIRCLE
  5
482
330
17
100
AcDbEntity
  8
PERCAGES
100
AcDbCircle
 10
600.0
 20
1000.0
 30
0.0
 40
4.0
  0
POINT
  5
483
330
17
100
AcDbEntity
  8
PERCAGES
100
AcDbPoint
 10
600.0
 20
1000.0
 30
0.0
  0
CIRCLE
  5
484
330
17
100
AcDbEntity
  8
EMPRISE_SUSPENSION
 62
30
100
AcDbCircle
 10
600.0
 20
1000.0
 30
0.0
 40
25.0
  0
TEXT
  5
485
330
17
100
AcDbEntity
  8
REPERES
100
AcDbText
 10
600.0
 20
1030.0
 30
0.0
 40
11.0
  1
N03
 72
1
 11
600.0
 21
1030.0
 31
0.0
100
AcDbText
 73
1
  0
TEXT
  5
486
330
17
100
AcDbEntity
  8
LONGUEURS_FIL
100
AcDbText
 10
600.0
 20
970.0
 30
0.0
 40
15.0
  1
412
 72
1
 11
600.0
 21
970.0
 31
0.0
100
AcDbText
 73
3
  0
CIRCLE
  5
487
330
17
100
AcDbEntity
  8
PERCAGES
100
AcDbCircle
 10
800.0
 20
1000.0
 30
0.0
 40
4.0
  0
POINT
  5
488
330
17
100
AcDbEntity
  8
PERCAGES
100
AcDbPoint
 10
800.0
 20
1000.0
 30
0.0
  0
CIRCLE
  5
489
330
17
100
AcDbEntity
  8
EMPRISE_SUSPENSION
 62
2
100
AcDbCircle
 10
800.0
 20
1000.0
 30
0.0
 40
25.0
  0
TEXT
  5
48A
330
17
100
AcDbEntity
  8
REPERES
100
AcDbText
 10
800.0
 20
1030.0
 30
0.0
 40
11.0
  1
N04
 72
1
 11
800.0
 21
1030.0
 31
0.0
100
AcDbText
 73
1
  0
TEXT
  5
48B
330
17
100
AcDbEntity
  8
LONGUEURS_FIL
100
AcDbText
 10
800.0
 20
970.0
 30
0.0
 40
15.0
  1
136
 72
1
 11
800.0
 21
970.0
 31
0.0
100
AcDbText
 73
3
  0
CIRCLE
  5
48C
330
17
100
AcDbEntity
  8
PERCAGES
100
AcDbCircle
 10
1000.0
 20
1000.0
 30
0.0
 40
4.0
  0
POINT
  5
48D
330
17
100
AcDbEntity
  8
PERCAGES
100
AcDbPoint
 10
1000.0
 20
1000.0
 30
0.0
  0
CIRCLE
  5
48E
330
17
100
AcDbEntity
  8
EMPRISE_SUSPENSION
 62
20
100
AcDbCircle
 10
1000.0
 20
1000.0
 30
0.0
 40
25.0
  0
TEXT
  5
48F
330
17
100
AcDbEntity
  8
REPERES
100
AcDbText
 10
1000.0
 20
1030.0
 30
0.0
 40
11.0
  1
N05
 72
1
 11
1000.0
 21
1030.0
 31
0.0
100
AcDbText
 73
1
  0
TEXT
  5
490
330
17
100
AcDbEntity
  8
LONGUEURS_FIL
100
AcDbText
 10
1000.0
 20
970.0
 30
0.0
 40
15.0
  1
440
 72
1
 11
1000.0
 21
970.0
 31
0.0
100
AcDbText
 73
3
  0
CIRCLE
  5
491
330
17
100
AcDbEntity
  8
PERCAGES
100
AcDbCircle
 10
1200.0
 20
1000.0
 30
0.0
 40
4.0
  0
POINT
  5
492
330
17
100
AcDbEntity
  8
PERCAGES
100
AcDbPoint
 10
1200.0
 20
1000.0
 30
0.0
  0
CIRCLE
  5
493
330
17
100
AcDbEntity
  8
EMPRISE_SUSPENSION
 62
1
100
AcDbCircle
 10
1200.0
 20
1000.0
 30
0.0
 40
25.0
  0
TEXT
  5
494
330
17
100
AcDbEntity
  8
REPERES
100
AcDbText
 10
1200.0
 20
1030.0
 30
0.0
 40
11.0
  1
N06
 72
1
 11
1200.0
 21
1030.0
 31
0.0
100
AcDbText
 73
1
  0
TEXT
  5
495
330
17
100
AcDbEntity
  8
LONGUEURS_FIL
100
AcDbText
 10
1200.0
 20
970.0
 30
0.0
 40
15.0
  1
617
 72
1
 11
1200.0
 21
970.0
 31
0.0
100
AcDbText
 73
3
  0
CIRCLE
  5
496
330
17
100
AcDbEntity
  8
PERCAGES
100
AcDbCircle
 10
1400.0
 20
1000.0
 30
0.0
 40
4.0
  0
POINT
  5
497
330
17
100
AcDbEntity
  8
PERCAGES
100
AcDbPoint
 10
1400.0
 20
1000.0
 30
0.0
  0
CIRCLE
  5
498
330
17
100
AcDbEntity
  8
EMPRISE_SUSPENSION
 62
40
100
AcDbCircle
 10
1400.0
 20
1000.0
 30
0.0
 40
25.0
  0
TEXT
  5
499
330
17
100
AcDbEntity
  8
REPERES
100
AcDbText
 10
1400.0
 20
1030.0
 30
0.0
 40
11.0
  1
N07
 72
1
 11
1400.0
 21
1030.0
 31
0.0
100
AcDbText
 73
1
  0
TEXT
  5
49A
330
17
100
AcDbEntity
  8
LONGUEURS_FIL
100
AcDbText
 10
1400.0
 20
970.0
 30
0.0
 40
15.0
  1
215
 72
1
 11
1400.0
 21
970.0
 31
0.0
100
AcDbText
 73
3
  0
CIRCLE
  5
49B
330
17
100
AcDbEntity
  8
PERCAGES
100
AcDbCircle
 10
1600.0
 20
1000.0
 30
0.0
 40
4.0
  0
POINT
  5
49C
330
17
100
AcDbEntity
  8
PERCAGES
100
AcDbPoint
 10
1600.0
 20
1000.0
 30
0.0
  0
CIRCLE
  5
49D
330
17
100
AcDbEntity
  8
EMPRISE_SUSPENSION
 62
1
100
AcDbCircle
 10
1600.0
 20
1000.0
 30
0.0
 40
25.0
  0
TEXT
  5
49E
330
17
100
AcDbEntity
  8
REPERES
100
AcDbText
 10
1600.0
 20
1030.0
 30
0.0
 40
11.0
  1
N08
 72
1
 11
1600.0
 21
1030.0
 31
0.0
100
AcDbText
 73
1
  0
TEXT
  5
49F
330
17
100
AcDbEntity
  8
LONGUEURS_FIL
100
AcDbText
 10
1600.0
 20
970.0
 30
0.0
 40
15.0
  1
626
 72
1
 11
1600.0
 21
970.0
 31
0.0
100
AcDbText
 73
3
  0
CIRCLE
  5
4A0
330
17
100
AcDbEntity
  8
PERCAGES
100
AcDbCircle
 10
1800.0
 20
1000.0
 30
0.0
 40
4.0
  0
POINT
  5
4A1
330
17
100
AcDbEntity
  8
PERCAGES
100
AcDbPoint
 10
1800.0
 20
1000.0
 30
0.0
  0
CIRCLE
  5
4A2
330
17
100
AcDbEntity
  8
EMPRISE_SUSPENSION
 62
1
100
AcDbCircle
 10
1800.0
 20
1000.0
 30
0.0
 40
25.0
  0
TEXT
  5
4A3
330
17
100
AcDbEntity
  8
REPERES
100
AcDbText
 10
1800.0
 20
1030.0
 30
0.0
 40
11.0
  1
N09
 72
1
 11
1800.0
 21
1030.0
 31
0.0
100
AcDbText
 73
1
  0
TEXT
  5
4A4
330
17
100
AcDbEntity
  8
LONGUEURS_FIL
100
AcDbText
 10
1800.0
 20
970.0
 30
0.0
 40
15.0
  1
535
 72
1
 11
1800.0
 21
970.0
 31
0.0
100
AcDbText
 73
3
  0
CIRCLE
  5
4A5
330
17
100
AcDbEntity
  8
PERCAGES
100
AcDbCircle
 10
2000.0
 20
1000.0
 30
0.0
 40
4.0
  0
POINT
  5
4A6
330
17
100
AcDbEntity
  8
PERCAGES
100
AcDbPoint
 10
2000.0
 20
1000.0
 30
0.0
  0
CIRCLE
  5
4A7
330
17
100
AcDbEntity
  8
EMPRISE_SUSPENSION
 62
20
100
AcDbCircle
 10
2000.0
 20
1000.0
 30
0.0
 40
25.0
  0
TEXT
  5
4A8
330
17
100
AcDbEntity
  8
REPERES
100
AcDbText
 10
2000.0
 20
1030.0
 30
0.0
 40
11.0
  1
N10
 72
1
 11
2000.0
 21
1030.0
 31
0.0
100
AcDbText
 73
1
  0
TEXT
  5
4A9
330
17
100
AcDbEntity
  8
LONGUEURS_FIL
100
AcDbText
 10
2000.0
 20
970.0
 30
0.0
 40
15.0
  1
450
 72
1
 11
2000.0
 21
970.0
 31
0.0
100
AcDbText
 73
3
  0
CIRCLE
  5
4AA
330
17
100
AcDbEntity
  8
PERCAGES
100
AcDbCircle
 10
2200.0
 20
1000.0
 30
0.0
 40
4.0
  0
POINT
  5
4AB
330
17
100
AcDbEntity
  8
PERCAGES
100
AcDbPoint
 10
2200.0
 20
1000.0
 30
0.0
  0
CIRCLE
  5
4AC
330
17
100
AcDbEntity
  8
EMPRISE_SUSPENSION
 62
30
100
AcDbCircle
 10
2200.0
 20
1000.0
 30
0.0
 40
25.0
  0
TEXT
  5
4AD
330
17
100
AcDbEntity
  8
REPERES
100
AcDbText
 10
2200.0
 20
1030.0
 30
0.0
 40
11.0
  1
N11
 72
1
 11
2200.0
 21
1030.0
 31
0.0
100
AcDbText
 73
1
  0
TEXT
  5
4AE
330
17
100
AcDbEntity
  8
LONGUEURS_FIL
100
AcDbText
 10
2200.0
 20
970.0
 30
0.0
 40
15.0
  1
326
 72
1
 11
2200.0
 21
970.0
 31
0.0
100
AcDbText
 73
3
  0
CIRCLE
  5
4AF
330
17
100
AcDbEntity
  8
PERCAGES
100
AcDbCircle
 10
2400.0
 20
1000.0
 30
0.0
 40
4.0
  0
POINT
  5
4B0
330
17
100
AcDbEntity
  8
PERCAGES
100
AcDbPoint
 10
2400.0
 20
1000.0
 30
0.0
  0
CIRCLE
  5
4B1
330
17
100
AcDbEntity
  8
EMPRISE_SUSPENSION
 62
2
100
AcDbCircle
 10
2400.0
 20
1000.0
 30
0.0
 40
25.0
  0
TEXT
  5
4B2
330
17
100
AcDbEntity
  8
REPERES
100
AcDbText
 10
2400.0
 20
1030.0
 30
0.0
 40
11.0
  1
N12
 72
1
 11
2400.0
 21
1030.0
 31
0.0
100
AcDbText
 73
1
  0
TEXT
  5
4B3
330
17
100
AcDbEntity
  8
LONGUEURS_FIL
100
AcDbText
 10
2400.0
 20
970.0
 30
0.0
 40
15.0
  1
118
 72
1
 11
2400.0
 21
970.0
 31
0.0
100
AcDbText
 73
3
  0
CIRCLE
  5
4B4
330
17
100
AcDbEntity
  8
PERCAGES
100
AcDbCircle
 10
2600.0
 20
1000.0
 30
0.0
 40
4.0
  0
POINT
  5
4B5
330
17
100
AcDbEntity
  8
PERCAGES
100
AcDbPoint
 10
2600.0
 20
1000.0
 30
0.0
  0
CIRCLE
  5
4B6
330
17
100
AcDbEntity
  8
EMPRISE_SUSPENSION
 62
40
100
AcDbCircle
 10
2600.0
 20
1000.0
 30
0.0
 40
25.0
  0
TEXT
  5
4B7
330
17
100
AcDbEntity
  8
REPERES
100
AcDbText
 10
2600.0
 20
1030.0
 30
0.0
 40
11.0
  1
N13
 72
1
 11
2600.0
 21
1030.0
 31
0.0
100
AcDbText
 73
1
  0
TEXT
  5
4B8
330
17
100
AcDbEntity
  8
LONGUEURS_FIL
100
AcDbText
 10
2600.0
 20
970.0
 30
0.0
 40
15.0
  1
210
 72
1
 11
2600.0
 21
970.0
 31
0.0
100
AcDbText
 73
3
  0
CIRCLE
  5
4B9
330
17
100
AcDbEntity
  8
PERCAGES
100
AcDbCircle
 10
2800.0
 20
1000.0
 30
0.0
 40
4.0
  0
POINT
  5
4BA
330
17
100
AcDbEntity
  8
PERCAGES
100
AcDbPoint
 10
2800.0
 20
1000.0
 30
0.0
  0
CIRCLE
  5
4BB
330
17
100
AcDbEntity
  8
EMPRISE_SUSPENSION
 62
2
100
AcDbCircle
 10
2800.0
 20
1000.0
 30
0.0
 40
25.0
  0
TEXT
  5
4BC
330
17
100
AcDbEntity
  8
REPERES
100
AcDbText
 10
2800.0
 20
1030.0
 30
0.0
 40
11.0
  1
N14
 72
1
 11
2800.0
 21
1030.0
 31
0.0
100
AcDbText
 73
1
  0
TEXT
  5
4BD
330
17
100
AcDbEntity
  8
LONGUEURS_FIL
100
AcDbText
 10
2800.0
 20
970.0
 30
0.0
 40
15.0
  1
137
 72
1
 11
2800.0
 21
970.0
 31
0.0
100
AcDbText
 73
3
  0
CIRCLE
  5
4BE
330
17
100
AcDbEntity
  8
PERCAGES
100
AcDbCircle
 10
100.0
 20
900.0
 30
0.0
 40
4.0
  0
POINT
  5
4BF
330
17
100
AcDbEntity
  8
PERCAGES
100
AcDbPoint
 10
100.0
 20
900.0
 30
0.0
  0
CIRCLE
  5
4C0
330
17
100
AcDbEntity
  8
EMPRISE_SUSPENSION
 62
30
100
AcDbCircle
 10
100.0
 20
900.0
 30
0.0
 40
25.0
  0
TEXT
  5
4C1
330
17
100
AcDbEntity
  8
REPERES
100
AcDbText
 10
100.0
 20
930.0
 30
0.0
 40
11.0
  1
O01
 72
1
 11
100.0
 21
930.0
 31
0.0
100
AcDbText
 73
1
  0
TEXT
  5
4C2
330
17
100
AcDbEntity
  8
LONGUEURS_FIL
100
AcDbText
 10
100.0
 20
870.0
 30
0.0
 40
15.0
  1
316
 72
1
 11
100.0
 21
870.0
 31
0.0
100
AcDbText
 73
3
  0
CIRCLE
  5
4C3
330
17
100
AcDbEntity
  8
PERCAGES
100
AcDbCircle
 10
300.0
 20
900.0
 30
0.0
 40
4.0
  0
POINT
  5
4C4
330
17
100
AcDbEntity
  8
PERCAGES
100
AcDbPoint
 10
300.0
 20
900.0
 30
0.0
  0
CIRCLE
  5
4C5
330
17
100
AcDbEntity
  8
EMPRISE_SUSPENSION
 62
20
100
AcDbCircle
 10
300.0
 20
900.0
 30
0.0
 40
25.0
  0
TEXT
  5
4C6
330
17
100
AcDbEntity
  8
REPERES
100
AcDbText
 10
300.0
 20
930.0
 30
0.0
 40
11.0
  1
O02
 72
1
 11
300.0
 21
930.0
 31
0.0
100
AcDbText
 73
1
  0
TEXT
  5
4C7
330
17
100
AcDbEntity
  8
LONGUEURS_FIL
100
AcDbText
 10
300.0
 20
870.0
 30
0.0
 40
15.0
  1
449
 72
1
 11
300.0
 21
870.0
 31
0.0
100
AcDbText
 73
3
  0
CIRCLE
  5
4C8
330
17
100
AcDbEntity
  8
PERCAGES
100
AcDbCircle
 10
500.0
 20
900.0
 30
0.0
 40
4.0
  0
POINT
  5
4C9
330
17
100
AcDbEntity
  8
PERCAGES
100
AcDbPoint
 10
500.0
 20
900.0
 30
0.0
  0
CIRCLE
  5
4CA
330
17
100
AcDbEntity
  8
EMPRISE_SUSPENSION
 62
2
100
AcDbCircle
 10
500.0
 20
900.0
 30
0.0
 40
25.0
  0
TEXT
  5
4CB
330
17
100
AcDbEntity
  8
REPERES
100
AcDbText
 10
500.0
 20
930.0
 30
0.0
 40
11.0
  1
O03
 72
1
 11
500.0
 21
930.0
 31
0.0
100
AcDbText
 73
1
  0
TEXT
  5
4CC
330
17
100
AcDbEntity
  8
LONGUEURS_FIL
100
AcDbText
 10
500.0
 20
870.0
 30
0.0
 40
15.0
  1
169
 72
1
 11
500.0
 21
870.0
 31
0.0
100
AcDbText
 73
3
  0
CIRCLE
  5
4CD
330
17
100
AcDbEntity
  8
PERCAGES
100
AcDbCircle
 10
700.0
 20
900.0
 30
0.0
 40
4.0
  0
POINT
  5
4CE
330
17
100
AcDbEntity
  8
PERCAGES
100
AcDbPoint
 10
700.0
 20
900.0
 30
0.0
  0
CIRCLE
  5
4CF
330
17
100
AcDbEntity
  8
EMPRISE_SUSPENSION
 62
40
100
AcDbCircle
 10
700.0
 20
900.0
 30
0.0
 40
25.0
  0
TEXT
  5
4D0
330
17
100
AcDbEntity
  8
REPERES
100
AcDbText
 10
700.0
 20
930.0
 30
0.0
 40
11.0
  1
O04
 72
1
 11
700.0
 21
930.0
 31
0.0
100
AcDbText
 73
1
  0
TEXT
  5
4D1
330
17
100
AcDbEntity
  8
LONGUEURS_FIL
100
AcDbText
 10
700.0
 20
870.0
 30
0.0
 40
15.0
  1
268
 72
1
 11
700.0
 21
870.0
 31
0.0
100
AcDbText
 73
3
  0
CIRCLE
  5
4D2
330
17
100
AcDbEntity
  8
PERCAGES
100
AcDbCircle
 10
900.0
 20
900.0
 30
0.0
 40
4.0
  0
POINT
  5
4D3
330
17
100
AcDbEntity
  8
PERCAGES
100
AcDbPoint
 10
900.0
 20
900.0
 30
0.0
  0
CIRCLE
  5
4D4
330
17
100
AcDbEntity
  8
EMPRISE_SUSPENSION
 62
2
100
AcDbCircle
 10
900.0
 20
900.0
 30
0.0
 40
25.0
  0
TEXT
  5
4D5
330
17
100
AcDbEntity
  8
REPERES
100
AcDbText
 10
900.0
 20
930.0
 30
0.0
 40
11.0
  1
O05
 72
1
 11
900.0
 21
930.0
 31
0.0
100
AcDbText
 73
1
  0
TEXT
  5
4D6
330
17
100
AcDbEntity
  8
LONGUEURS_FIL
100
AcDbText
 10
900.0
 20
870.0
 30
0.0
 40
15.0
  1
198
 72
1
 11
900.0
 21
870.0
 31
0.0
100
AcDbText
 73
3
  0
CIRCLE
  5
4D7
330
17
100
AcDbEntity
  8
PERCAGES
100
AcDbCircle
 10
1100.0
 20
900.0
 30
0.0
 40
4.0
  0
POINT
  5
4D8
330
17
100
AcDbEntity
  8
PERCAGES
100
AcDbPoint
 10
1100.0
 20
900.0
 30
0.0
  0
CIRCLE
  5
4D9
330
17
100
AcDbEntity
  8
EMPRISE_SUSPENSION
 62
30
100
AcDbCircle
 10
1100.0
 20
900.0
 30
0.0
 40
25.0
  0
TEXT
  5
4DA
330
17
100
AcDbEntity
  8
REPERES
100
AcDbText
 10
1100.0
 20
930.0
 30
0.0
 40
11.0
  1
O06
 72
1
 11
1100.0
 21
930.0
 31
0.0
100
AcDbText
 73
1
  0
TEXT
  5
4DB
330
17
100
AcDbEntity
  8
LONGUEURS_FIL
100
AcDbText
 10
1100.0
 20
870.0
 30
0.0
 40
15.0
  1
363
 72
1
 11
1100.0
 21
870.0
 31
0.0
100
AcDbText
 73
3
  0
CIRCLE
  5
4DC
330
17
100
AcDbEntity
  8
PERCAGES
100
AcDbCircle
 10
1300.0
 20
900.0
 30
0.0
 40
4.0
  0
POINT
  5
4DD
330
17
100
AcDbEntity
  8
PERCAGES
100
AcDbPoint
 10
1300.0
 20
900.0
 30
0.0
  0
CIRCLE
  5
4DE
330
17
100
AcDbEntity
  8
EMPRISE_SUSPENSION
 62
40
100
AcDbCircle
 10
1300.0
 20
900.0
 30
0.0
 40
25.0
  0
TEXT
  5
4DF
330
17
100
AcDbEntity
  8
REPERES
100
AcDbText
 10
1300.0
 20
930.0
 30
0.0
 40
11.0
  1
O07
 72
1
 11
1300.0
 21
930.0
 31
0.0
100
AcDbText
 73
1
  0
TEXT
  5
4E0
330
17
100
AcDbEntity
  8
LONGUEURS_FIL
100
AcDbText
 10
1300.0
 20
870.0
 30
0.0
 40
15.0
  1
285
 72
1
 11
1300.0
 21
870.0
 31
0.0
100
AcDbText
 73
3
  0
CIRCLE
  5
4E1
330
17
100
AcDbEntity
  8
PERCAGES
100
AcDbCircle
 10
1500.0
 20
900.0
 30
0.0
 40
4.0
  0
POINT
  5
4E2
330
17
100
AcDbEntity
  8
PERCAGES
100
AcDbPoint
 10
1500.0
 20
900.0
 30
0.0
  0
CIRCLE
  5
4E3
330
17
100
AcDbEntity
  8
EMPRISE_SUSPENSION
 62
30
100
AcDbCircle
 10
1500.0
 20
900.0
 30
0.0
 40
25.0
  0
TEXT
  5
4E4
330
17
100
AcDbEntity
  8
REPERES
100
AcDbText
 10
1500.0
 20
930.0
 30
0.0
 40
11.0
  1
O08
 72
1
 11
1500.0
 21
930.0
 31
0.0
100
AcDbText
 73
1
  0
TEXT
  5
4E5
330
17
100
AcDbEntity
  8
LONGUEURS_FIL
100
AcDbText
 10
1500.0
 20
870.0
 30
0.0
 40
15.0
  1
357
 72
1
 11
1500.0
 21
870.0
 31
0.0
100
AcDbText
 73
3
  0
CIRCLE
  5
4E6
330
17
100
AcDbEntity
  8
PERCAGES
100
AcDbCircle
 10
1700.0
 20
900.0
 30
0.0
 40
4.0
  0
POINT
  5
4E7
330
17
100
AcDbEntity
  8
PERCAGES
100
AcDbPoint
 10
1700.0
 20
900.0
 30
0.0
  0
CIRCLE
  5
4E8
330
17
100
AcDbEntity
  8
EMPRISE_SUSPENSION
 62
40
100
AcDbCircle
 10
1700.0
 20
900.0
 30
0.0
 40
25.0
  0
TEXT
  5
4E9
330
17
100
AcDbEntity
  8
REPERES
100
AcDbText
 10
1700.0
 20
930.0
 30
0.0
 40
11.0
  1
O09
 72
1
 11
1700.0
 21
930.0
 31
0.0
100
AcDbText
 73
1
  0
TEXT
  5
4EA
330
17
100
AcDbEntity
  8
LONGUEURS_FIL
100
AcDbText
 10
1700.0
 20
870.0
 30
0.0
 40
15.0
  1
244
 72
1
 11
1700.0
 21
870.0
 31
0.0
100
AcDbText
 73
3
  0
CIRCLE
  5
4EB
330
17
100
AcDbEntity
  8
PERCAGES
100
AcDbCircle
 10
1900.0
 20
900.0
 30
0.0
 40
4.0
  0
POINT
  5
4EC
330
17
100
AcDbEntity
  8
PERCAGES
100
AcDbPoint
 10
1900.0
 20
900.0
 30
0.0
  0
CIRCLE
  5
4ED
330
17
100
AcDbEntity
  8
EMPRISE_SUSPENSION
 62
40
100
AcDbCircle
 10
1900.0
 20
900.0
 30
0.0
 40
25.0
  0
TEXT
  5
4EE
330
17
100
AcDbEntity
  8
REPERES
100
AcDbText
 10
1900.0
 20
930.0
 30
0.0
 40
11.0
  1
O10
 72
1
 11
1900.0
 21
930.0
 31
0.0
100
AcDbText
 73
1
  0
TEXT
  5
4EF
330
17
100
AcDbEntity
  8
LONGUEURS_FIL
100
AcDbText
 10
1900.0
 20
870.0
 30
0.0
 40
15.0
  1
307
 72
1
 11
1900.0
 21
870.0
 31
0.0
100
AcDbText
 73
3
  0
CIRCLE
  5
4F0
330
17
100
AcDbEntity
  8
PERCAGES
100
AcDbCircle
 10
2100.0
 20
900.0
 30
0.0
 40
4.0
  0
POINT
  5
4F1
330
17
100
AcDbEntity
  8
PERCAGES
100
AcDbPoint
 10
2100.0
 20
900.0
 30
0.0
  0
CIRCLE
  5
4F2
330
17
100
AcDbEntity
  8
EMPRISE_SUSPENSION
 62
1
100
AcDbCircle
 10
2100.0
 20
900.0
 30
0.0
 40
25.0
  0
TEXT
  5
4F3
330
17
100
AcDbEntity
  8
REPERES
100
AcDbText
 10
2100.0
 20
930.0
 30
0.0
 40
11.0
  1
O11
 72
1
 11
2100.0
 21
930.0
 31
0.0
100
AcDbText
 73
1
  0
TEXT
  5
4F4
330
17
100
AcDbEntity
  8
LONGUEURS_FIL
100
AcDbText
 10
2100.0
 20
870.0
 30
0.0
 40
15.0
  1
570
 72
1
 11
2100.0
 21
870.0
 31
0.0
100
AcDbText
 73
3
  0
CIRCLE
  5
4F5
330
17
100
AcDbEntity
  8
PERCAGES
100
AcDbCircle
 10
2300.0
 20
900.0
 30
0.0
 40
4.0
  0
POINT
  5
4F6
330
17
100
AcDbEntity
  8
PERCAGES
100
AcDbPoint
 10
2300.0
 20
900.0
 30
0.0
  0
CIRCLE
  5
4F7
330
17
100
AcDbEntity
  8
EMPRISE_SUSPENSION
 62
40
100
AcDbCircle
 10
2300.0
 20
900.0
 30
0.0
 40
25.0
  0
TEXT
  5
4F8
330
17
100
AcDbEntity
  8
REPERES
100
AcDbText
 10
2300.0
 20
930.0
 30
0.0
 40
11.0
  1
O12
 72
1
 11
2300.0
 21
930.0
 31
0.0
100
AcDbText
 73
1
  0
TEXT
  5
4F9
330
17
100
AcDbEntity
  8
LONGUEURS_FIL
100
AcDbText
 10
2300.0
 20
870.0
 30
0.0
 40
15.0
  1
253
 72
1
 11
2300.0
 21
870.0
 31
0.0
100
AcDbText
 73
3
  0
CIRCLE
  5
4FA
330
17
100
AcDbEntity
  8
PERCAGES
100
AcDbCircle
 10
2500.0
 20
900.0
 30
0.0
 40
4.0
  0
POINT
  5
4FB
330
17
100
AcDbEntity
  8
PERCAGES
100
AcDbPoint
 10
2500.0
 20
900.0
 30
0.0
  0
CIRCLE
  5
4FC
330
17
100
AcDbEntity
  8
EMPRISE_SUSPENSION
 62
30
100
AcDbCircle
 10
2500.0
 20
900.0
 30
0.0
 40
25.0
  0
TEXT
  5
4FD
330
17
100
AcDbEntity
  8
REPERES
100
AcDbText
 10
2500.0
 20
930.0
 30
0.0
 40
11.0
  1
O13
 72
1
 11
2500.0
 21
930.0
 31
0.0
100
AcDbText
 73
1
  0
TEXT
  5
4FE
330
17
100
AcDbEntity
  8
LONGUEURS_FIL
100
AcDbText
 10
2500.0
 20
870.0
 30
0.0
 40
15.0
  1
346
 72
1
 11
2500.0
 21
870.0
 31
0.0
100
AcDbText
 73
3
  0
CIRCLE
  5
4FF
330
17
100
AcDbEntity
  8
PERCAGES
100
AcDbCircle
 10
2700.0
 20
900.0
 30
0.0
 40
4.0
  0
POINT
  5
500
330
17
100
AcDbEntity
  8
PERCAGES
100
AcDbPoint
 10
2700.0
 20
900.0
 30
0.0
  0
CIRCLE
  5
501
330
17
100
AcDbEntity
  8
EMPRISE_SUSPENSION
 62
20
100
AcDbCircle
 10
2700.0
 20
900.0
 30
0.0
 40
25.0
  0
TEXT
  5
502
330
17
100
AcDbEntity
  8
REPERES
100
AcDbText
 10
2700.0
 20
930.0
 30
0.0
 40
11.0
  1
O14
 72
1
 11
2700.0
 21
930.0
 31
0.0
100
AcDbText
 73
1
  0
TEXT
  5
503
330
17
100
AcDbEntity
  8
LONGUEURS_FIL
100
AcDbText
 10
2700.0
 20
870.0
 30
0.0
 40
15.0
  1
455
 72
1
 11
2700.0
 21
870.0
 31
0.0
100
AcDbText
 73
3
  0
CIRCLE
  5
504
330
17
100
AcDbEntity
  8
PERCAGES
100
AcDbCircle
 10
2900.0
 20
900.0
 30
0.0
 40
4.0
  0
POINT
  5
505
330
17
100
AcDbEntity
  8
PERCAGES
100
AcDbPoint
 10
2900.0
 20
900.0
 30
0.0
  0
CIRCLE
  5
506
330
17
100
AcDbEntity
  8
EMPRISE_SUSPENSION
 62
40
100
AcDbCircle
 10
2900.0
 20
900.0
 30
0.0
 40
25.0
  0
TEXT
  5
507
330
17
100
AcDbEntity
  8
REPERES
100
AcDbText
 10
2900.0
 20
930.0
 30
0.0
 40
11.0
  1
O15
 72
1
 11
2900.0
 21
930.0
 31
0.0
100
AcDbText
 73
1
  0
TEXT
  5
508
330
17
100
AcDbEntity
  8
LONGUEURS_FIL
100
AcDbText
 10
2900.0
 20
870.0
 30
0.0
 40
15.0
  1
210
 72
1
 11
2900.0
 21
870.0
 31
0.0
100
AcDbText
 73
3
  0
CIRCLE
  5
509
330
17
100
AcDbEntity
  8
PERCAGES
100
AcDbCircle
 10
200.0
 20
800.0
 30
0.0
 40
4.0
  0
POINT
  5
50A
330
17
100
AcDbEntity
  8
PERCAGES
100
AcDbPoint
 10
200.0
 20
800.0
 30
0.0
  0
CIRCLE
  5
50B
330
17
100
AcDbEntity
  8
EMPRISE_SUSPENSION
 62
40
100
AcDbCircle
 10
200.0
 20
800.0
 30
0.0
 40
25.0
  0
TEXT
  5
50C
330
17
100
AcDbEntity
  8
REPERES
100
AcDbText
 10
200.0
 20
830.0
 30
0.0
 40
11.0
  1
P01
 72
1
 11
200.0
 21
830.0
 31
0.0
100
AcDbText
 73
1
  0
TEXT
  5
50D
330
17
100
AcDbEntity
  8
LONGUEURS_FIL
100
AcDbText
 10
200.0
 20
770.0
 30
0.0
 40
15.0
  1
240
 72
1
 11
200.0
 21
770.0
 31
0.0
100
AcDbText
 73
3
  0
CIRCLE
  5
50E
330
17
100
AcDbEntity
  8
PERCAGES
100
AcDbCircle
 10
400.0
 20
800.0
 30
0.0
 40
4.0
  0
POINT
  5
50F
330
17
100
AcDbEntity
  8
PERCAGES
100
AcDbPoint
 10
400.0
 20
800.0
 30
0.0
  0
CIRCLE
  5
510
330
17
100
AcDbEntity
  8
EMPRISE_SUSPENSION
 62
30
100
AcDbCircle
 10
400.0
 20
800.0
 30
0.0
 40
25.0
  0
TEXT
  5
511
330
17
100
AcDbEntity
  8
REPERES
100
AcDbText
 10
400.0
 20
830.0
 30
0.0
 40
11.0
  1
P02
 72
1
 11
400.0
 21
830.0
 31
0.0
100
AcDbText
 73
1
  0
TEXT
  5
512
330
17
100
AcDbEntity
  8
LONGUEURS_FIL
100
AcDbText
 10
400.0
 20
770.0
 30
0.0
 40
15.0
  1
368
 72
1
 11
400.0
 21
770.0
 31
0.0
100
AcDbText
 73
3
  0
CIRCLE
  5
513
330
17
100
AcDbEntity
  8
PERCAGES
100
AcDbCircle
 10
600.0
 20
800.0
 30
0.0
 40
4.0
  0
POINT
  5
514
330
17
100
AcDbEntity
  8
PERCAGES
100
AcDbPoint
 10
600.0
 20
800.0
 30
0.0
  0
CIRCLE
  5
515
330
17
100
AcDbEntity
  8
EMPRISE_SUSPENSION
 62
20
100
AcDbCircle
 10
600.0
 20
800.0
 30
0.0
 40
25.0
  0
TEXT
  5
516
330
17
100
AcDbEntity
  8
REPERES
100
AcDbText
 10
600.0
 20
830.0
 30
0.0
 40
11.0
  1
P03
 72
1
 11
600.0
 21
830.0
 31
0.0
100
AcDbText
 73
1
  0
TEXT
  5
517
330
17
100
AcDbEntity
  8
LONGUEURS_FIL
100
AcDbText
 10
600.0
 20
770.0
 30
0.0
 40
15.0
  1
482
 72
1
 11
600.0
 21
770.0
 31
0.0
100
AcDbText
 73
3
  0
CIRCLE
  5
518
330
17
100
AcDbEntity
  8
PERCAGES
100
AcDbCircle
 10
800.0
 20
800.0
 30
0.0
 40
4.0
  0
POINT
  5
519
330
17
100
AcDbEntity
  8
PERCAGES
100
AcDbPoint
 10
800.0
 20
800.0
 30
0.0
  0
CIRCLE
  5
51A
330
17
100
AcDbEntity
  8
EMPRISE_SUSPENSION
 62
30
100
AcDbCircle
 10
800.0
 20
800.0
 30
0.0
 40
25.0
  0
TEXT
  5
51B
330
17
100
AcDbEntity
  8
REPERES
100
AcDbText
 10
800.0
 20
830.0
 30
0.0
 40
11.0
  1
P04
 72
1
 11
800.0
 21
830.0
 31
0.0
100
AcDbText
 73
1
  0
TEXT
  5
51C
330
17
100
AcDbEntity
  8
LONGUEURS_FIL
100
AcDbText
 10
800.0
 20
770.0
 30
0.0
 40
15.0
  1
359
 72
1
 11
800.0
 21
770.0
 31
0.0
100
AcDbText
 73
3
  0
CIRCLE
  5
51D
330
17
100
AcDbEntity
  8
PERCAGES
100
AcDbCircle
 10
1000.0
 20
800.0
 30
0.0
 40
4.0
  0
POINT
  5
51E
330
17
100
AcDbEntity
  8
PERCAGES
100
AcDbPoint
 10
1000.0
 20
800.0
 30
0.0
  0
CIRCLE
  5
51F
330
17
100
AcDbEntity
  8
EMPRISE_SUSPENSION
 62
40
100
AcDbCircle
 10
1000.0
 20
800.0
 30
0.0
 40
25.0
  0
TEXT
  5
520
330
17
100
AcDbEntity
  8
REPERES
100
AcDbText
 10
1000.0
 20
830.0
 30
0.0
 40
11.0
  1
P05
 72
1
 11
1000.0
 21
830.0
 31
0.0
100
AcDbText
 73
1
  0
TEXT
  5
521
330
17
100
AcDbEntity
  8
LONGUEURS_FIL
100
AcDbText
 10
1000.0
 20
770.0
 30
0.0
 40
15.0
  1
274
 72
1
 11
1000.0
 21
770.0
 31
0.0
100
AcDbText
 73
3
  0
CIRCLE
  5
522
330
17
100
AcDbEntity
  8
PERCAGES
100
AcDbCircle
 10
1200.0
 20
800.0
 30
0.0
 40
4.0
  0
POINT
  5
523
330
17
100
AcDbEntity
  8
PERCAGES
100
AcDbPoint
 10
1200.0
 20
800.0
 30
0.0
  0
CIRCLE
  5
524
330
17
100
AcDbEntity
  8
EMPRISE_SUSPENSION
 62
20
100
AcDbCircle
 10
1200.0
 20
800.0
 30
0.0
 40
25.0
  0
TEXT
  5
525
330
17
100
AcDbEntity
  8
REPERES
100
AcDbText
 10
1200.0
 20
830.0
 30
0.0
 40
11.0
  1
P06
 72
1
 11
1200.0
 21
830.0
 31
0.0
100
AcDbText
 73
1
  0
TEXT
  5
526
330
17
100
AcDbEntity
  8
LONGUEURS_FIL
100
AcDbText
 10
1200.0
 20
770.0
 30
0.0
 40
15.0
  1
510
 72
1
 11
1200.0
 21
770.0
 31
0.0
100
AcDbText
 73
3
  0
CIRCLE
  5
527
330
17
100
AcDbEntity
  8
PERCAGES
100
AcDbCircle
 10
1400.0
 20
800.0
 30
0.0
 40
4.0
  0
POINT
  5
528
330
17
100
AcDbEntity
  8
PERCAGES
100
AcDbPoint
 10
1400.0
 20
800.0
 30
0.0
  0
CIRCLE
  5
529
330
17
100
AcDbEntity
  8
EMPRISE_SUSPENSION
 62
2
100
AcDbCircle
 10
1400.0
 20
800.0
 30
0.0
 40
25.0
  0
TEXT
  5
52A
330
17
100
AcDbEntity
  8
REPERES
100
AcDbText
 10
1400.0
 20
830.0
 30
0.0
 40
11.0
  1
P07
 72
1
 11
1400.0
 21
830.0
 31
0.0
100
AcDbText
 73
1
  0
TEXT
  5
52B
330
17
100
AcDbEntity
  8
LONGUEURS_FIL
100
AcDbText
 10
1400.0
 20
770.0
 30
0.0
 40
15.0
  1
117
 72
1
 11
1400.0
 21
770.0
 31
0.0
100
AcDbText
 73
3
  0
CIRCLE
  5
52C
330
17
100
AcDbEntity
  8
PERCAGES
100
AcDbCircle
 10
1600.0
 20
800.0
 30
0.0
 40
4.0
  0
POINT
  5
52D
330
17
100
AcDbEntity
  8
PERCAGES
100
AcDbPoint
 10
1600.0
 20
800.0
 30
0.0
  0
CIRCLE
  5
52E
330
17
100
AcDbEntity
  8
EMPRISE_SUSPENSION
 62
20
100
AcDbCircle
 10
1600.0
 20
800.0
 30
0.0
 40
25.0
  0
TEXT
  5
52F
330
17
100
AcDbEntity
  8
REPERES
100
AcDbText
 10
1600.0
 20
830.0
 30
0.0
 40
11.0
  1
P08
 72
1
 11
1600.0
 21
830.0
 31
0.0
100
AcDbText
 73
1
  0
TEXT
  5
530
330
17
100
AcDbEntity
  8
LONGUEURS_FIL
100
AcDbText
 10
1600.0
 20
770.0
 30
0.0
 40
15.0
  1
445
 72
1
 11
1600.0
 21
770.0
 31
0.0
100
AcDbText
 73
3
  0
CIRCLE
  5
531
330
17
100
AcDbEntity
  8
PERCAGES
100
AcDbCircle
 10
1800.0
 20
800.0
 30
0.0
 40
4.0
  0
POINT
  5
532
330
17
100
AcDbEntity
  8
PERCAGES
100
AcDbPoint
 10
1800.0
 20
800.0
 30
0.0
  0
CIRCLE
  5
533
330
17
100
AcDbEntity
  8
EMPRISE_SUSPENSION
 62
2
100
AcDbCircle
 10
1800.0
 20
800.0
 30
0.0
 40
25.0
  0
TEXT
  5
534
330
17
100
AcDbEntity
  8
REPERES
100
AcDbText
 10
1800.0
 20
830.0
 30
0.0
 40
11.0
  1
P09
 72
1
 11
1800.0
 21
830.0
 31
0.0
100
AcDbText
 73
1
  0
TEXT
  5
535
330
17
100
AcDbEntity
  8
LONGUEURS_FIL
100
AcDbText
 10
1800.0
 20
770.0
 30
0.0
 40
15.0
  1
129
 72
1
 11
1800.0
 21
770.0
 31
0.0
100
AcDbText
 73
3
  0
CIRCLE
  5
536
330
17
100
AcDbEntity
  8
PERCAGES
100
AcDbCircle
 10
2000.0
 20
800.0
 30
0.0
 40
4.0
  0
POINT
  5
537
330
17
100
AcDbEntity
  8
PERCAGES
100
AcDbPoint
 10
2000.0
 20
800.0
 30
0.0
  0
CIRCLE
  5
538
330
17
100
AcDbEntity
  8
EMPRISE_SUSPENSION
 62
40
100
AcDbCircle
 10
2000.0
 20
800.0
 30
0.0
 40
25.0
  0
TEXT
  5
539
330
17
100
AcDbEntity
  8
REPERES
100
AcDbText
 10
2000.0
 20
830.0
 30
0.0
 40
11.0
  1
P10
 72
1
 11
2000.0
 21
830.0
 31
0.0
100
AcDbText
 73
1
  0
TEXT
  5
53A
330
17
100
AcDbEntity
  8
LONGUEURS_FIL
100
AcDbText
 10
2000.0
 20
770.0
 30
0.0
 40
15.0
  1
212
 72
1
 11
2000.0
 21
770.0
 31
0.0
100
AcDbText
 73
3
  0
CIRCLE
  5
53B
330
17
100
AcDbEntity
  8
PERCAGES
100
AcDbCircle
 10
2200.0
 20
800.0
 30
0.0
 40
4.0
  0
POINT
  5
53C
330
17
100
AcDbEntity
  8
PERCAGES
100
AcDbPoint
 10
2200.0
 20
800.0
 30
0.0
  0
CIRCLE
  5
53D
330
17
100
AcDbEntity
  8
EMPRISE_SUSPENSION
 62
2
100
AcDbCircle
 10
2200.0
 20
800.0
 30
0.0
 40
25.0
  0
TEXT
  5
53E
330
17
100
AcDbEntity
  8
REPERES
100
AcDbText
 10
2200.0
 20
830.0
 30
0.0
 40
11.0
  1
P11
 72
1
 11
2200.0
 21
830.0
 31
0.0
100
AcDbText
 73
1
  0
TEXT
  5
53F
330
17
100
AcDbEntity
  8
LONGUEURS_FIL
100
AcDbText
 10
2200.0
 20
770.0
 30
0.0
 40
15.0
  1
158
 72
1
 11
2200.0
 21
770.0
 31
0.0
100
AcDbText
 73
3
  0
CIRCLE
  5
540
330
17
100
AcDbEntity
  8
PERCAGES
100
AcDbCircle
 10
2400.0
 20
800.0
 30
0.0
 40
4.0
  0
POINT
  5
541
330
17
100
AcDbEntity
  8
PERCAGES
100
AcDbPoint
 10
2400.0
 20
800.0
 30
0.0
  0
CIRCLE
  5
542
330
17
100
AcDbEntity
  8
EMPRISE_SUSPENSION
 62
20
100
AcDbCircle
 10
2400.0
 20
800.0
 30
0.0
 40
25.0
  0
TEXT
  5
543
330
17
100
AcDbEntity
  8
REPERES
100
AcDbText
 10
2400.0
 20
830.0
 30
0.0
 40
11.0
  1
P12
 72
1
 11
2400.0
 21
830.0
 31
0.0
100
AcDbText
 73
1
  0
TEXT
  5
544
330
17
100
AcDbEntity
  8
LONGUEURS_FIL
100
AcDbText
 10
2400.0
 20
770.0
 30
0.0
 40
15.0
  1
418
 72
1
 11
2400.0
 21
770.0
 31
0.0
100
AcDbText
 73
3
  0
CIRCLE
  5
545
330
17
100
AcDbEntity
  8
PERCAGES
100
AcDbCircle
 10
2600.0
 20
800.0
 30
0.0
 40
4.0
  0
POINT
  5
546
330
17
100
AcDbEntity
  8
PERCAGES
100
AcDbPoint
 10
2600.0
 20
800.0
 30
0.0
  0
CIRCLE
  5
547
330
17
100
AcDbEntity
  8
EMPRISE_SUSPENSION
 62
40
100
AcDbCircle
 10
2600.0
 20
800.0
 30
0.0
 40
25.0
  0
TEXT
  5
548
330
17
100
AcDbEntity
  8
REPERES
100
AcDbText
 10
2600.0
 20
830.0
 30
0.0
 40
11.0
  1
P13
 72
1
 11
2600.0
 21
830.0
 31
0.0
100
AcDbText
 73
1
  0
TEXT
  5
549
330
17
100
AcDbEntity
  8
LONGUEURS_FIL
100
AcDbText
 10
2600.0
 20
770.0
 30
0.0
 40
15.0
  1
277
 72
1
 11
2600.0
 21
770.0
 31
0.0
100
AcDbText
 73
3
  0
CIRCLE
  5
54A
330
17
100
AcDbEntity
  8
PERCAGES
100
AcDbCircle
 10
2800.0
 20
800.0
 30
0.0
 40
4.0
  0
POINT
  5
54B
330
17
100
AcDbEntity
  8
PERCAGES
100
AcDbPoint
 10
2800.0
 20
800.0
 30
0.0
  0
CIRCLE
  5
54C
330
17
100
AcDbEntity
  8
EMPRISE_SUSPENSION
 62
30
100
AcDbCircle
 10
2800.0
 20
800.0
 30
0.0
 40
25.0
  0
TEXT
  5
54D
330
17
100
AcDbEntity
  8
REPERES
100
AcDbText
 10
2800.0
 20
830.0
 30
0.0
 40
11.0
  1
P14
 72
1
 11
2800.0
 21
830.0
 31
0.0
100
AcDbText
 73
1
  0
TEXT
  5
54E
330
17
100
AcDbEntity
  8
LONGUEURS_FIL
100
AcDbText
 10
2800.0
 20
770.0
 30
0.0
 40
15.0
  1
352
 72
1
 11
2800.0
 21
770.0
 31
0.0
100
AcDbText
 73
3
  0
CIRCLE
  5
54F
330
17
100
AcDbEntity
  8
PERCAGES
100
AcDbCircle
 10
100.0
 20
700.0
 30
0.0
 40
4.0
  0
POINT
  5
550
330
17
100
AcDbEntity
  8
PERCAGES
100
AcDbPoint
 10
100.0
 20
700.0
 30
0.0
  0
CIRCLE
  5
551
330
17
100
AcDbEntity
  8
EMPRISE_SUSPENSION
 62
30
100
AcDbCircle
 10
100.0
 20
700.0
 30
0.0
 40
25.0
  0
TEXT
  5
552
330
17
100
AcDbEntity
  8
REPERES
100
AcDbText
 10
100.0
 20
730.0
 30
0.0
 40
11.0
  1
Q01
 72
1
 11
100.0
 21
730.0
 31
0.0
100
AcDbText
 73
1
  0
TEXT
  5
553
330
17
100
AcDbEntity
  8
LONGUEURS_FIL
100
AcDbText
 10
100.0
 20
670.0
 30
0.0
 40
15.0
  1
400
 72
1
 11
100.0
 21
670.0
 31
0.0
100
AcDbText
 73
3
  0
CIRCLE
  5
554
330
17
100
AcDbEntity
  8
PERCAGES
100
AcDbCircle
 10
300.0
 20
700.0
 30
0.0
 40
4.0
  0
POINT
  5
555
330
17
100
AcDbEntity
  8
PERCAGES
100
AcDbPoint
 10
300.0
 20
700.0
 30
0.0
  0
CIRCLE
  5
556
330
17
100
AcDbEntity
  8
EMPRISE_SUSPENSION
 62
2
100
AcDbCircle
 10
300.0
 20
700.0
 30
0.0
 40
25.0
  0
TEXT
  5
557
330
17
100
AcDbEntity
  8
REPERES
100
AcDbText
 10
300.0
 20
730.0
 30
0.0
 40
11.0
  1
Q02
 72
1
 11
300.0
 21
730.0
 31
0.0
100
AcDbText
 73
1
  0
TEXT
  5
558
330
17
100
AcDbEntity
  8
LONGUEURS_FIL
100
AcDbText
 10
300.0
 20
670.0
 30
0.0
 40
15.0
  1
111
 72
1
 11
300.0
 21
670.0
 31
0.0
100
AcDbText
 73
3
  0
CIRCLE
  5
559
330
17
100
AcDbEntity
  8
PERCAGES
100
AcDbCircle
 10
500.0
 20
700.0
 30
0.0
 40
4.0
  0
POINT
  5
55A
330
17
100
AcDbEntity
  8
PERCAGES
100
AcDbPoint
 10
500.0
 20
700.0
 30
0.0
  0
CIRCLE
  5
55B
330
17
100
AcDbEntity
  8
EMPRISE_SUSPENSION
 62
40
100
AcDbCircle
 10
500.0
 20
700.0
 30
0.0
 40
25.0
  0
TEXT
  5
55C
330
17
100
AcDbEntity
  8
REPERES
100
AcDbText
 10
500.0
 20
730.0
 30
0.0
 40
11.0
  1
Q03
 72
1
 11
500.0
 21
730.0
 31
0.0
100
AcDbText
 73
1
  0
TEXT
  5
55D
330
17
100
AcDbEntity
  8
LONGUEURS_FIL
100
AcDbText
 10
500.0
 20
670.0
 30
0.0
 40
15.0
  1
297
 72
1
 11
500.0
 21
670.0
 31
0.0
100
AcDbText
 73
3
  0
CIRCLE
  5
55E
330
17
100
AcDbEntity
  8
PERCAGES
100
AcDbCircle
 10
700.0
 20
700.0
 30
0.0
 40
4.0
  0
POINT
  5
55F
330
17
100
AcDbEntity
  8
PERCAGES
100
AcDbPoint
 10
700.0
 20
700.0
 30
0.0
  0
CIRCLE
  5
560
330
17
100
AcDbEntity
  8
EMPRISE_SUSPENSION
 62
2
100
AcDbCircle
 10
700.0
 20
700.0
 30
0.0
 40
25.0
  0
TEXT
  5
561
330
17
100
AcDbEntity
  8
REPERES
100
AcDbText
 10
700.0
 20
730.0
 30
0.0
 40
11.0
  1
Q04
 72
1
 11
700.0
 21
730.0
 31
0.0
100
AcDbText
 73
1
  0
TEXT
  5
562
330
17
100
AcDbEntity
  8
LONGUEURS_FIL
100
AcDbText
 10
700.0
 20
670.0
 30
0.0
 40
15.0
  1
106
 72
1
 11
700.0
 21
670.0
 31
0.0
100
AcDbText
 73
3
  0
CIRCLE
  5
563
330
17
100
AcDbEntity
  8
PERCAGES
100
AcDbCircle
 10
900.0
 20
700.0
 30
0.0
 40
4.0
  0
POINT
  5
564
330
17
100
AcDbEntity
  8
PERCAGES
100
AcDbPoint
 10
900.0
 20
700.0
 30
0.0
  0
CIRCLE
  5
565
330
17
100
AcDbEntity
  8
EMPRISE_SUSPENSION
 62
20
100
AcDbCircle
 10
900.0
 20
700.0
 30
0.0
 40
25.0
  0
TEXT
  5
566
330
17
100
AcDbEntity
  8
REPERES
100
AcDbText
 10
900.0
 20
730.0
 30
0.0
 40
11.0
  1
Q05
 72
1
 11
900.0
 21
730.0
 31
0.0
100
AcDbText
 73
1
  0
TEXT
  5
567
330
17
100
AcDbEntity
  8
LONGUEURS_FIL
100
AcDbText
 10
900.0
 20
670.0
 30
0.0
 40
15.0
  1
467
 72
1
 11
900.0
 21
670.0
 31
0.0
100
AcDbText
 73
3
  0
CIRCLE
  5
568
330
17
100
AcDbEntity
  8
PERCAGES
100
AcDbCircle
 10
1100.0
 20
700.0
 30
0.0
 40
4.0
  0
POINT
  5
569
330
17
100
AcDbEntity
  8
PERCAGES
100
AcDbPoint
 10
1100.0
 20
700.0
 30
0.0
  0
CIRCLE
  5
56A
330
17
100
AcDbEntity
  8
EMPRISE_SUSPENSION
 62
2
100
AcDbCircle
 10
1100.0
 20
700.0
 30
0.0
 40
25.0
  0
TEXT
  5
56B
330
17
100
AcDbEntity
  8
REPERES
100
AcDbText
 10
1100.0
 20
730.0
 30
0.0
 40
11.0
  1
Q06
 72
1
 11
1100.0
 21
730.0
 31
0.0
100
AcDbText
 73
1
  0
TEXT
  5
56C
330
17
100
AcDbEntity
  8
LONGUEURS_FIL
100
AcDbText
 10
1100.0
 20
670.0
 30
0.0
 40
15.0
  1
147
 72
1
 11
1100.0
 21
670.0
 31
0.0
100
AcDbText
 73
3
  0
CIRCLE
  5
56D
330
17
100
AcDbEntity
  8
PERCAGES
100
AcDbCircle
 10
1300.0
 20
700.0
 30
0.0
 40
4.0
  0
POINT
  5
56E
330
17
100
AcDbEntity
  8
PERCAGES
100
AcDbPoint
 10
1300.0
 20
700.0
 30
0.0
  0
CIRCLE
  5
56F
330
17
100
AcDbEntity
  8
EMPRISE_SUSPENSION
 62
20
100
AcDbCircle
 10
1300.0
 20
700.0
 30
0.0
 40
25.0
  0
TEXT
  5
570
330
17
100
AcDbEntity
  8
REPERES
100
AcDbText
 10
1300.0
 20
730.0
 30
0.0
 40
11.0
  1
Q07
 72
1
 11
1300.0
 21
730.0
 31
0.0
100
AcDbText
 73
1
  0
TEXT
  5
571
330
17
100
AcDbEntity
  8
LONGUEURS_FIL
100
AcDbText
 10
1300.0
 20
670.0
 30
0.0
 40
15.0
  1
427
 72
1
 11
1300.0
 21
670.0
 31
0.0
100
AcDbText
 73
3
  0
CIRCLE
  5
572
330
17
100
AcDbEntity
  8
PERCAGES
100
AcDbCircle
 10
1500.0
 20
700.0
 30
0.0
 40
4.0
  0
POINT
  5
573
330
17
100
AcDbEntity
  8
PERCAGES
100
AcDbPoint
 10
1500.0
 20
700.0
 30
0.0
  0
CIRCLE
  5
574
330
17
100
AcDbEntity
  8
EMPRISE_SUSPENSION
 62
2
100
AcDbCircle
 10
1500.0
 20
700.0
 30
0.0
 40
25.0
  0
TEXT
  5
575
330
17
100
AcDbEntity
  8
REPERES
100
AcDbText
 10
1500.0
 20
730.0
 30
0.0
 40
11.0
  1
Q08
 72
1
 11
1500.0
 21
730.0
 31
0.0
100
AcDbText
 73
1
  0
TEXT
  5
576
330
17
100
AcDbEntity
  8
LONGUEURS_FIL
100
AcDbText
 10
1500.0
 20
670.0
 30
0.0
 40
15.0
  1
187
 72
1
 11
1500.0
 21
670.0
 31
0.0
100
AcDbText
 73
3
  0
CIRCLE
  5
577
330
17
100
AcDbEntity
  8
PERCAGES
100
AcDbCircle
 10
1700.0
 20
700.0
 30
0.0
 40
4.0
  0
POINT
  5
578
330
17
100
AcDbEntity
  8
PERCAGES
100
AcDbPoint
 10
1700.0
 20
700.0
 30
0.0
  0
CIRCLE
  5
579
330
17
100
AcDbEntity
  8
EMPRISE_SUSPENSION
 62
1
100
AcDbCircle
 10
1700.0
 20
700.0
 30
0.0
 40
25.0
  0
TEXT
  5
57A
330
17
100
AcDbEntity
  8
REPERES
100
AcDbText
 10
1700.0
 20
730.0
 30
0.0
 40
11.0
  1
Q09
 72
1
 11
1700.0
 21
730.0
 31
0.0
100
AcDbText
 73
1
  0
TEXT
  5
57B
330
17
100
AcDbEntity
  8
LONGUEURS_FIL
100
AcDbText
 10
1700.0
 20
670.0
 30
0.0
 40
15.0
  1
533
 72
1
 11
1700.0
 21
670.0
 31
0.0
100
AcDbText
 73
3
  0
CIRCLE
  5
57C
330
17
100
AcDbEntity
  8
PERCAGES
100
AcDbCircle
 10
1900.0
 20
700.0
 30
0.0
 40
4.0
  0
POINT
  5
57D
330
17
100
AcDbEntity
  8
PERCAGES
100
AcDbPoint
 10
1900.0
 20
700.0
 30
0.0
  0
CIRCLE
  5
57E
330
17
100
AcDbEntity
  8
EMPRISE_SUSPENSION
 62
20
100
AcDbCircle
 10
1900.0
 20
700.0
 30
0.0
 40
25.0
  0
TEXT
  5
57F
330
17
100
AcDbEntity
  8
REPERES
100
AcDbText
 10
1900.0
 20
730.0
 30
0.0
 40
11.0
  1
Q10
 72
1
 11
1900.0
 21
730.0
 31
0.0
100
AcDbText
 73
1
  0
TEXT
  5
580
330
17
100
AcDbEntity
  8
LONGUEURS_FIL
100
AcDbText
 10
1900.0
 20
670.0
 30
0.0
 40
15.0
  1
446
 72
1
 11
1900.0
 21
670.0
 31
0.0
100
AcDbText
 73
3
  0
CIRCLE
  5
581
330
17
100
AcDbEntity
  8
PERCAGES
100
AcDbCircle
 10
2100.0
 20
700.0
 30
0.0
 40
4.0
  0
POINT
  5
582
330
17
100
AcDbEntity
  8
PERCAGES
100
AcDbPoint
 10
2100.0
 20
700.0
 30
0.0
  0
CIRCLE
  5
583
330
17
100
AcDbEntity
  8
EMPRISE_SUSPENSION
 62
30
100
AcDbCircle
 10
2100.0
 20
700.0
 30
0.0
 40
25.0
  0
TEXT
  5
584
330
17
100
AcDbEntity
  8
REPERES
100
AcDbText
 10
2100.0
 20
730.0
 30
0.0
 40
11.0
  1
Q11
 72
1
 11
2100.0
 21
730.0
 31
0.0
100
AcDbText
 73
1
  0
TEXT
  5
585
330
17
100
AcDbEntity
  8
LONGUEURS_FIL
100
AcDbText
 10
2100.0
 20
670.0
 30
0.0
 40
15.0
  1
368
 72
1
 11
2100.0
 21
670.0
 31
0.0
100
AcDbText
 73
3
  0
CIRCLE
  5
586
330
17
100
AcDbEntity
  8
PERCAGES
100
AcDbCircle
 10
2300.0
 20
700.0
 30
0.0
 40
4.0
  0
POINT
  5
587
330
17
100
AcDbEntity
  8
PERCAGES
100
AcDbPoint
 10
2300.0
 20
700.0
 30
0.0
  0
CIRCLE
  5
588
330
17
100
AcDbEntity
  8
EMPRISE_SUSPENSION
 62
20
100
AcDbCircle
 10
2300.0
 20
700.0
 30
0.0
 40
25.0
  0
TEXT
  5
589
330
17
100
AcDbEntity
  8
REPERES
100
AcDbText
 10
2300.0
 20
730.0
 30
0.0
 40
11.0
  1
Q12
 72
1
 11
2300.0
 21
730.0
 31
0.0
100
AcDbText
 73
1
  0
TEXT
  5
58A
330
17
100
AcDbEntity
  8
LONGUEURS_FIL
100
AcDbText
 10
2300.0
 20
670.0
 30
0.0
 40
15.0
  1
516
 72
1
 11
2300.0
 21
670.0
 31
0.0
100
AcDbText
 73
3
  0
CIRCLE
  5
58B
330
17
100
AcDbEntity
  8
PERCAGES
100
AcDbCircle
 10
2500.0
 20
700.0
 30
0.0
 40
4.0
  0
POINT
  5
58C
330
17
100
AcDbEntity
  8
PERCAGES
100
AcDbPoint
 10
2500.0
 20
700.0
 30
0.0
  0
CIRCLE
  5
58D
330
17
100
AcDbEntity
  8
EMPRISE_SUSPENSION
 62
2
100
AcDbCircle
 10
2500.0
 20
700.0
 30
0.0
 40
25.0
  0
TEXT
  5
58E
330
17
100
AcDbEntity
  8
REPERES
100
AcDbText
 10
2500.0
 20
730.0
 30
0.0
 40
11.0
  1
Q13
 72
1
 11
2500.0
 21
730.0
 31
0.0
100
AcDbText
 73
1
  0
TEXT
  5
58F
330
17
100
AcDbEntity
  8
LONGUEURS_FIL
100
AcDbText
 10
2500.0
 20
670.0
 30
0.0
 40
15.0
  1
178
 72
1
 11
2500.0
 21
670.0
 31
0.0
100
AcDbText
 73
3
  0
CIRCLE
  5
590
330
17
100
AcDbEntity
  8
PERCAGES
100
AcDbCircle
 10
2700.0
 20
700.0
 30
0.0
 40
4.0
  0
POINT
  5
591
330
17
100
AcDbEntity
  8
PERCAGES
100
AcDbPoint
 10
2700.0
 20
700.0
 30
0.0
  0
CIRCLE
  5
592
330
17
100
AcDbEntity
  8
EMPRISE_SUSPENSION
 62
2
100
AcDbCircle
 10
2700.0
 20
700.0
 30
0.0
 40
25.0
  0
TEXT
  5
593
330
17
100
AcDbEntity
  8
REPERES
100
AcDbText
 10
2700.0
 20
730.0
 30
0.0
 40
11.0
  1
Q14
 72
1
 11
2700.0
 21
730.0
 31
0.0
100
AcDbText
 73
1
  0
TEXT
  5
594
330
17
100
AcDbEntity
  8
LONGUEURS_FIL
100
AcDbText
 10
2700.0
 20
670.0
 30
0.0
 40
15.0
  1
107
 72
1
 11
2700.0
 21
670.0
 31
0.0
100
AcDbText
 73
3
  0
CIRCLE
  5
595
330
17
100
AcDbEntity
  8
PERCAGES
100
AcDbCircle
 10
2900.0
 20
700.0
 30
0.0
 40
4.0
  0
POINT
  5
596
330
17
100
AcDbEntity
  8
PERCAGES
100
AcDbPoint
 10
2900.0
 20
700.0
 30
0.0
  0
CIRCLE
  5
597
330
17
100
AcDbEntity
  8
EMPRISE_SUSPENSION
 62
20
100
AcDbCircle
 10
2900.0
 20
700.0
 30
0.0
 40
25.0
  0
TEXT
  5
598
330
17
100
AcDbEntity
  8
REPERES
100
AcDbText
 10
2900.0
 20
730.0
 30
0.0
 40
11.0
  1
Q15
 72
1
 11
2900.0
 21
730.0
 31
0.0
100
AcDbText
 73
1
  0
TEXT
  5
599
330
17
100
AcDbEntity
  8
LONGUEURS_FIL
100
AcDbText
 10
2900.0
 20
670.0
 30
0.0
 40
15.0
  1
461
 72
1
 11
2900.0
 21
670.0
 31
0.0
100
AcDbText
 73
3
  0
CIRCLE
  5
59A
330
17
100
AcDbEntity
  8
PERCAGES
100
AcDbCircle
 10
200.0
 20
600.0
 30
0.0
 40
4.0
  0
POINT
  5
59B
330
17
100
AcDbEntity
  8
PERCAGES
100
AcDbPoint
 10
200.0
 20
600.0
 30
0.0
  0
CIRCLE
  5
59C
330
17
100
AcDbEntity
  8
EMPRISE_SUSPENSION
 62
20
100
AcDbCircle
 10
200.0
 20
600.0
 30
0.0
 40
25.0
  0
TEXT
  5
59D
330
17
100
AcDbEntity
  8
REPERES
100
AcDbText
 10
200.0
 20
630.0
 30
0.0
 40
11.0
  1
R01
 72
1
 11
200.0
 21
630.0
 31
0.0
100
AcDbText
 73
1
  0
TEXT
  5
59E
330
17
100
AcDbEntity
  8
LONGUEURS_FIL
100
AcDbText
 10
200.0
 20
570.0
 30
0.0
 40
15.0
  1
479
 72
1
 11
200.0
 21
570.0
 31
0.0
100
AcDbText
 73
3
  0
CIRCLE
  5
59F
330
17
100
AcDbEntity
  8
PERCAGES
100
AcDbCircle
 10
400.0
 20
600.0
 30
0.0
 40
4.0
  0
POINT
  5
5A0
330
17
100
AcDbEntity
  8
PERCAGES
100
AcDbPoint
 10
400.0
 20
600.0
 30
0.0
  0
CIRCLE
  5
5A1
330
17
100
AcDbEntity
  8
EMPRISE_SUSPENSION
 62
2
100
AcDbCircle
 10
400.0
 20
600.0
 30
0.0
 40
25.0
  0
TEXT
  5
5A2
330
17
100
AcDbEntity
  8
REPERES
100
AcDbText
 10
400.0
 20
630.0
 30
0.0
 40
11.0
  1
R02
 72
1
 11
400.0
 21
630.0
 31
0.0
100
AcDbText
 73
1
  0
TEXT
  5
5A3
330
17
100
AcDbEntity
  8
LONGUEURS_FIL
100
AcDbText
 10
400.0
 20
570.0
 30
0.0
 40
15.0
  1
182
 72
1
 11
400.0
 21
570.0
 31
0.0
100
AcDbText
 73
3
  0
CIRCLE
  5
5A4
330
17
100
AcDbEntity
  8
PERCAGES
100
AcDbCircle
 10
600.0
 20
600.0
 30
0.0
 40
4.0
  0
POINT
  5
5A5
330
17
100
AcDbEntity
  8
PERCAGES
100
AcDbPoint
 10
600.0
 20
600.0
 30
0.0
  0
CIRCLE
  5
5A6
330
17
100
AcDbEntity
  8
EMPRISE_SUSPENSION
 62
1
100
AcDbCircle
 10
600.0
 20
600.0
 30
0.0
 40
25.0
  0
TEXT
  5
5A7
330
17
100
AcDbEntity
  8
REPERES
100
AcDbText
 10
600.0
 20
630.0
 30
0.0
 40
11.0
  1
R03
 72
1
 11
600.0
 21
630.0
 31
0.0
100
AcDbText
 73
1
  0
TEXT
  5
5A8
330
17
100
AcDbEntity
  8
LONGUEURS_FIL
100
AcDbText
 10
600.0
 20
570.0
 30
0.0
 40
15.0
  1
543
 72
1
 11
600.0
 21
570.0
 31
0.0
100
AcDbText
 73
3
  0
CIRCLE
  5
5A9
330
17
100
AcDbEntity
  8
PERCAGES
100
AcDbCircle
 10
800.0
 20
600.0
 30
0.0
 40
4.0
  0
POINT
  5
5AA
330
17
100
AcDbEntity
  8
PERCAGES
100
AcDbPoint
 10
800.0
 20
600.0
 30
0.0
  0
CIRCLE
  5
5AB
330
17
100
AcDbEntity
  8
EMPRISE_SUSPENSION
 62
2
100
AcDbCircle
 10
800.0
 20
600.0
 30
0.0
 40
25.0
  0
TEXT
  5
5AC
330
17
100
AcDbEntity
  8
REPERES
100
AcDbText
 10
800.0
 20
630.0
 30
0.0
 40
11.0
  1
R04
 72
1
 11
800.0
 21
630.0
 31
0.0
100
AcDbText
 73
1
  0
TEXT
  5
5AD
330
17
100
AcDbEntity
  8
LONGUEURS_FIL
100
AcDbText
 10
800.0
 20
570.0
 30
0.0
 40
15.0
  1
191
 72
1
 11
800.0
 21
570.0
 31
0.0
100
AcDbText
 73
3
  0
CIRCLE
  5
5AE
330
17
100
AcDbEntity
  8
PERCAGES
100
AcDbCircle
 10
1000.0
 20
600.0
 30
0.0
 40
4.0
  0
POINT
  5
5AF
330
17
100
AcDbEntity
  8
PERCAGES
100
AcDbPoint
 10
1000.0
 20
600.0
 30
0.0
  0
CIRCLE
  5
5B0
330
17
100
AcDbEntity
  8
EMPRISE_SUSPENSION
 62
1
100
AcDbCircle
 10
1000.0
 20
600.0
 30
0.0
 40
25.0
  0
TEXT
  5
5B1
330
17
100
AcDbEntity
  8
REPERES
100
AcDbText
 10
1000.0
 20
630.0
 30
0.0
 40
11.0
  1
R05
 72
1
 11
1000.0
 21
630.0
 31
0.0
100
AcDbText
 73
1
  0
TEXT
  5
5B2
330
17
100
AcDbEntity
  8
LONGUEURS_FIL
100
AcDbText
 10
1000.0
 20
570.0
 30
0.0
 40
15.0
  1
561
 72
1
 11
1000.0
 21
570.0
 31
0.0
100
AcDbText
 73
3
  0
CIRCLE
  5
5B3
330
17
100
AcDbEntity
  8
PERCAGES
100
AcDbCircle
 10
1200.0
 20
600.0
 30
0.0
 40
4.0
  0
POINT
  5
5B4
330
17
100
AcDbEntity
  8
PERCAGES
100
AcDbPoint
 10
1200.0
 20
600.0
 30
0.0
  0
CIRCLE
  5
5B5
330
17
100
AcDbEntity
  8
EMPRISE_SUSPENSION
 62
30
100
AcDbCircle
 10
1200.0
 20
600.0
 30
0.0
 40
25.0
  0
TEXT
  5
5B6
330
17
100
AcDbEntity
  8
REPERES
100
AcDbText
 10
1200.0
 20
630.0
 30
0.0
 40
11.0
  1
R06
 72
1
 11
1200.0
 21
630.0
 31
0.0
100
AcDbText
 73
1
  0
TEXT
  5
5B7
330
17
100
AcDbEntity
  8
LONGUEURS_FIL
100
AcDbText
 10
1200.0
 20
570.0
 30
0.0
 40
15.0
  1
346
 72
1
 11
1200.0
 21
570.0
 31
0.0
100
AcDbText
 73
3
  0
CIRCLE
  5
5B8
330
17
100
AcDbEntity
  8
PERCAGES
100
AcDbCircle
 10
1400.0
 20
600.0
 30
0.0
 40
4.0
  0
POINT
  5
5B9
330
17
100
AcDbEntity
  8
PERCAGES
100
AcDbPoint
 10
1400.0
 20
600.0
 30
0.0
  0
CIRCLE
  5
5BA
330
17
100
AcDbEntity
  8
EMPRISE_SUSPENSION
 62
40
100
AcDbCircle
 10
1400.0
 20
600.0
 30
0.0
 40
25.0
  0
TEXT
  5
5BB
330
17
100
AcDbEntity
  8
REPERES
100
AcDbText
 10
1400.0
 20
630.0
 30
0.0
 40
11.0
  1
R07
 72
1
 11
1400.0
 21
630.0
 31
0.0
100
AcDbText
 73
1
  0
TEXT
  5
5BC
330
17
100
AcDbEntity
  8
LONGUEURS_FIL
100
AcDbText
 10
1400.0
 20
570.0
 30
0.0
 40
15.0
  1
247
 72
1
 11
1400.0
 21
570.0
 31
0.0
100
AcDbText
 73
3
  0
CIRCLE
  5
5BD
330
17
100
AcDbEntity
  8
PERCAGES
100
AcDbCircle
 10
1600.0
 20
600.0
 30
0.0
 40
4.0
  0
POINT
  5
5BE
330
17
100
AcDbEntity
  8
PERCAGES
100
AcDbPoint
 10
1600.0
 20
600.0
 30
0.0
  0
CIRCLE
  5
5BF
330
17
100
AcDbEntity
  8
EMPRISE_SUSPENSION
 62
30
100
AcDbCircle
 10
1600.0
 20
600.0
 30
0.0
 40
25.0
  0
TEXT
  5
5C0
330
17
100
AcDbEntity
  8
REPERES
100
AcDbText
 10
1600.0
 20
630.0
 30
0.0
 40
11.0
  1
R08
 72
1
 11
1600.0
 21
630.0
 31
0.0
100
AcDbText
 73
1
  0
TEXT
  5
5C1
330
17
100
AcDbEntity
  8
LONGUEURS_FIL
100
AcDbText
 10
1600.0
 20
570.0
 30
0.0
 40
15.0
  1
344
 72
1
 11
1600.0
 21
570.0
 31
0.0
100
AcDbText
 73
3
  0
CIRCLE
  5
5C2
330
17
100
AcDbEntity
  8
PERCAGES
100
AcDbCircle
 10
1800.0
 20
600.0
 30
0.0
 40
4.0
  0
POINT
  5
5C3
330
17
100
AcDbEntity
  8
PERCAGES
100
AcDbPoint
 10
1800.0
 20
600.0
 30
0.0
  0
CIRCLE
  5
5C4
330
17
100
AcDbEntity
  8
EMPRISE_SUSPENSION
 62
40
100
AcDbCircle
 10
1800.0
 20
600.0
 30
0.0
 40
25.0
  0
TEXT
  5
5C5
330
17
100
AcDbEntity
  8
REPERES
100
AcDbText
 10
1800.0
 20
630.0
 30
0.0
 40
11.0
  1
R09
 72
1
 11
1800.0
 21
630.0
 31
0.0
100
AcDbText
 73
1
  0
TEXT
  5
5C6
330
17
100
AcDbEntity
  8
LONGUEURS_FIL
100
AcDbText
 10
1800.0
 20
570.0
 30
0.0
 40
15.0
  1
232
 72
1
 11
1800.0
 21
570.0
 31
0.0
100
AcDbText
 73
3
  0
CIRCLE
  5
5C7
330
17
100
AcDbEntity
  8
PERCAGES
100
AcDbCircle
 10
2000.0
 20
600.0
 30
0.0
 40
4.0
  0
POINT
  5
5C8
330
17
100
AcDbEntity
  8
PERCAGES
100
AcDbPoint
 10
2000.0
 20
600.0
 30
0.0
  0
CIRCLE
  5
5C9
330
17
100
AcDbEntity
  8
EMPRISE_SUSPENSION
 62
1
100
AcDbCircle
 10
2000.0
 20
600.0
 30
0.0
 40
25.0
  0
TEXT
  5
5CA
330
17
100
AcDbEntity
  8
REPERES
100
AcDbText
 10
2000.0
 20
630.0
 30
0.0
 40
11.0
  1
R10
 72
1
 11
2000.0
 21
630.0
 31
0.0
100
AcDbText
 73
1
  0
TEXT
  5
5CB
330
17
100
AcDbEntity
  8
LONGUEURS_FIL
100
AcDbText
 10
2000.0
 20
570.0
 30
0.0
 40
15.0
  1
531
 72
1
 11
2000.0
 21
570.0
 31
0.0
100
AcDbText
 73
3
  0
CIRCLE
  5
5CC
330
17
100
AcDbEntity
  8
PERCAGES
100
AcDbCircle
 10
2200.0
 20
600.0
 30
0.0
 40
4.0
  0
POINT
  5
5CD
330
17
100
AcDbEntity
  8
PERCAGES
100
AcDbPoint
 10
2200.0
 20
600.0
 30
0.0
  0
CIRCLE
  5
5CE
330
17
100
AcDbEntity
  8
EMPRISE_SUSPENSION
 62
40
100
AcDbCircle
 10
2200.0
 20
600.0
 30
0.0
 40
25.0
  0
TEXT
  5
5CF
330
17
100
AcDbEntity
  8
REPERES
100
AcDbText
 10
2200.0
 20
630.0
 30
0.0
 40
11.0
  1
R11
 72
1
 11
2200.0
 21
630.0
 31
0.0
100
AcDbText
 73
1
  0
TEXT
  5
5D0
330
17
100
AcDbEntity
  8
LONGUEURS_FIL
100
AcDbText
 10
2200.0
 20
570.0
 30
0.0
 40
15.0
  1
264
 72
1
 11
2200.0
 21
570.0
 31
0.0
100
AcDbText
 73
3
  0
CIRCLE
  5
5D1
330
17
100
AcDbEntity
  8
PERCAGES
100
AcDbCircle
 10
2400.0
 20
600.0
 30
0.0
 40
4.0
  0
POINT
  5
5D2
330
17
100
AcDbEntity
  8
PERCAGES
100
AcDbPoint
 10
2400.0
 20
600.0
 30
0.0
  0
CIRCLE
  5
5D3
330
17
100
AcDbEntity
  8
EMPRISE_SUSPENSION
 62
30
100
AcDbCircle
 10
2400.0
 20
600.0
 30
0.0
 40
25.0
  0
TEXT
  5
5D4
330
17
100
AcDbEntity
  8
REPERES
100
AcDbText
 10
2400.0
 20
630.0
 30
0.0
 40
11.0
  1
R12
 72
1
 11
2400.0
 21
630.0
 31
0.0
100
AcDbText
 73
1
  0
TEXT
  5
5D5
330
17
100
AcDbEntity
  8
LONGUEURS_FIL
100
AcDbText
 10
2400.0
 20
570.0
 30
0.0
 40
15.0
  1
343
 72
1
 11
2400.0
 21
570.0
 31
0.0
100
AcDbText
 73
3
  0
CIRCLE
  5
5D6
330
17
100
AcDbEntity
  8
PERCAGES
100
AcDbCircle
 10
2600.0
 20
600.0
 30
0.0
 40
4.0
  0
POINT
  5
5D7
330
17
100
AcDbEntity
  8
PERCAGES
100
AcDbPoint
 10
2600.0
 20
600.0
 30
0.0
  0
CIRCLE
  5
5D8
330
17
100
AcDbEntity
  8
EMPRISE_SUSPENSION
 62
20
100
AcDbCircle
 10
2600.0
 20
600.0
 30
0.0
 40
25.0
  0
TEXT
  5
5D9
330
17
100
AcDbEntity
  8
REPERES
100
AcDbText
 10
2600.0
 20
630.0
 30
0.0
 40
11.0
  1
R13
 72
1
 11
2600.0
 21
630.0
 31
0.0
100
AcDbText
 73
1
  0
TEXT
  5
5DA
330
17
100
AcDbEntity
  8
LONGUEURS_FIL
100
AcDbText
 10
2600.0
 20
570.0
 30
0.0
 40
15.0
  1
497
 72
1
 11
2600.0
 21
570.0
 31
0.0
100
AcDbText
 73
3
  0
CIRCLE
  5
5DB
330
17
100
AcDbEntity
  8
PERCAGES
100
AcDbCircle
 10
2800.0
 20
600.0
 30
0.0
 40
4.0
  0
POINT
  5
5DC
330
17
100
AcDbEntity
  8
PERCAGES
100
AcDbPoint
 10
2800.0
 20
600.0
 30
0.0
  0
CIRCLE
  5
5DD
330
17
100
AcDbEntity
  8
EMPRISE_SUSPENSION
 62
2
100
AcDbCircle
 10
2800.0
 20
600.0
 30
0.0
 40
25.0
  0
TEXT
  5
5DE
330
17
100
AcDbEntity
  8
REPERES
100
AcDbText
 10
2800.0
 20
630.0
 30
0.0
 40
11.0
  1
R14
 72
1
 11
2800.0
 21
630.0
 31
0.0
100
AcDbText
 73
1
  0
TEXT
  5
5DF
330
17
100
AcDbEntity
  8
LONGUEURS_FIL
100
AcDbText
 10
2800.0
 20
570.0
 30
0.0
 40
15.0
  1
202
 72
1
 11
2800.0
 21
570.0
 31
0.0
100
AcDbText
 73
3
  0
CIRCLE
  5
5E0
330
17
100
AcDbEntity
  8
PERCAGES
100
AcDbCircle
 10
100.0
 20
500.0
 30
0.0
 40
4.0
  0
POINT
  5
5E1
330
17
100
AcDbEntity
  8
PERCAGES
100
AcDbPoint
 10
100.0
 20
500.0
 30
0.0
  0
CIRCLE
  5
5E2
330
17
100
AcDbEntity
  8
EMPRISE_SUSPENSION
 62
40
100
AcDbCircle
 10
100.0
 20
500.0
 30
0.0
 40
25.0
  0
TEXT
  5
5E3
330
17
100
AcDbEntity
  8
REPERES
100
AcDbText
 10
100.0
 20
530.0
 30
0.0
 40
11.0
  1
S01
 72
1
 11
100.0
 21
530.0
 31
0.0
100
AcDbText
 73
1
  0
TEXT
  5
5E4
330
17
100
AcDbEntity
  8
LONGUEURS_FIL
100
AcDbText
 10
100.0
 20
470.0
 30
0.0
 40
15.0
  1
266
 72
1
 11
100.0
 21
470.0
 31
0.0
100
AcDbText
 73
3
  0
CIRCLE
  5
5E5
330
17
100
AcDbEntity
  8
PERCAGES
100
AcDbCircle
 10
300.0
 20
500.0
 30
0.0
 40
4.0
  0
POINT
  5
5E6
330
17
100
AcDbEntity
  8
PERCAGES
100
AcDbPoint
 10
300.0
 20
500.0
 30
0.0
  0
CIRCLE
  5
5E7
330
17
100
AcDbEntity
  8
EMPRISE_SUSPENSION
 62
30
100
AcDbCircle
 10
300.0
 20
500.0
 30
0.0
 40
25.0
  0
TEXT
  5
5E8
330
17
100
AcDbEntity
  8
REPERES
100
AcDbText
 10
300.0
 20
530.0
 30
0.0
 40
11.0
  1
S02
 72
1
 11
300.0
 21
530.0
 31
0.0
100
AcDbText
 73
1
  0
TEXT
  5
5E9
330
17
100
AcDbEntity
  8
LONGUEURS_FIL
100
AcDbText
 10
300.0
 20
470.0
 30
0.0
 40
15.0
  1
341
 72
1
 11
300.0
 21
470.0
 31
0.0
100
AcDbText
 73
3
  0
CIRCLE
  5
5EA
330
17
100
AcDbEntity
  8
PERCAGES
100
AcDbCircle
 10
500.0
 20
500.0
 30
0.0
 40
4.0
  0
POINT
  5
5EB
330
17
100
AcDbEntity
  8
PERCAGES
100
AcDbPoint
 10
500.0
 20
500.0
 30
0.0
  0
CIRCLE
  5
5EC
330
17
100
AcDbEntity
  8
EMPRISE_SUSPENSION
 62
20
100
AcDbCircle
 10
500.0
 20
500.0
 30
0.0
 40
25.0
  0
TEXT
  5
5ED
330
17
100
AcDbEntity
  8
REPERES
100
AcDbText
 10
500.0
 20
530.0
 30
0.0
 40
11.0
  1
S03
 72
1
 11
500.0
 21
530.0
 31
0.0
100
AcDbText
 73
1
  0
TEXT
  5
5EE
330
17
100
AcDbEntity
  8
LONGUEURS_FIL
100
AcDbText
 10
500.0
 20
470.0
 30
0.0
 40
15.0
  1
416
 72
1
 11
500.0
 21
470.0
 31
0.0
100
AcDbText
 73
3
  0
CIRCLE
  5
5EF
330
17
100
AcDbEntity
  8
PERCAGES
100
AcDbCircle
 10
700.0
 20
500.0
 30
0.0
 40
4.0
  0
POINT
  5
5F0
330
17
100
AcDbEntity
  8
PERCAGES
100
AcDbPoint
 10
700.0
 20
500.0
 30
0.0
  0
CIRCLE
  5
5F1
330
17
100
AcDbEntity
  8
EMPRISE_SUSPENSION
 62
40
100
AcDbCircle
 10
700.0
 20
500.0
 30
0.0
 40
25.0
  0
TEXT
  5
5F2
330
17
100
AcDbEntity
  8
REPERES
100
AcDbText
 10
700.0
 20
530.0
 30
0.0
 40
11.0
  1
S04
 72
1
 11
700.0
 21
530.0
 31
0.0
100
AcDbText
 73
1
  0
TEXT
  5
5F3
330
17
100
AcDbEntity
  8
LONGUEURS_FIL
100
AcDbText
 10
700.0
 20
470.0
 30
0.0
 40
15.0
  1
266
 72
1
 11
700.0
 21
470.0
 31
0.0
100
AcDbText
 73
3
  0
CIRCLE
  5
5F4
330
17
100
AcDbEntity
  8
PERCAGES
100
AcDbCircle
 10
900.0
 20
500.0
 30
0.0
 40
4.0
  0
POINT
  5
5F5
330
17
100
AcDbEntity
  8
PERCAGES
100
AcDbPoint
 10
900.0
 20
500.0
 30
0.0
  0
CIRCLE
  5
5F6
330
17
100
AcDbEntity
  8
EMPRISE_SUSPENSION
 62
30
100
AcDbCircle
 10
900.0
 20
500.0
 30
0.0
 40
25.0
  0
TEXT
  5
5F7
330
17
100
AcDbEntity
  8
REPERES
100
AcDbText
 10
900.0
 20
530.0
 30
0.0
 40
11.0
  1
S05
 72
1
 11
900.0
 21
530.0
 31
0.0
100
AcDbText
 73
1
  0
TEXT
  5
5F8
330
17
100
AcDbEntity
  8
LONGUEURS_FIL
100
AcDbText
 10
900.0
 20
470.0
 30
0.0
 40
15.0
  1
377
 72
1
 11
900.0
 21
470.0
 31
0.0
100
AcDbText
 73
3
  0
CIRCLE
  5
5F9
330
17
100
AcDbEntity
  8
PERCAGES
100
AcDbCircle
 10
1100.0
 20
500.0
 30
0.0
 40
4.0
  0
POINT
  5
5FA
330
17
100
AcDbEntity
  8
PERCAGES
100
AcDbPoint
 10
1100.0
 20
500.0
 30
0.0
  0
CIRCLE
  5
5FB
330
17
100
AcDbEntity
  8
EMPRISE_SUSPENSION
 62
40
100
AcDbCircle
 10
1100.0
 20
500.0
 30
0.0
 40
25.0
  0
TEXT
  5
5FC
330
17
100
AcDbEntity
  8
REPERES
100
AcDbText
 10
1100.0
 20
530.0
 30
0.0
 40
11.0
  1
S06
 72
1
 11
1100.0
 21
530.0
 31
0.0
100
AcDbText
 73
1
  0
TEXT
  5
5FD
330
17
100
AcDbEntity
  8
LONGUEURS_FIL
100
AcDbText
 10
1100.0
 20
470.0
 30
0.0
 40
15.0
  1
215
 72
1
 11
1100.0
 21
470.0
 31
0.0
100
AcDbText
 73
3
  0
CIRCLE
  5
5FE
330
17
100
AcDbEntity
  8
PERCAGES
100
AcDbCircle
 10
1300.0
 20
500.0
 30
0.0
 40
4.0
  0
POINT
  5
5FF
330
17
100
AcDbEntity
  8
PERCAGES
100
AcDbPoint
 10
1300.0
 20
500.0
 30
0.0
  0
CIRCLE
  5
600
330
17
100
AcDbEntity
  8
EMPRISE_SUSPENSION
 62
1
100
AcDbCircle
 10
1300.0
 20
500.0
 30
0.0
 40
25.0
  0
TEXT
  5
601
330
17
100
AcDbEntity
  8
REPERES
100
AcDbText
 10
1300.0
 20
530.0
 30
0.0
 40
11.0
  1
S07
 72
1
 11
1300.0
 21
530.0
 31
0.0
100
AcDbText
 73
1
  0
TEXT
  5
602
330
17
100
AcDbEntity
  8
LONGUEURS_FIL
100
AcDbText
 10
1300.0
 20
470.0
 30
0.0
 40
15.0
  1
530
 72
1
 11
1300.0
 21
470.0
 31
0.0
100
AcDbText
 73
3
  0
CIRCLE
  5
603
330
17
100
AcDbEntity
  8
PERCAGES
100
AcDbCircle
 10
1500.0
 20
500.0
 30
0.0
 40
4.0
  0
POINT
  5
604
330
17
100
AcDbEntity
  8
PERCAGES
100
AcDbPoint
 10
1500.0
 20
500.0
 30
0.0
  0
CIRCLE
  5
605
330
17
100
AcDbEntity
  8
EMPRISE_SUSPENSION
 62
20
100
AcDbCircle
 10
1500.0
 20
500.0
 30
0.0
 40
25.0
  0
TEXT
  5
606
330
17
100
AcDbEntity
  8
REPERES
100
AcDbText
 10
1500.0
 20
530.0
 30
0.0
 40
11.0
  1
S08
 72
1
 11
1500.0
 21
530.0
 31
0.0
100
AcDbText
 73
1
  0
TEXT
  5
607
330
17
100
AcDbEntity
  8
LONGUEURS_FIL
100
AcDbText
 10
1500.0
 20
470.0
 30
0.0
 40
15.0
  1
444
 72
1
 11
1500.0
 21
470.0
 31
0.0
100
AcDbText
 73
3
  0
CIRCLE
  5
608
330
17
100
AcDbEntity
  8
PERCAGES
100
AcDbCircle
 10
1700.0
 20
500.0
 30
0.0
 40
4.0
  0
POINT
  5
609
330
17
100
AcDbEntity
  8
PERCAGES
100
AcDbPoint
 10
1700.0
 20
500.0
 30
0.0
  0
CIRCLE
  5
60A
330
17
100
AcDbEntity
  8
EMPRISE_SUSPENSION
 62
2
100
AcDbCircle
 10
1700.0
 20
500.0
 30
0.0
 40
25.0
  0
TEXT
  5
60B
330
17
100
AcDbEntity
  8
REPERES
100
AcDbText
 10
1700.0
 20
530.0
 30
0.0
 40
11.0
  1
S09
 72
1
 11
1700.0
 21
530.0
 31
0.0
100
AcDbText
 73
1
  0
TEXT
  5
60C
330
17
100
AcDbEntity
  8
LONGUEURS_FIL
100
AcDbText
 10
1700.0
 20
470.0
 30
0.0
 40
15.0
  1
134
 72
1
 11
1700.0
 21
470.0
 31
0.0
100
AcDbText
 73
3
  0
CIRCLE
  5
60D
330
17
100
AcDbEntity
  8
PERCAGES
100
AcDbCircle
 10
1900.0
 20
500.0
 30
0.0
 40
4.0
  0
POINT
  5
60E
330
17
100
AcDbEntity
  8
PERCAGES
100
AcDbPoint
 10
1900.0
 20
500.0
 30
0.0
  0
CIRCLE
  5
60F
330
17
100
AcDbEntity
  8
EMPRISE_SUSPENSION
 62
30
100
AcDbCircle
 10
1900.0
 20
500.0
 30
0.0
 40
25.0
  0
TEXT
  5
610
330
17
100
AcDbEntity
  8
REPERES
100
AcDbText
 10
1900.0
 20
530.0
 30
0.0
 40
11.0
  1
S10
 72
1
 11
1900.0
 21
530.0
 31
0.0
100
AcDbText
 73
1
  0
TEXT
  5
611
330
17
100
AcDbEntity
  8
LONGUEURS_FIL
100
AcDbText
 10
1900.0
 20
470.0
 30
0.0
 40
15.0
  1
313
 72
1
 11
1900.0
 21
470.0
 31
0.0
100
AcDbText
 73
3
  0
CIRCLE
  5
612
330
17
100
AcDbEntity
  8
PERCAGES
100
AcDbCircle
 10
2100.0
 20
500.0
 30
0.0
 40
4.0
  0
POINT
  5
613
330
17
100
AcDbEntity
  8
PERCAGES
100
AcDbPoint
 10
2100.0
 20
500.0
 30
0.0
  0
CIRCLE
  5
614
330
17
100
AcDbEntity
  8
EMPRISE_SUSPENSION
 62
2
100
AcDbCircle
 10
2100.0
 20
500.0
 30
0.0
 40
25.0
  0
TEXT
  5
615
330
17
100
AcDbEntity
  8
REPERES
100
AcDbText
 10
2100.0
 20
530.0
 30
0.0
 40
11.0
  1
S11
 72
1
 11
2100.0
 21
530.0
 31
0.0
100
AcDbText
 73
1
  0
TEXT
  5
616
330
17
100
AcDbEntity
  8
LONGUEURS_FIL
100
AcDbText
 10
2100.0
 20
470.0
 30
0.0
 40
15.0
  1
119
 72
1
 11
2100.0
 21
470.0
 31
0.0
100
AcDbText
 73
3
  0
CIRCLE
  5
617
330
17
100
AcDbEntity
  8
PERCAGES
100
AcDbCircle
 10
2300.0
 20
500.0
 30
0.0
 40
4.0
  0
POINT
  5
618
330
17
100
AcDbEntity
  8
PERCAGES
100
AcDbPoint
 10
2300.0
 20
500.0
 30
0.0
  0
CIRCLE
  5
619
330
17
100
AcDbEntity
  8
EMPRISE_SUSPENSION
 62
20
100
AcDbCircle
 10
2300.0
 20
500.0
 30
0.0
 40
25.0
  0
TEXT
  5
61A
330
17
100
AcDbEntity
  8
REPERES
100
AcDbText
 10
2300.0
 20
530.0
 30
0.0
 40
11.0
  1
S12
 72
1
 11
2300.0
 21
530.0
 31
0.0
100
AcDbText
 73
1
  0
TEXT
  5
61B
330
17
100
AcDbEntity
  8
LONGUEURS_FIL
100
AcDbText
 10
2300.0
 20
470.0
 30
0.0
 40
15.0
  1
427
 72
1
 11
2300.0
 21
470.0
 31
0.0
100
AcDbText
 73
3
  0
CIRCLE
  5
61C
330
17
100
AcDbEntity
  8
PERCAGES
100
AcDbCircle
 10
2500.0
 20
500.0
 30
0.0
 40
4.0
  0
POINT
  5
61D
330
17
100
AcDbEntity
  8
PERCAGES
100
AcDbPoint
 10
2500.0
 20
500.0
 30
0.0
  0
CIRCLE
  5
61E
330
17
100
AcDbEntity
  8
EMPRISE_SUSPENSION
 62
40
100
AcDbCircle
 10
2500.0
 20
500.0
 30
0.0
 40
25.0
  0
TEXT
  5
61F
330
17
100
AcDbEntity
  8
REPERES
100
AcDbText
 10
2500.0
 20
530.0
 30
0.0
 40
11.0
  1
S13
 72
1
 11
2500.0
 21
530.0
 31
0.0
100
AcDbText
 73
1
  0
TEXT
  5
620
330
17
100
AcDbEntity
  8
LONGUEURS_FIL
100
AcDbText
 10
2500.0
 20
470.0
 30
0.0
 40
15.0
  1
237
 72
1
 11
2500.0
 21
470.0
 31
0.0
100
AcDbText
 73
3
  0
CIRCLE
  5
621
330
17
100
AcDbEntity
  8
PERCAGES
100
AcDbCircle
 10
2700.0
 20
500.0
 30
0.0
 40
4.0
  0
POINT
  5
622
330
17
100
AcDbEntity
  8
PERCAGES
100
AcDbPoint
 10
2700.0
 20
500.0
 30
0.0
  0
CIRCLE
  5
623
330
17
100
AcDbEntity
  8
EMPRISE_SUSPENSION
 62
40
100
AcDbCircle
 10
2700.0
 20
500.0
 30
0.0
 40
25.0
  0
TEXT
  5
624
330
17
100
AcDbEntity
  8
REPERES
100
AcDbText
 10
2700.0
 20
530.0
 30
0.0
 40
11.0
  1
S14
 72
1
 11
2700.0
 21
530.0
 31
0.0
100
AcDbText
 73
1
  0
TEXT
  5
625
330
17
100
AcDbEntity
  8
LONGUEURS_FIL
100
AcDbText
 10
2700.0
 20
470.0
 30
0.0
 40
15.0
  1
307
 72
1
 11
2700.0
 21
470.0
 31
0.0
100
AcDbText
 73
3
  0
CIRCLE
  5
626
330
17
100
AcDbEntity
  8
PERCAGES
100
AcDbCircle
 10
2900.0
 20
500.0
 30
0.0
 40
4.0
  0
POINT
  5
627
330
17
100
AcDbEntity
  8
PERCAGES
100
AcDbPoint
 10
2900.0
 20
500.0
 30
0.0
  0
CIRCLE
  5
628
330
17
100
AcDbEntity
  8
EMPRISE_SUSPENSION
 62
30
100
AcDbCircle
 10
2900.0
 20
500.0
 30
0.0
 40
25.0
  0
TEXT
  5
629
330
17
100
AcDbEntity
  8
REPERES
100
AcDbText
 10
2900.0
 20
530.0
 30
0.0
 40
11.0
  1
S15
 72
1
 11
2900.0
 21
530.0
 31
0.0
100
AcDbText
 73
1
  0
TEXT
  5
62A
330
17
100
AcDbEntity
  8
LONGUEURS_FIL
100
AcDbText
 10
2900.0
 20
470.0
 30
0.0
 40
15.0
  1
365
 72
1
 11
2900.0
 21
470.0
 31
0.0
100
AcDbText
 73
3
  0
CIRCLE
  5
62B
330
17
100
AcDbEntity
  8
PERCAGES
100
AcDbCircle
 10
200.0
 20
400.0
 30
0.0
 40
4.0
  0
POINT
  5
62C
330
17
100
AcDbEntity
  8
PERCAGES
100
AcDbPoint
 10
200.0
 20
400.0
 30
0.0
  0
CIRCLE
  5
62D
330
17
100
AcDbEntity
  8
EMPRISE_SUSPENSION
 62
2
100
AcDbCircle
 10
200.0
 20
400.0
 30
0.0
 40
25.0
  0
TEXT
  5
62E
330
17
100
AcDbEntity
  8
REPERES
100
AcDbText
 10
200.0
 20
430.0
 30
0.0
 40
11.0
  1
T01
 72
1
 11
200.0
 21
430.0
 31
0.0
100
AcDbText
 73
1
  0
TEXT
  5
62F
330
17
100
AcDbEntity
  8
LONGUEURS_FIL
100
AcDbText
 10
200.0
 20
370.0
 30
0.0
 40
15.0
  1
175
 72
1
 11
200.0
 21
370.0
 31
0.0
100
AcDbText
 73
3
  0
CIRCLE
  5
630
330
17
100
AcDbEntity
  8
PERCAGES
100
AcDbCircle
 10
400.0
 20
400.0
 30
0.0
 40
4.0
  0
POINT
  5
631
330
17
100
AcDbEntity
  8
PERCAGES
100
AcDbPoint
 10
400.0
 20
400.0
 30
0.0
  0
CIRCLE
  5
632
330
17
100
AcDbEntity
  8
EMPRISE_SUSPENSION
 62
40
100
AcDbCircle
 10
400.0
 20
400.0
 30
0.0
 40
25.0
  0
TEXT
  5
633
330
17
100
AcDbEntity
  8
REPERES
100
AcDbText
 10
400.0
 20
430.0
 30
0.0
 40
11.0
  1
T02
 72
1
 11
400.0
 21
430.0
 31
0.0
100
AcDbText
 73
1
  0
TEXT
  5
634
330
17
100
AcDbEntity
  8
LONGUEURS_FIL
100
AcDbText
 10
400.0
 20
370.0
 30
0.0
 40
15.0
  1
257
 72
1
 11
400.0
 21
370.0
 31
0.0
100
AcDbText
 73
3
  0
CIRCLE
  5
635
330
17
100
AcDbEntity
  8
PERCAGES
100
AcDbCircle
 10
600.0
 20
400.0
 30
0.0
 40
4.0
  0
POINT
  5
636
330
17
100
AcDbEntity
  8
PERCAGES
100
AcDbPoint
 10
600.0
 20
400.0
 30
0.0
  0
CIRCLE
  5
637
330
17
100
AcDbEntity
  8
EMPRISE_SUSPENSION
 62
2
100
AcDbCircle
 10
600.0
 20
400.0
 30
0.0
 40
25.0
  0
TEXT
  5
638
330
17
100
AcDbEntity
  8
REPERES
100
AcDbText
 10
600.0
 20
430.0
 30
0.0
 40
11.0
  1
T03
 72
1
 11
600.0
 21
430.0
 31
0.0
100
AcDbText
 73
1
  0
TEXT
  5
639
330
17
100
AcDbEntity
  8
LONGUEURS_FIL
100
AcDbText
 10
600.0
 20
370.0
 30
0.0
 40
15.0
  1
118
 72
1
 11
600.0
 21
370.0
 31
0.0
100
AcDbText
 73
3
  0
CIRCLE
  5
63A
330
17
100
AcDbEntity
  8
PERCAGES
100
AcDbCircle
 10
800.0
 20
400.0
 30
0.0
 40
4.0
  0
POINT
  5
63B
330
17
100
AcDbEntity
  8
PERCAGES
100
AcDbPoint
 10
800.0
 20
400.0
 30
0.0
  0
CIRCLE
  5
63C
330
17
100
AcDbEntity
  8
EMPRISE_SUSPENSION
 62
20
100
AcDbCircle
 10
800.0
 20
400.0
 30
0.0
 40
25.0
  0
TEXT
  5
63D
330
17
100
AcDbEntity
  8
REPERES
100
AcDbText
 10
800.0
 20
430.0
 30
0.0
 40
11.0
  1
T04
 72
1
 11
800.0
 21
430.0
 31
0.0
100
AcDbText
 73
1
  0
TEXT
  5
63E
330
17
100
AcDbEntity
  8
LONGUEURS_FIL
100
AcDbText
 10
800.0
 20
370.0
 30
0.0
 40
15.0
  1
452
 72
1
 11
800.0
 21
370.0
 31
0.0
100
AcDbText
 73
3
  0
CIRCLE
  5
63F
330
17
100
AcDbEntity
  8
PERCAGES
100
AcDbCircle
 10
1000.0
 20
400.0
 30
0.0
 40
4.0
  0
POINT
  5
640
330
17
100
AcDbEntity
  8
PERCAGES
100
AcDbPoint
 10
1000.0
 20
400.0
 30
0.0
  0
CIRCLE
  5
641
330
17
100
AcDbEntity
  8
EMPRISE_SUSPENSION
 62
40
100
AcDbCircle
 10
1000.0
 20
400.0
 30
0.0
 40
25.0
  0
TEXT
  5
642
330
17
100
AcDbEntity
  8
REPERES
100
AcDbText
 10
1000.0
 20
430.0
 30
0.0
 40
11.0
  1
T05
 72
1
 11
1000.0
 21
430.0
 31
0.0
100
AcDbText
 73
1
  0
TEXT
  5
643
330
17
100
AcDbEntity
  8
LONGUEURS_FIL
100
AcDbText
 10
1000.0
 20
370.0
 30
0.0
 40
15.0
  1
295
 72
1
 11
1000.0
 21
370.0
 31
0.0
100
AcDbText
 73
3
  0
CIRCLE
  5
644
330
17
100
AcDbEntity
  8
PERCAGES
100
AcDbCircle
 10
1200.0
 20
400.0
 30
0.0
 40
4.0
  0
POINT
  5
645
330
17
100
AcDbEntity
  8
PERCAGES
100
AcDbPoint
 10
1200.0
 20
400.0
 30
0.0
  0
CIRCLE
  5
646
330
17
100
AcDbEntity
  8
EMPRISE_SUSPENSION
 62
20
100
AcDbCircle
 10
1200.0
 20
400.0
 30
0.0
 40
25.0
  0
TEXT
  5
647
330
17
100
AcDbEntity
  8
REPERES
100
AcDbText
 10
1200.0
 20
430.0
 30
0.0
 40
11.0
  1
T06
 72
1
 11
1200.0
 21
430.0
 31
0.0
100
AcDbText
 73
1
  0
TEXT
  5
648
330
17
100
AcDbEntity
  8
LONGUEURS_FIL
100
AcDbText
 10
1200.0
 20
370.0
 30
0.0
 40
15.0
  1
434
 72
1
 11
1200.0
 21
370.0
 31
0.0
100
AcDbText
 73
3
  0
CIRCLE
  5
649
330
17
100
AcDbEntity
  8
PERCAGES
100
AcDbCircle
 10
1400.0
 20
400.0
 30
0.0
 40
4.0
  0
POINT
  5
64A
330
17
100
AcDbEntity
  8
PERCAGES
100
AcDbPoint
 10
1400.0
 20
400.0
 30
0.0
  0
CIRCLE
  5
64B
330
17
100
AcDbEntity
  8
EMPRISE_SUSPENSION
 62
2
100
AcDbCircle
 10
1400.0
 20
400.0
 30
0.0
 40
25.0
  0
TEXT
  5
64C
330
17
100
AcDbEntity
  8
REPERES
100
AcDbText
 10
1400.0
 20
430.0
 30
0.0
 40
11.0
  1
T07
 72
1
 11
1400.0
 21
430.0
 31
0.0
100
AcDbText
 73
1
  0
TEXT
  5
64D
330
17
100
AcDbEntity
  8
LONGUEURS_FIL
100
AcDbText
 10
1400.0
 20
370.0
 30
0.0
 40
15.0
  1
149
 72
1
 11
1400.0
 21
370.0
 31
0.0
100
AcDbText
 73
3
  0
CIRCLE
  5
64E
330
17
100
AcDbEntity
  8
PERCAGES
100
AcDbCircle
 10
1600.0
 20
400.0
 30
0.0
 40
4.0
  0
POINT
  5
64F
330
17
100
AcDbEntity
  8
PERCAGES
100
AcDbPoint
 10
1600.0
 20
400.0
 30
0.0
  0
CIRCLE
  5
650
330
17
100
AcDbEntity
  8
EMPRISE_SUSPENSION
 62
1
100
AcDbCircle
 10
1600.0
 20
400.0
 30
0.0
 40
25.0
  0
TEXT
  5
651
330
17
100
AcDbEntity
  8
REPERES
100
AcDbText
 10
1600.0
 20
430.0
 30
0.0
 40
11.0
  1
T08
 72
1
 11
1600.0
 21
430.0
 31
0.0
100
AcDbText
 73
1
  0
TEXT
  5
652
330
17
100
AcDbEntity
  8
LONGUEURS_FIL
100
AcDbText
 10
1600.0
 20
370.0
 30
0.0
 40
15.0
  1
538
 72
1
 11
1600.0
 21
370.0
 31
0.0
100
AcDbText
 73
3
  0
CIRCLE
  5
653
330
17
100
AcDbEntity
  8
PERCAGES
100
AcDbCircle
 10
1800.0
 20
400.0
 30
0.0
 40
4.0
  0
POINT
  5
654
330
17
100
AcDbEntity
  8
PERCAGES
100
AcDbPoint
 10
1800.0
 20
400.0
 30
0.0
  0
CIRCLE
  5
655
330
17
100
AcDbEntity
  8
EMPRISE_SUSPENSION
 62
20
100
AcDbCircle
 10
1800.0
 20
400.0
 30
0.0
 40
25.0
  0
TEXT
  5
656
330
17
100
AcDbEntity
  8
REPERES
100
AcDbText
 10
1800.0
 20
430.0
 30
0.0
 40
11.0
  1
T09
 72
1
 11
1800.0
 21
430.0
 31
0.0
100
AcDbText
 73
1
  0
TEXT
  5
657
330
17
100
AcDbEntity
  8
LONGUEURS_FIL
100
AcDbText
 10
1800.0
 20
370.0
 30
0.0
 40
15.0
  1
460
 72
1
 11
1800.0
 21
370.0
 31
0.0
100
AcDbText
 73
3
  0
CIRCLE
  5
658
330
17
100
AcDbEntity
  8
PERCAGES
100
AcDbCircle
 10
2000.0
 20
400.0
 30
0.0
 40
4.0
  0
POINT
  5
659
330
17
100
AcDbEntity
  8
PERCAGES
100
AcDbPoint
 10
2000.0
 20
400.0
 30
0.0
  0
CIRCLE
  5
65A
330
17
100
AcDbEntity
  8
EMPRISE_SUSPENSION
 62
30
100
AcDbCircle
 10
2000.0
 20
400.0
 30
0.0
 40
25.0
  0
TEXT
  5
65B
330
17
100
AcDbEntity
  8
REPERES
100
AcDbText
 10
2000.0
 20
430.0
 30
0.0
 40
11.0
  1
T10
 72
1
 11
2000.0
 21
430.0
 31
0.0
100
AcDbText
 73
1
  0
TEXT
  5
65C
330
17
100
AcDbEntity
  8
LONGUEURS_FIL
100
AcDbText
 10
2000.0
 20
370.0
 30
0.0
 40
15.0
  1
391
 72
1
 11
2000.0
 21
370.0
 31
0.0
100
AcDbText
 73
3
  0
CIRCLE
  5
65D
330
17
100
AcDbEntity
  8
PERCAGES
100
AcDbCircle
 10
2200.0
 20
400.0
 30
0.0
 40
4.0
  0
POINT
  5
65E
330
17
100
AcDbEntity
  8
PERCAGES
100
AcDbPoint
 10
2200.0
 20
400.0
 30
0.0
  0
CIRCLE
  5
65F
330
17
100
AcDbEntity
  8
EMPRISE_SUSPENSION
 62
2
100
AcDbCircle
 10
2200.0
 20
400.0
 30
0.0
 40
25.0
  0
TEXT
  5
660
330
17
100
AcDbEntity
  8
REPERES
100
AcDbText
 10
2200.0
 20
430.0
 30
0.0
 40
11.0
  1
T11
 72
1
 11
2200.0
 21
430.0
 31
0.0
100
AcDbText
 73
1
  0
TEXT
  5
661
330
17
100
AcDbEntity
  8
LONGUEURS_FIL
100
AcDbText
 10
2200.0
 20
370.0
 30
0.0
 40
15.0
  1
200
 72
1
 11
2200.0
 21
370.0
 31
0.0
100
AcDbText
 73
3
  0
CIRCLE
  5
662
330
17
100
AcDbEntity
  8
PERCAGES
100
AcDbCircle
 10
2400.0
 20
400.0
 30
0.0
 40
4.0
  0
POINT
  5
663
330
17
100
AcDbEntity
  8
PERCAGES
100
AcDbPoint
 10
2400.0
 20
400.0
 30
0.0
  0
CIRCLE
  5
664
330
17
100
AcDbEntity
  8
EMPRISE_SUSPENSION
 62
2
100
AcDbCircle
 10
2400.0
 20
400.0
 30
0.0
 40
25.0
  0
TEXT
  5
665
330
17
100
AcDbEntity
  8
REPERES
100
AcDbText
 10
2400.0
 20
430.0
 30
0.0
 40
11.0
  1
T12
 72
1
 11
2400.0
 21
430.0
 31
0.0
100
AcDbText
 73
1
  0
TEXT
  5
666
330
17
100
AcDbEntity
  8
LONGUEURS_FIL
100
AcDbText
 10
2400.0
 20
370.0
 30
0.0
 40
15.0
  1
103
 72
1
 11
2400.0
 21
370.0
 31
0.0
100
AcDbText
 73
3
  0
CIRCLE
  5
667
330
17
100
AcDbEntity
  8
PERCAGES
100
AcDbCircle
 10
2600.0
 20
400.0
 30
0.0
 40
4.0
  0
POINT
  5
668
330
17
100
AcDbEntity
  8
PERCAGES
100
AcDbPoint
 10
2600.0
 20
400.0
 30
0.0
  0
CIRCLE
  5
669
330
17
100
AcDbEntity
  8
EMPRISE_SUSPENSION
 62
30
100
AcDbCircle
 10
2600.0
 20
400.0
 30
0.0
 40
25.0
  0
TEXT
  5
66A
330
17
100
AcDbEntity
  8
REPERES
100
AcDbText
 10
2600.0
 20
430.0
 30
0.0
 40
11.0
  1
T13
 72
1
 11
2600.0
 21
430.0
 31
0.0
100
AcDbText
 73
1
  0
TEXT
  5
66B
330
17
100
AcDbEntity
  8
LONGUEURS_FIL
100
AcDbText
 10
2600.0
 20
370.0
 30
0.0
 40
15.0
  1
398
 72
1
 11
2600.0
 21
370.0
 31
0.0
100
AcDbText
 73
3
  0
CIRCLE
  5
66C
330
17
100
AcDbEntity
  8
PERCAGES
100
AcDbCircle
 10
2800.0
 20
400.0
 30
0.0
 40
4.0
  0
POINT
  5
66D
330
17
100
AcDbEntity
  8
PERCAGES
100
AcDbPoint
 10
2800.0
 20
400.0
 30
0.0
  0
CIRCLE
  5
66E
330
17
100
AcDbEntity
  8
EMPRISE_SUSPENSION
 62
20
100
AcDbCircle
 10
2800.0
 20
400.0
 30
0.0
 40
25.0
  0
TEXT
  5
66F
330
17
100
AcDbEntity
  8
REPERES
100
AcDbText
 10
2800.0
 20
430.0
 30
0.0
 40
11.0
  1
T14
 72
1
 11
2800.0
 21
430.0
 31
0.0
100
AcDbText
 73
1
  0
TEXT
  5
670
330
17
100
AcDbEntity
  8
LONGUEURS_FIL
100
AcDbText
 10
2800.0
 20
370.0
 30
0.0
 40
15.0
  1
458
 72
1
 11
2800.0
 21
370.0
 31
0.0
100
AcDbText
 73
3
  0
CIRCLE
  5
671
330
17
100
AcDbEntity
  8
PERCAGES
100
AcDbCircle
 10
100.0
 20
300.0
 30
0.0
 40
4.0
  0
POINT
  5
672
330
17
100
AcDbEntity
  8
PERCAGES
100
AcDbPoint
 10
100.0
 20
300.0
 30
0.0
  0
CIRCLE
  5
673
330
17
100
AcDbEntity
  8
EMPRISE_SUSPENSION
 62
30
100
AcDbCircle
 10
100.0
 20
300.0
 30
0.0
 40
25.0
  0
TEXT
  5
674
330
17
100
AcDbEntity
  8
REPERES
100
AcDbText
 10
100.0
 20
330.0
 30
0.0
 40
11.0
  1
U01
 72
1
 11
100.0
 21
330.0
 31
0.0
100
AcDbText
 73
1
  0
TEXT
  5
675
330
17
100
AcDbEntity
  8
LONGUEURS_FIL
100
AcDbText
 10
100.0
 20
270.0
 30
0.0
 40
15.0
  1
380
 72
1
 11
100.0
 21
270.0
 31
0.0
100
AcDbText
 73
3
  0
CIRCLE
  5
676
330
17
100
AcDbEntity
  8
PERCAGES
100
AcDbCircle
 10
300.0
 20
300.0
 30
0.0
 40
4.0
  0
POINT
  5
677
330
17
100
AcDbEntity
  8
PERCAGES
100
AcDbPoint
 10
300.0
 20
300.0
 30
0.0
  0
CIRCLE
  5
678
330
17
100
AcDbEntity
  8
EMPRISE_SUSPENSION
 62
2
100
AcDbCircle
 10
300.0
 20
300.0
 30
0.0
 40
25.0
  0
TEXT
  5
679
330
17
100
AcDbEntity
  8
REPERES
100
AcDbText
 10
300.0
 20
330.0
 30
0.0
 40
11.0
  1
U02
 72
1
 11
300.0
 21
330.0
 31
0.0
100
AcDbText
 73
1
  0
TEXT
  5
67A
330
17
100
AcDbEntity
  8
LONGUEURS_FIL
100
AcDbText
 10
300.0
 20
270.0
 30
0.0
 40
15.0
  1
111
 72
1
 11
300.0
 21
270.0
 31
0.0
100
AcDbText
 73
3
  0
CIRCLE
  5
67B
330
17
100
AcDbEntity
  8
PERCAGES
100
AcDbCircle
 10
500.0
 20
300.0
 30
0.0
 40
4.0
  0
POINT
  5
67C
330
17
100
AcDbEntity
  8
PERCAGES
100
AcDbPoint
 10
500.0
 20
300.0
 30
0.0
  0
CIRCLE
  5
67D
330
17
100
AcDbEntity
  8
EMPRISE_SUSPENSION
 62
20
100
AcDbCircle
 10
500.0
 20
300.0
 30
0.0
 40
25.0
  0
TEXT
  5
67E
330
17
100
AcDbEntity
  8
REPERES
100
AcDbText
 10
500.0
 20
330.0
 30
0.0
 40
11.0
  1
U03
 72
1
 11
500.0
 21
330.0
 31
0.0
100
AcDbText
 73
1
  0
TEXT
  5
67F
330
17
100
AcDbEntity
  8
LONGUEURS_FIL
100
AcDbText
 10
500.0
 20
270.0
 30
0.0
 40
15.0
  1
489
 72
1
 11
500.0
 21
270.0
 31
0.0
100
AcDbText
 73
3
  0
CIRCLE
  5
680
330
17
100
AcDbEntity
  8
PERCAGES
100
AcDbCircle
 10
700.0
 20
300.0
 30
0.0
 40
4.0
  0
POINT
  5
681
330
17
100
AcDbEntity
  8
PERCAGES
100
AcDbPoint
 10
700.0
 20
300.0
 30
0.0
  0
CIRCLE
  5
682
330
17
100
AcDbEntity
  8
EMPRISE_SUSPENSION
 62
30
100
AcDbCircle
 10
700.0
 20
300.0
 30
0.0
 40
25.0
  0
TEXT
  5
683
330
17
100
AcDbEntity
  8
REPERES
100
AcDbText
 10
700.0
 20
330.0
 30
0.0
 40
11.0
  1
U04
 72
1
 11
700.0
 21
330.0
 31
0.0
100
AcDbText
 73
1
  0
TEXT
  5
684
330
17
100
AcDbEntity
  8
LONGUEURS_FIL
100
AcDbText
 10
700.0
 20
270.0
 30
0.0
 40
15.0
  1
352
 72
1
 11
700.0
 21
270.0
 31
0.0
100
AcDbText
 73
3
  0
CIRCLE
  5
685
330
17
100
AcDbEntity
  8
PERCAGES
100
AcDbCircle
 10
900.0
 20
300.0
 30
0.0
 40
4.0
  0
POINT
  5
686
330
17
100
AcDbEntity
  8
PERCAGES
100
AcDbPoint
 10
900.0
 20
300.0
 30
0.0
  0
CIRCLE
  5
687
330
17
100
AcDbEntity
  8
EMPRISE_SUSPENSION
 62
1
100
AcDbCircle
 10
900.0
 20
300.0
 30
0.0
 40
25.0
  0
TEXT
  5
688
330
17
100
AcDbEntity
  8
REPERES
100
AcDbText
 10
900.0
 20
330.0
 30
0.0
 40
11.0
  1
U05
 72
1
 11
900.0
 21
330.0
 31
0.0
100
AcDbText
 73
1
  0
TEXT
  5
689
330
17
100
AcDbEntity
  8
LONGUEURS_FIL
100
AcDbText
 10
900.0
 20
270.0
 30
0.0
 40
15.0
  1
523
 72
1
 11
900.0
 21
270.0
 31
0.0
100
AcDbText
 73
3
  0
CIRCLE
  5
68A
330
17
100
AcDbEntity
  8
PERCAGES
100
AcDbCircle
 10
1100.0
 20
300.0
 30
0.0
 40
4.0
  0
POINT
  5
68B
330
17
100
AcDbEntity
  8
PERCAGES
100
AcDbPoint
 10
1100.0
 20
300.0
 30
0.0
  0
CIRCLE
  5
68C
330
17
100
AcDbEntity
  8
EMPRISE_SUSPENSION
 62
2
100
AcDbCircle
 10
1100.0
 20
300.0
 30
0.0
 40
25.0
  0
TEXT
  5
68D
330
17
100
AcDbEntity
  8
REPERES
100
AcDbText
 10
1100.0
 20
330.0
 30
0.0
 40
11.0
  1
U06
 72
1
 11
1100.0
 21
330.0
 31
0.0
100
AcDbText
 73
1
  0
TEXT
  5
68E
330
17
100
AcDbEntity
  8
LONGUEURS_FIL
100
AcDbText
 10
1100.0
 20
270.0
 30
0.0
 40
15.0
  1
138
 72
1
 11
1100.0
 21
270.0
 31
0.0
100
AcDbText
 73
3
  0
CIRCLE
  5
68F
330
17
100
AcDbEntity
  8
PERCAGES
100
AcDbCircle
 10
1300.0
 20
300.0
 30
0.0
 40
4.0
  0
POINT
  5
690
330
17
100
AcDbEntity
  8
PERCAGES
100
AcDbPoint
 10
1300.0
 20
300.0
 30
0.0
  0
CIRCLE
  5
691
330
17
100
AcDbEntity
  8
EMPRISE_SUSPENSION
 62
40
100
AcDbCircle
 10
1300.0
 20
300.0
 30
0.0
 40
25.0
  0
TEXT
  5
692
330
17
100
AcDbEntity
  8
REPERES
100
AcDbText
 10
1300.0
 20
330.0
 30
0.0
 40
11.0
  1
U07
 72
1
 11
1300.0
 21
330.0
 31
0.0
100
AcDbText
 73
1
  0
TEXT
  5
693
330
17
100
AcDbEntity
  8
LONGUEURS_FIL
100
AcDbText
 10
1300.0
 20
270.0
 30
0.0
 40
15.0
  1
272
 72
1
 11
1300.0
 21
270.0
 31
0.0
100
AcDbText
 73
3
  0
CIRCLE
  5
694
330
17
100
AcDbEntity
  8
PERCAGES
100
AcDbCircle
 10
1500.0
 20
300.0
 30
0.0
 40
4.0
  0
POINT
  5
695
330
17
100
AcDbEntity
  8
PERCAGES
100
AcDbPoint
 10
1500.0
 20
300.0
 30
0.0
  0
CIRCLE
  5
696
330
17
100
AcDbEntity
  8
EMPRISE_SUSPENSION
 62
30
100
AcDbCircle
 10
1500.0
 20
300.0
 30
0.0
 40
25.0
  0
TEXT
  5
697
330
17
100
AcDbEntity
  8
REPERES
100
AcDbText
 10
1500.0
 20
330.0
 30
0.0
 40
11.0
  1
U08
 72
1
 11
1500.0
 21
330.0
 31
0.0
100
AcDbText
 73
1
  0
TEXT
  5
698
330
17
100
AcDbEntity
  8
LONGUEURS_FIL
100
AcDbText
 10
1500.0
 20
270.0
 30
0.0
 40
15.0
  1
334
 72
1
 11
1500.0
 21
270.0
 31
0.0
100
AcDbText
 73
3
  0
CIRCLE
  5
699
330
17
100
AcDbEntity
  8
PERCAGES
100
AcDbCircle
 10
1700.0
 20
300.0
 30
0.0
 40
4.0
  0
POINT
  5
69A
330
17
100
AcDbEntity
  8
PERCAGES
100
AcDbPoint
 10
1700.0
 20
300.0
 30
0.0
  0
CIRCLE
  5
69B
330
17
100
AcDbEntity
  8
EMPRISE_SUSPENSION
 62
40
100
AcDbCircle
 10
1700.0
 20
300.0
 30
0.0
 40
25.0
  0
TEXT
  5
69C
330
17
100
AcDbEntity
  8
REPERES
100
AcDbText
 10
1700.0
 20
330.0
 30
0.0
 40
11.0
  1
U09
 72
1
 11
1700.0
 21
330.0
 31
0.0
100
AcDbText
 73
1
  0
TEXT
  5
69D
330
17
100
AcDbEntity
  8
LONGUEURS_FIL
100
AcDbText
 10
1700.0
 20
270.0
 30
0.0
 40
15.0
  1
271
 72
1
 11
1700.0
 21
270.0
 31
0.0
100
AcDbText
 73
3
  0
CIRCLE
  5
69E
330
17
100
AcDbEntity
  8
PERCAGES
100
AcDbCircle
 10
1900.0
 20
300.0
 30
0.0
 40
4.0
  0
POINT
  5
69F
330
17
100
AcDbEntity
  8
PERCAGES
100
AcDbPoint
 10
1900.0
 20
300.0
 30
0.0
  0
CIRCLE
  5
6A0
330
17
100
AcDbEntity
  8
EMPRISE_SUSPENSION
 62
2
100
AcDbCircle
 10
1900.0
 20
300.0
 30
0.0
 40
25.0
  0
TEXT
  5
6A1
330
17
100
AcDbEntity
  8
REPERES
100
AcDbText
 10
1900.0
 20
330.0
 30
0.0
 40
11.0
  1
U10
 72
1
 11
1900.0
 21
330.0
 31
0.0
100
AcDbText
 73
1
  0
TEXT
  5
6A2
330
17
100
AcDbEntity
  8
LONGUEURS_FIL
100
AcDbText
 10
1900.0
 20
270.0
 30
0.0
 40
15.0
  1
205
 72
1
 11
1900.0
 21
270.0
 31
0.0
100
AcDbText
 73
3
  0
CIRCLE
  5
6A3
330
17
100
AcDbEntity
  8
PERCAGES
100
AcDbCircle
 10
2100.0
 20
300.0
 30
0.0
 40
4.0
  0
POINT
  5
6A4
330
17
100
AcDbEntity
  8
PERCAGES
100
AcDbPoint
 10
2100.0
 20
300.0
 30
0.0
  0
CIRCLE
  5
6A5
330
17
100
AcDbEntity
  8
EMPRISE_SUSPENSION
 62
20
100
AcDbCircle
 10
2100.0
 20
300.0
 30
0.0
 40
25.0
  0
TEXT
  5
6A6
330
17
100
AcDbEntity
  8
REPERES
100
AcDbText
 10
2100.0
 20
330.0
 30
0.0
 40
11.0
  1
U11
 72
1
 11
2100.0
 21
330.0
 31
0.0
100
AcDbText
 73
1
  0
TEXT
  5
6A7
330
17
100
AcDbEntity
  8
LONGUEURS_FIL
100
AcDbText
 10
2100.0
 20
270.0
 30
0.0
 40
15.0
  1
502
 72
1
 11
2100.0
 21
270.0
 31
0.0
100
AcDbText
 73
3
  0
CIRCLE
  5
6A8
330
17
100
AcDbEntity
  8
PERCAGES
100
AcDbCircle
 10
2300.0
 20
300.0
 30
0.0
 40
4.0
  0
POINT
  5
6A9
330
17
100
AcDbEntity
  8
PERCAGES
100
AcDbPoint
 10
2300.0
 20
300.0
 30
0.0
  0
CIRCLE
  5
6AA
330
17
100
AcDbEntity
  8
EMPRISE_SUSPENSION
 62
30
100
AcDbCircle
 10
2300.0
 20
300.0
 30
0.0
 40
25.0
  0
TEXT
  5
6AB
330
17
100
AcDbEntity
  8
REPERES
100
AcDbText
 10
2300.0
 20
330.0
 30
0.0
 40
11.0
  1
U12
 72
1
 11
2300.0
 21
330.0
 31
0.0
100
AcDbText
 73
1
  0
TEXT
  5
6AC
330
17
100
AcDbEntity
  8
LONGUEURS_FIL
100
AcDbText
 10
2300.0
 20
270.0
 30
0.0
 40
15.0
  1
347
 72
1
 11
2300.0
 21
270.0
 31
0.0
100
AcDbText
 73
3
  0
CIRCLE
  5
6AD
330
17
100
AcDbEntity
  8
PERCAGES
100
AcDbCircle
 10
2500.0
 20
300.0
 30
0.0
 40
4.0
  0
POINT
  5
6AE
330
17
100
AcDbEntity
  8
PERCAGES
100
AcDbPoint
 10
2500.0
 20
300.0
 30
0.0
  0
CIRCLE
  5
6AF
330
17
100
AcDbEntity
  8
EMPRISE_SUSPENSION
 62
20
100
AcDbCircle
 10
2500.0
 20
300.0
 30
0.0
 40
25.0
  0
TEXT
  5
6B0
330
17
100
AcDbEntity
  8
REPERES
100
AcDbText
 10
2500.0
 20
330.0
 30
0.0
 40
11.0
  1
U13
 72
1
 11
2500.0
 21
330.0
 31
0.0
100
AcDbText
 73
1
  0
TEXT
  5
6B1
330
17
100
AcDbEntity
  8
LONGUEURS_FIL
100
AcDbText
 10
2500.0
 20
270.0
 30
0.0
 40
15.0
  1
496
 72
1
 11
2500.0
 21
270.0
 31
0.0
100
AcDbText
 73
3
  0
CIRCLE
  5
6B2
330
17
100
AcDbEntity
  8
PERCAGES
100
AcDbCircle
 10
2700.0
 20
300.0
 30
0.0
 40
4.0
  0
POINT
  5
6B3
330
17
100
AcDbEntity
  8
PERCAGES
100
AcDbPoint
 10
2700.0
 20
300.0
 30
0.0
  0
CIRCLE
  5
6B4
330
17
100
AcDbEntity
  8
EMPRISE_SUSPENSION
 62
2
100
AcDbCircle
 10
2700.0
 20
300.0
 30
0.0
 40
25.0
  0
TEXT
  5
6B5
330
17
100
AcDbEntity
  8
REPERES
100
AcDbText
 10
2700.0
 20
330.0
 30
0.0
 40
11.0
  1
U14
 72
1
 11
2700.0
 21
330.0
 31
0.0
100
AcDbText
 73
1
  0
TEXT
  5
6B6
330
17
100
AcDbEntity
  8
LONGUEURS_FIL
100
AcDbText
 10
2700.0
 20
270.0
 30
0.0
 40
15.0
  1
153
 72
1
 11
2700.0
 21
270.0
 31
0.0
100
AcDbText
 73
3
  0
CIRCLE
  5
6B7
330
17
100
AcDbEntity
  8
PERCAGES
100
AcDbCircle
 10
2900.0
 20
300.0
 30
0.0
 40
4.0
  0
POINT
  5
6B8
330
17
100
AcDbEntity
  8
PERCAGES
100
AcDbPoint
 10
2900.0
 20
300.0
 30
0.0
  0
CIRCLE
  5
6B9
330
17
100
AcDbEntity
  8
EMPRISE_SUSPENSION
 62
40
100
AcDbCircle
 10
2900.0
 20
300.0
 30
0.0
 40
25.0
  0
TEXT
  5
6BA
330
17
100
AcDbEntity
  8
REPERES
100
AcDbText
 10
2900.0
 20
330.0
 30
0.0
 40
11.0
  1
U15
 72
1
 11
2900.0
 21
330.0
 31
0.0
100
AcDbText
 73
1
  0
TEXT
  5
6BB
330
17
100
AcDbEntity
  8
LONGUEURS_FIL
100
AcDbText
 10
2900.0
 20
270.0
 30
0.0
 40
15.0
  1
260
 72
1
 11
2900.0
 21
270.0
 31
0.0
100
AcDbText
 73
3
  0
CIRCLE
  5
6BC
330
17
100
AcDbEntity
  8
PERCAGES
100
AcDbCircle
 10
200.0
 20
200.0
 30
0.0
 40
4.0
  0
POINT
  5
6BD
330
17
100
AcDbEntity
  8
PERCAGES
100
AcDbPoint
 10
200.0
 20
200.0
 30
0.0
  0
CIRCLE
  5
6BE
330
17
100
AcDbEntity
  8
EMPRISE_SUSPENSION
 62
20
100
AcDbCircle
 10
200.0
 20
200.0
 30
0.0
 40
25.0
  0
TEXT
  5
6BF
330
17
100
AcDbEntity
  8
REPERES
100
AcDbText
 10
200.0
 20
230.0
 30
0.0
 40
11.0
  1
V01
 72
1
 11
200.0
 21
230.0
 31
0.0
100
AcDbText
 73
1
  0
TEXT
  5
6C0
330
17
100
AcDbEntity
  8
LONGUEURS_FIL
100
AcDbText
 10
200.0
 20
170.0
 30
0.0
 40
15.0
  1
466
 72
1
 11
200.0
 21
170.0
 31
0.0
100
AcDbText
 73
3
  0
CIRCLE
  5
6C1
330
17
100
AcDbEntity
  8
PERCAGES
100
AcDbCircle
 10
400.0
 20
200.0
 30
0.0
 40
4.0
  0
POINT
  5
6C2
330
17
100
AcDbEntity
  8
PERCAGES
100
AcDbPoint
 10
400.0
 20
200.0
 30
0.0
  0
CIRCLE
  5
6C3
330
17
100
AcDbEntity
  8
EMPRISE_SUSPENSION
 62
30
100
AcDbCircle
 10
400.0
 20
200.0
 30
0.0
 40
25.0
  0
TEXT
  5
6C4
330
17
100
AcDbEntity
  8
REPERES
100
AcDbText
 10
400.0
 20
230.0
 30
0.0
 40
11.0
  1
V02
 72
1
 11
400.0
 21
230.0
 31
0.0
100
AcDbText
 73
1
  0
TEXT
  5
6C5
330
17
100
AcDbEntity
  8
LONGUEURS_FIL
100
AcDbText
 10
400.0
 20
170.0
 30
0.0
 40
15.0
  1
384
 72
1
 11
400.0
 21
170.0
 31
0.0
100
AcDbText
 73
3
  0
CIRCLE
  5
6C6
330
17
100
AcDbEntity
  8
PERCAGES
100
AcDbCircle
 10
600.0
 20
200.0
 30
0.0
 40
4.0
  0
POINT
  5
6C7
330
17
100
AcDbEntity
  8
PERCAGES
100
AcDbPoint
 10
600.0
 20
200.0
 30
0.0
  0
CIRCLE
  5
6C8
330
17
100
AcDbEntity
  8
EMPRISE_SUSPENSION
 62
40
100
AcDbCircle
 10
600.0
 20
200.0
 30
0.0
 40
25.0
  0
TEXT
  5
6C9
330
17
100
AcDbEntity
  8
REPERES
100
AcDbText
 10
600.0
 20
230.0
 30
0.0
 40
11.0
  1
V03
 72
1
 11
600.0
 21
230.0
 31
0.0
100
AcDbText
 73
1
  0
TEXT
  5
6CA
330
17
100
AcDbEntity
  8
LONGUEURS_FIL
100
AcDbText
 10
600.0
 20
170.0
 30
0.0
 40
15.0
  1
283
 72
1
 11
600.0
 21
170.0
 31
0.0
100
AcDbText
 73
3
  0
CIRCLE
  5
6CB
330
17
100
AcDbEntity
  8
PERCAGES
100
AcDbCircle
 10
800.0
 20
200.0
 30
0.0
 40
4.0
  0
POINT
  5
6CC
330
17
100
AcDbEntity
  8
PERCAGES
100
AcDbPoint
 10
800.0
 20
200.0
 30
0.0
  0
CIRCLE
  5
6CD
330
17
100
AcDbEntity
  8
EMPRISE_SUSPENSION
 62
2
100
AcDbCircle
 10
800.0
 20
200.0
 30
0.0
 40
25.0
  0
TEXT
  5
6CE
330
17
100
AcDbEntity
  8
REPERES
100
AcDbText
 10
800.0
 20
230.0
 30
0.0
 40
11.0
  1
V04
 72
1
 11
800.0
 21
230.0
 31
0.0
100
AcDbText
 73
1
  0
TEXT
  5
6CF
330
17
100
AcDbEntity
  8
LONGUEURS_FIL
100
AcDbText
 10
800.0
 20
170.0
 30
0.0
 40
15.0
  1
165
 72
1
 11
800.0
 21
170.0
 31
0.0
100
AcDbText
 73
3
  0
CIRCLE
  5
6D0
330
17
100
AcDbEntity
  8
PERCAGES
100
AcDbCircle
 10
1000.0
 20
200.0
 30
0.0
 40
4.0
  0
POINT
  5
6D1
330
17
100
AcDbEntity
  8
PERCAGES
100
AcDbPoint
 10
1000.0
 20
200.0
 30
0.0
  0
CIRCLE
  5
6D2
330
17
100
AcDbEntity
  8
EMPRISE_SUSPENSION
 62
30
100
AcDbCircle
 10
1000.0
 20
200.0
 30
0.0
 40
25.0
  0
TEXT
  5
6D3
330
17
100
AcDbEntity
  8
REPERES
100
AcDbText
 10
1000.0
 20
230.0
 30
0.0
 40
11.0
  1
V05
 72
1
 11
1000.0
 21
230.0
 31
0.0
100
AcDbText
 73
1
  0
TEXT
  5
6D4
330
17
100
AcDbEntity
  8
LONGUEURS_FIL
100
AcDbText
 10
1000.0
 20
170.0
 30
0.0
 40
15.0
  1
389
 72
1
 11
1000.0
 21
170.0
 31
0.0
100
AcDbText
 73
3
  0
CIRCLE
  5
6D5
330
17
100
AcDbEntity
  8
PERCAGES
100
AcDbCircle
 10
1200.0
 20
200.0
 30
0.0
 40
4.0
  0
POINT
  5
6D6
330
17
100
AcDbEntity
  8
PERCAGES
100
AcDbPoint
 10
1200.0
 20
200.0
 30
0.0
  0
CIRCLE
  5
6D7
330
17
100
AcDbEntity
  8
EMPRISE_SUSPENSION
 62
20
100
AcDbCircle
 10
1200.0
 20
200.0
 30
0.0
 40
25.0
  0
TEXT
  5
6D8
330
17
100
AcDbEntity
  8
REPERES
100
AcDbText
 10
1200.0
 20
230.0
 30
0.0
 40
11.0
  1
V06
 72
1
 11
1200.0
 21
230.0
 31
0.0
100
AcDbText
 73
1
  0
TEXT
  5
6D9
330
17
100
AcDbEntity
  8
LONGUEURS_FIL
100
AcDbText
 10
1200.0
 20
170.0
 30
0.0
 40
15.0
  1
502
 72
1
 11
1200.0
 21
170.0
 31
0.0
100
AcDbText
 73
3
  0
CIRCLE
  5
6DA
330
17
100
AcDbEntity
  8
PERCAGES
100
AcDbCircle
 10
1400.0
 20
200.0
 30
0.0
 40
4.0
  0
POINT
  5
6DB
330
17
100
AcDbEntity
  8
PERCAGES
100
AcDbPoint
 10
1400.0
 20
200.0
 30
0.0
  0
CIRCLE
  5
6DC
330
17
100
AcDbEntity
  8
EMPRISE_SUSPENSION
 62
30
100
AcDbCircle
 10
1400.0
 20
200.0
 30
0.0
 40
25.0
  0
TEXT
  5
6DD
330
17
100
AcDbEntity
  8
REPERES
100
AcDbText
 10
1400.0
 20
230.0
 30
0.0
 40
11.0
  1
V07
 72
1
 11
1400.0
 21
230.0
 31
0.0
100
AcDbText
 73
1
  0
TEXT
  5
6DE
330
17
100
AcDbEntity
  8
LONGUEURS_FIL
100
AcDbText
 10
1400.0
 20
170.0
 30
0.0
 40
15.0
  1
404
 72
1
 11
1400.0
 21
170.0
 31
0.0
100
AcDbText
 73
3
  0
CIRCLE
  5
6DF
330
17
100
AcDbEntity
  8
PERCAGES
100
AcDbCircle
 10
1600.0
 20
200.0
 30
0.0
 40
4.0
  0
POINT
  5
6E0
330
17
100
AcDbEntity
  8
PERCAGES
100
AcDbPoint
 10
1600.0
 20
200.0
 30
0.0
  0
CIRCLE
  5
6E1
330
17
100
AcDbEntity
  8
EMPRISE_SUSPENSION
 62
2
100
AcDbCircle
 10
1600.0
 20
200.0
 30
0.0
 40
25.0
  0
TEXT
  5
6E2
330
17
100
AcDbEntity
  8
REPERES
100
AcDbText
 10
1600.0
 20
230.0
 30
0.0
 40
11.0
  1
V08
 72
1
 11
1600.0
 21
230.0
 31
0.0
100
AcDbText
 73
1
  0
TEXT
  5
6E3
330
17
100
AcDbEntity
  8
LONGUEURS_FIL
100
AcDbText
 10
1600.0
 20
170.0
 30
0.0
 40
15.0
  1
197
 72
1
 11
1600.0
 21
170.0
 31
0.0
100
AcDbText
 73
3
  0
CIRCLE
  5
6E4
330
17
100
AcDbEntity
  8
PERCAGES
100
AcDbCircle
 10
1800.0
 20
200.0
 30
0.0
 40
4.0
  0
POINT
  5
6E5
330
17
100
AcDbEntity
  8
PERCAGES
100
AcDbPoint
 10
1800.0
 20
200.0
 30
0.0
  0
CIRCLE
  5
6E6
330
17
100
AcDbEntity
  8
EMPRISE_SUSPENSION
 62
2
100
AcDbCircle
 10
1800.0
 20
200.0
 30
0.0
 40
25.0
  0
TEXT
  5
6E7
330
17
100
AcDbEntity
  8
REPERES
100
AcDbText
 10
1800.0
 20
230.0
 30
0.0
 40
11.0
  1
V09
 72
1
 11
1800.0
 21
230.0
 31
0.0
100
AcDbText
 73
1
  0
TEXT
  5
6E8
330
17
100
AcDbEntity
  8
LONGUEURS_FIL
100
AcDbText
 10
1800.0
 20
170.0
 30
0.0
 40
15.0
  1
124
 72
1
 11
1800.0
 21
170.0
 31
0.0
100
AcDbText
 73
3
  0
CIRCLE
  5
6E9
330
17
100
AcDbEntity
  8
PERCAGES
100
AcDbCircle
 10
2000.0
 20
200.0
 30
0.0
 40
4.0
  0
POINT
  5
6EA
330
17
100
AcDbEntity
  8
PERCAGES
100
AcDbPoint
 10
2000.0
 20
200.0
 30
0.0
  0
CIRCLE
  5
6EB
330
17
100
AcDbEntity
  8
EMPRISE_SUSPENSION
 62
30
100
AcDbCircle
 10
2000.0
 20
200.0
 30
0.0
 40
25.0
  0
TEXT
  5
6EC
330
17
100
AcDbEntity
  8
REPERES
100
AcDbText
 10
2000.0
 20
230.0
 30
0.0
 40
11.0
  1
V10
 72
1
 11
2000.0
 21
230.0
 31
0.0
100
AcDbText
 73
1
  0
TEXT
  5
6ED
330
17
100
AcDbEntity
  8
LONGUEURS_FIL
100
AcDbText
 10
2000.0
 20
170.0
 30
0.0
 40
15.0
  1
313
 72
1
 11
2000.0
 21
170.0
 31
0.0
100
AcDbText
 73
3
  0
CIRCLE
  5
6EE
330
17
100
AcDbEntity
  8
PERCAGES
100
AcDbCircle
 10
2200.0
 20
200.0
 30
0.0
 40
4.0
  0
POINT
  5
6EF
330
17
100
AcDbEntity
  8
PERCAGES
100
AcDbPoint
 10
2200.0
 20
200.0
 30
0.0
  0
CIRCLE
  5
6F0
330
17
100
AcDbEntity
  8
EMPRISE_SUSPENSION
 62
40
100
AcDbCircle
 10
2200.0
 20
200.0
 30
0.0
 40
25.0
  0
TEXT
  5
6F1
330
17
100
AcDbEntity
  8
REPERES
100
AcDbText
 10
2200.0
 20
230.0
 30
0.0
 40
11.0
  1
V11
 72
1
 11
2200.0
 21
230.0
 31
0.0
100
AcDbText
 73
1
  0
TEXT
  5
6F2
330
17
100
AcDbEntity
  8
LONGUEURS_FIL
100
AcDbText
 10
2200.0
 20
170.0
 30
0.0
 40
15.0
  1
257
 72
1
 11
2200.0
 21
170.0
 31
0.0
100
AcDbText
 73
3
  0
CIRCLE
  5
6F3
330
17
100
AcDbEntity
  8
PERCAGES
100
AcDbCircle
 10
2400.0
 20
200.0
 30
0.0
 40
4.0
  0
POINT
  5
6F4
330
17
100
AcDbEntity
  8
PERCAGES
100
AcDbPoint
 10
2400.0
 20
200.0
 30
0.0
  0
CIRCLE
  5
6F5
330
17
100
AcDbEntity
  8
EMPRISE_SUSPENSION
 62
2
100
AcDbCircle
 10
2400.0
 20
200.0
 30
0.0
 40
25.0
  0
TEXT
  5
6F6
330
17
100
AcDbEntity
  8
REPERES
100
AcDbText
 10
2400.0
 20
230.0
 30
0.0
 40
11.0
  1
V12
 72
1
 11
2400.0
 21
230.0
 31
0.0
100
AcDbText
 73
1
  0
TEXT
  5
6F7
330
17
100
AcDbEntity
  8
LONGUEURS_FIL
100
AcDbText
 10
2400.0
 20
170.0
 30
0.0
 40
15.0
  1
161
 72
1
 11
2400.0
 21
170.0
 31
0.0
100
AcDbText
 73
3
  0
CIRCLE
  5
6F8
330
17
100
AcDbEntity
  8
PERCAGES
100
AcDbCircle
 10
2600.0
 20
200.0
 30
0.0
 40
4.0
  0
POINT
  5
6F9
330
17
100
AcDbEntity
  8
PERCAGES
100
AcDbPoint
 10
2600.0
 20
200.0
 30
0.0
  0
CIRCLE
  5
6FA
330
17
100
AcDbEntity
  8
EMPRISE_SUSPENSION
 62
40
100
AcDbCircle
 10
2600.0
 20
200.0
 30
0.0
 40
25.0
  0
TEXT
  5
6FB
330
17
100
AcDbEntity
  8
REPERES
100
AcDbText
 10
2600.0
 20
230.0
 30
0.0
 40
11.0
  1
V13
 72
1
 11
2600.0
 21
230.0
 31
0.0
100
AcDbText
 73
1
  0
TEXT
  5
6FC
330
17
100
AcDbEntity
  8
LONGUEURS_FIL
100
AcDbText
 10
2600.0
 20
170.0
 30
0.0
 40
15.0
  1
241
 72
1
 11
2600.0
 21
170.0
 31
0.0
100
AcDbText
 73
3
  0
CIRCLE
  5
6FD
330
17
100
AcDbEntity
  8
PERCAGES
100
AcDbCircle
 10
2800.0
 20
200.0
 30
0.0
 40
4.0
  0
POINT
  5
6FE
330
17
100
AcDbEntity
  8
PERCAGES
100
AcDbPoint
 10
2800.0
 20
200.0
 30
0.0
  0
CIRCLE
  5
6FF
330
17
100
AcDbEntity
  8
EMPRISE_SUSPENSION
 62
30
100
AcDbCircle
 10
2800.0
 20
200.0
 30
0.0
 40
25.0
  0
TEXT
  5
700
330
17
100
AcDbEntity
  8
REPERES
100
AcDbText
 10
2800.0
 20
230.0
 30
0.0
 40
11.0
  1
V14
 72
1
 11
2800.0
 21
230.0
 31
0.0
100
AcDbText
 73
1
  0
TEXT
  5
701
330
17
100
AcDbEntity
  8
LONGUEURS_FIL
100
AcDbText
 10
2800.0
 20
170.0
 30
0.0
 40
15.0
  1
335
 72
1
 11
2800.0
 21
170.0
 31
0.0
100
AcDbText
 73
3
  0
CIRCLE
  5
702
330
17
100
AcDbEntity
  8
PERCAGES
100
AcDbCircle
 10
100.0
 20
100.0
 30
0.0
 40
4.0
  0
POINT
  5
703
330
17
100
AcDbEntity
  8
PERCAGES
100
AcDbPoint
 10
100.0
 20
100.0
 30
0.0
  0
CIRCLE
  5
704
330
17
100
AcDbEntity
  8
EMPRISE_SUSPENSION
 62
40
100
AcDbCircle
 10
100.0
 20
100.0
 30
0.0
 40
25.0
  0
TEXT
  5
705
330
17
100
AcDbEntity
  8
REPERES
100
AcDbText
 10
100.0
 20
130.0
 30
0.0
 40
11.0
  1
W01
 72
1
 11
100.0
 21
130.0
 31
0.0
100
AcDbText
 73
1
  0
TEXT
  5
706
330
17
100
AcDbEntity
  8
LONGUEURS_FIL
100
AcDbText
 10
100.0
 20
70.0
 30
0.0
 40
15.0
  1
235
 72
1
 11
100.0
 21
70.0
 31
0.0
100
AcDbText
 73
3
  0
CIRCLE
  5
707
330
17
100
AcDbEntity
  8
PERCAGES
100
AcDbCircle
 10
300.0
 20
100.0
 30
0.0
 40
4.0
  0
POINT
  5
708
330
17
100
AcDbEntity
  8
PERCAGES
100
AcDbPoint
 10
300.0
 20
100.0
 30
0.0
  0
CIRCLE
  5
709
330
17
100
AcDbEntity
  8
EMPRISE_SUSPENSION
 62
40
100
AcDbCircle
 10
300.0
 20
100.0
 30
0.0
 40
25.0
  0
TEXT
  5
70A
330
17
100
AcDbEntity
  8
REPERES
100
AcDbText
 10
300.0
 20
130.0
 30
0.0
 40
11.0
  1
W02
 72
1
 11
300.0
 21
130.0
 31
0.0
100
AcDbText
 73
1
  0
TEXT
  5
70B
330
17
100
AcDbEntity
  8
LONGUEURS_FIL
100
AcDbText
 10
300.0
 20
70.0
 30
0.0
 40
15.0
  1
298
 72
1
 11
300.0
 21
70.0
 31
0.0
100
AcDbText
 73
3
  0
CIRCLE
  5
70C
330
17
100
AcDbEntity
  8
PERCAGES
100
AcDbCircle
 10
500.0
 20
100.0
 30
0.0
 40
4.0
  0
POINT
  5
70D
330
17
100
AcDbEntity
  8
PERCAGES
100
AcDbPoint
 10
500.0
 20
100.0
 30
0.0
  0
CIRCLE
  5
70E
330
17
100
AcDbEntity
  8
EMPRISE_SUSPENSION
 62
2
100
AcDbCircle
 10
500.0
 20
100.0
 30
0.0
 40
25.0
  0
TEXT
  5
70F
330
17
100
AcDbEntity
  8
REPERES
100
AcDbText
 10
500.0
 20
130.0
 30
0.0
 40
11.0
  1
W03
 72
1
 11
500.0
 21
130.0
 31
0.0
100
AcDbText
 73
1
  0
TEXT
  5
710
330
17
100
AcDbEntity
  8
LONGUEURS_FIL
100
AcDbText
 10
500.0
 20
70.0
 30
0.0
 40
15.0
  1
188
 72
1
 11
500.0
 21
70.0
 31
0.0
100
AcDbText
 73
3
  0
CIRCLE
  5
711
330
17
100
AcDbEntity
  8
PERCAGES
100
AcDbCircle
 10
700.0
 20
100.0
 30
0.0
 40
4.0
  0
POINT
  5
712
330
17
100
AcDbEntity
  8
PERCAGES
100
AcDbPoint
 10
700.0
 20
100.0
 30
0.0
  0
CIRCLE
  5
713
330
17
100
AcDbEntity
  8
EMPRISE_SUSPENSION
 62
20
100
AcDbCircle
 10
700.0
 20
100.0
 30
0.0
 40
25.0
  0
TEXT
  5
714
330
17
100
AcDbEntity
  8
REPERES
100
AcDbText
 10
700.0
 20
130.0
 30
0.0
 40
11.0
  1
W04
 72
1
 11
700.0
 21
130.0
 31
0.0
100
AcDbText
 73
1
  0
TEXT
  5
715
330
17
100
AcDbEntity
  8
LONGUEURS_FIL
100
AcDbText
 10
700.0
 20
70.0
 30
0.0
 40
15.0
  1
419
 72
1
 11
700.0
 21
70.0
 31
0.0
100
AcDbText
 73
3
  0
CIRCLE
  5
716
330
17
100
AcDbEntity
  8
PERCAGES
100
AcDbCircle
 10
900.0
 20
100.0
 30
0.0
 40
4.0
  0
POINT
  5
717
330
17
100
AcDbEntity
  8
PERCAGES
100
AcDbPoint
 10
900.0
 20
100.0
 30
0.0
  0
CIRCLE
  5
718
330
17
100
AcDbEntity
  8
EMPRISE_SUSPENSION
 62
40
100
AcDbCircle
 10
900.0
 20
100.0
 30
0.0
 40
25.0
  0
TEXT
  5
719
330
17
100
AcDbEntity
  8
REPERES
100
AcDbText
 10
900.0
 20
130.0
 30
0.0
 40
11.0
  1
W05
 72
1
 11
900.0
 21
130.0
 31
0.0
100
AcDbText
 73
1
  0
TEXT
  5
71A
330
17
100
AcDbEntity
  8
LONGUEURS_FIL
100
AcDbText
 10
900.0
 20
70.0
 30
0.0
 40
15.0
  1
231
 72
1
 11
900.0
 21
70.0
 31
0.0
100
AcDbText
 73
3
  0
CIRCLE
  5
71B
330
17
100
AcDbEntity
  8
PERCAGES
100
AcDbCircle
 10
1100.0
 20
100.0
 30
0.0
 40
4.0
  0
POINT
  5
71C
330
17
100
AcDbEntity
  8
PERCAGES
100
AcDbPoint
 10
1100.0
 20
100.0
 30
0.0
  0
CIRCLE
  5
71D
330
17
100
AcDbEntity
  8
EMPRISE_SUSPENSION
 62
30
100
AcDbCircle
 10
1100.0
 20
100.0
 30
0.0
 40
25.0
  0
TEXT
  5
71E
330
17
100
AcDbEntity
  8
REPERES
100
AcDbText
 10
1100.0
 20
130.0
 30
0.0
 40
11.0
  1
W06
 72
1
 11
1100.0
 21
130.0
 31
0.0
100
AcDbText
 73
1
  0
TEXT
  5
71F
330
17
100
AcDbEntity
  8
LONGUEURS_FIL
100
AcDbText
 10
1100.0
 20
70.0
 30
0.0
 40
15.0
  1
313
 72
1
 11
1100.0
 21
70.0
 31
0.0
100
AcDbText
 73
3
  0
CIRCLE
  5
720
330
17
100
AcDbEntity
  8
PERCAGES
100
AcDbCircle
 10
1300.0
 20
100.0
 30
0.0
 40
4.0
  0
POINT
  5
721
330
17
100
AcDbEntity
  8
PERCAGES
100
AcDbPoint
 10
1300.0
 20
100.0
 30
0.0
  0
CIRCLE
  5
722
330
17
100
AcDbEntity
  8
EMPRISE_SUSPENSION
 62
2
100
AcDbCircle
 10
1300.0
 20
100.0
 30
0.0
 40
25.0
  0
TEXT
  5
723
330
17
100
AcDbEntity
  8
REPERES
100
AcDbText
 10
1300.0
 20
130.0
 30
0.0
 40
11.0
  1
W07
 72
1
 11
1300.0
 21
130.0
 31
0.0
100
AcDbText
 73
1
  0
TEXT
  5
724
330
17
100
AcDbEntity
  8
LONGUEURS_FIL
100
AcDbText
 10
1300.0
 20
70.0
 30
0.0
 40
15.0
  1
188
 72
1
 11
1300.0
 21
70.0
 31
0.0
100
AcDbText
 73
3
  0
CIRCLE
  5
725
330
17
100
AcDbEntity
  8
PERCAGES
100
AcDbCircle
 10
1500.0
 20
100.0
 30
0.0
 40
4.0
  0
POINT
  5
726
330
17
100
AcDbEntity
  8
PERCAGES
100
AcDbPoint
 10
1500.0
 20
100.0
 30
0.0
  0
CIRCLE
  5
727
330
17
100
AcDbEntity
  8
EMPRISE_SUSPENSION
 62
20
100
AcDbCircle
 10
1500.0
 20
100.0
 30
0.0
 40
25.0
  0
TEXT
  5
728
330
17
100
AcDbEntity
  8
REPERES
100
AcDbText
 10
1500.0
 20
130.0
 30
0.0
 40
11.0
  1
W08
 72
1
 11
1500.0
 21
130.0
 31
0.0
100
AcDbText
 73
1
  0
TEXT
  5
729
330
17
100
AcDbEntity
  8
LONGUEURS_FIL
100
AcDbText
 10
1500.0
 20
70.0
 30
0.0
 40
15.0
  1
485
 72
1
 11
1500.0
 21
70.0
 31
0.0
100
AcDbText
 73
3
  0
CIRCLE
  5
72A
330
17
100
AcDbEntity
  8
PERCAGES
100
AcDbCircle
 10
1700.0
 20
100.0
 30
0.0
 40
4.0
  0
POINT
  5
72B
330
17
100
AcDbEntity
  8
PERCAGES
100
AcDbPoint
 10
1700.0
 20
100.0
 30
0.0
  0
CIRCLE
  5
72C
330
17
100
AcDbEntity
  8
EMPRISE_SUSPENSION
 62
30
100
AcDbCircle
 10
1700.0
 20
100.0
 30
0.0
 40
25.0
  0
TEXT
  5
72D
330
17
100
AcDbEntity
  8
REPERES
100
AcDbText
 10
1700.0
 20
130.0
 30
0.0
 40
11.0
  1
W09
 72
1
 11
1700.0
 21
130.0
 31
0.0
100
AcDbText
 73
1
  0
TEXT
  5
72E
330
17
100
AcDbEntity
  8
LONGUEURS_FIL
100
AcDbText
 10
1700.0
 20
70.0
 30
0.0
 40
15.0
  1
366
 72
1
 11
1700.0
 21
70.0
 31
0.0
100
AcDbText
 73
3
  0
CIRCLE
  5
72F
330
17
100
AcDbEntity
  8
PERCAGES
100
AcDbCircle
 10
1900.0
 20
100.0
 30
0.0
 40
4.0
  0
POINT
  5
730
330
17
100
AcDbEntity
  8
PERCAGES
100
AcDbPoint
 10
1900.0
 20
100.0
 30
0.0
  0
CIRCLE
  5
731
330
17
100
AcDbEntity
  8
EMPRISE_SUSPENSION
 62
20
100
AcDbCircle
 10
1900.0
 20
100.0
 30
0.0
 40
25.0
  0
TEXT
  5
732
330
17
100
AcDbEntity
  8
REPERES
100
AcDbText
 10
1900.0
 20
130.0
 30
0.0
 40
11.0
  1
W10
 72
1
 11
1900.0
 21
130.0
 31
0.0
100
AcDbText
 73
1
  0
TEXT
  5
733
330
17
100
AcDbEntity
  8
LONGUEURS_FIL
100
AcDbText
 10
1900.0
 20
70.0
 30
0.0
 40
15.0
  1
434
 72
1
 11
1900.0
 21
70.0
 31
0.0
100
AcDbText
 73
3
  0
CIRCLE
  5
734
330
17
100
AcDbEntity
  8
PERCAGES
100
AcDbCircle
 10
2100.0
 20
100.0
 30
0.0
 40
4.0
  0
POINT
  5
735
330
17
100
AcDbEntity
  8
PERCAGES
100
AcDbPoint
 10
2100.0
 20
100.0
 30
0.0
  0
CIRCLE
  5
736
330
17
100
AcDbEntity
  8
EMPRISE_SUSPENSION
 62
2
100
AcDbCircle
 10
2100.0
 20
100.0
 30
0.0
 40
25.0
  0
TEXT
  5
737
330
17
100
AcDbEntity
  8
REPERES
100
AcDbText
 10
2100.0
 20
130.0
 30
0.0
 40
11.0
  1
W11
 72
1
 11
2100.0
 21
130.0
 31
0.0
100
AcDbText
 73
1
  0
TEXT
  5
738
330
17
100
AcDbEntity
  8
LONGUEURS_FIL
100
AcDbText
 10
2100.0
 20
70.0
 30
0.0
 40
15.0
  1
151
 72
1
 11
2100.0
 21
70.0
 31
0.0
100
AcDbText
 73
3
  0
CIRCLE
  5
739
330
17
100
AcDbEntity
  8
PERCAGES
100
AcDbCircle
 10
2300.0
 20
100.0
 30
0.0
 40
4.0
  0
POINT
  5
73A
330
17
100
AcDbEntity
  8
PERCAGES
100
AcDbPoint
 10
2300.0
 20
100.0
 30
0.0
  0
CIRCLE
  5
73B
330
17
100
AcDbEntity
  8
EMPRISE_SUSPENSION
 62
30
100
AcDbCircle
 10
2300.0
 20
100.0
 30
0.0
 40
25.0
  0
TEXT
  5
73C
330
17
100
AcDbEntity
  8
REPERES
100
AcDbText
 10
2300.0
 20
130.0
 30
0.0
 40
11.0
  1
W12
 72
1
 11
2300.0
 21
130.0
 31
0.0
100
AcDbText
 73
1
  0
TEXT
  5
73D
330
17
100
AcDbEntity
  8
LONGUEURS_FIL
100
AcDbText
 10
2300.0
 20
70.0
 30
0.0
 40
15.0
  1
414
 72
1
 11
2300.0
 21
70.0
 31
0.0
100
AcDbText
 73
3
  0
CIRCLE
  5
73E
330
17
100
AcDbEntity
  8
PERCAGES
100
AcDbCircle
 10
2500.0
 20
100.0
 30
0.0
 40
4.0
  0
POINT
  5
73F
330
17
100
AcDbEntity
  8
PERCAGES
100
AcDbPoint
 10
2500.0
 20
100.0
 30
0.0
  0
CIRCLE
  5
740
330
17
100
AcDbEntity
  8
EMPRISE_SUSPENSION
 62
30
100
AcDbCircle
 10
2500.0
 20
100.0
 30
0.0
 40
25.0
  0
TEXT
  5
741
330
17
100
AcDbEntity
  8
REPERES
100
AcDbText
 10
2500.0
 20
130.0
 30
0.0
 40
11.0
  1
W13
 72
1
 11
2500.0
 21
130.0
 31
0.0
100
AcDbText
 73
1
  0
TEXT
  5
742
330
17
100
AcDbEntity
  8
LONGUEURS_FIL
100
AcDbText
 10
2500.0
 20
70.0
 30
0.0
 40
15.0
  1
323
 72
1
 11
2500.0
 21
70.0
 31
0.0
100
AcDbText
 73
3
  0
CIRCLE
  5
743
330
17
100
AcDbEntity
  8
PERCAGES
100
AcDbCircle
 10
2700.0
 20
100.0
 30
0.0
 40
4.0
  0
POINT
  5
744
330
17
100
AcDbEntity
  8
PERCAGES
100
AcDbPoint
 10
2700.0
 20
100.0
 30
0.0
  0
CIRCLE
  5
745
330
17
100
AcDbEntity
  8
EMPRISE_SUSPENSION
 62
20
100
AcDbCircle
 10
2700.0
 20
100.0
 30
0.0
 40
25.0
  0
TEXT
  5
746
330
17
100
AcDbEntity
  8
REPERES
100
AcDbText
 10
2700.0
 20
130.0
 30
0.0
 40
11.0
  1
W14
 72
1
 11
2700.0
 21
130.0
 31
0.0
100
AcDbText
 73
1
  0
TEXT
  5
747
330
17
100
AcDbEntity
  8
LONGUEURS_FIL
100
AcDbText
 10
2700.0
 20
70.0
 30
0.0
 40
15.0
  1
417
 72
1
 11
2700.0
 21
70.0
 31
0.0
100
AcDbText
 73
3
  0
CIRCLE
  5
748
330
17
100
AcDbEntity
  8
PERCAGES
100
AcDbCircle
 10
2900.0
 20
100.0
 30
0.0
 40
4.0
  0
POINT
  5
749
330
17
100
AcDbEntity
  8
PERCAGES
100
AcDbPoint
 10
2900.0
 20
100.0
 30
0.0
  0
CIRCLE
  5
74A
330
17
100
AcDbEntity
  8
EMPRISE_SUSPENSION
 62
2
100
AcDbCircle
 10
2900.0
 20
100.0
 30
0.0
 40
25.0
  0
TEXT
  5
74B
330
17
100
AcDbEntity
  8
REPERES
100
AcDbText
 10
2900.0
 20
130.0
 30
0.0
 40
11.0
  1
W15
 72
1
 11
2900.0
 21
130.0
 31
0.0
100
AcDbText
 73
1
  0
TEXT
  5
74C
330
17
100
AcDbEntity
  8
LONGUEURS_FIL
100
AcDbText
 10
2900.0
 20
70.0
 30
0.0
 40
15.0
  1
193
 72
1
 11
2900.0
 21
70.0
 31
0.0
100
AcDbText
 73
3
  0
DIMENSION
  5
74D
330
17
100
AcDbEntity
  8
COTES
100
AcDbDimension
280
0
  2
*D1
  3
EZDXF
 10
0.0
 20
2700.0
 30
0.0
 11
1500.0
 21
2720.1
 31
0.0
 70
32
 71
5
  1
<>
100
AcDbAlignedDimension
 13
0.0
 23
2400.0
 33
0.0
 14
3000.0
 24
2400.0
 34
0.0
 50
0.0
100
AcDbRotatedDimension
1001
ACAD
1000
DSTYLE
1002
{
1070
140
1040
40.0
1070
41
1040
30.0
1070
42
1040
10.0
1070
271
1070
0
1070
144
1040
1.0
1070
278
1070
44
1002
}
  0
DIMENSION
  5
75C
330
17
100
AcDbEntity
  8
COTES
100
AcDbDimension
280
0
  2
*D2
  3
EZDXF
 10
-300.0
 20
0.0
 30
0.0
 11
-320.1
 21
1200.0
 31
0.0
 70
32
 71
5
  1
<>
100
AcDbAlignedDimension
 13
0.0
 23
0.0
 33
0.0
 14
0.0
 24
2400.0
 34
0.0
 50
90.0
100
AcDbRotatedDimension
1001
ACAD
1000
DSTYLE
1002
{
1070
140
1040
40.0
1070
41
1040
30.0
1070
42
1040
10.0
1070
271
1070
0
1070
144
1040
1.0
1070
278
1070
44
1002
}
  0
DIMENSION
  5
76B
330
17
100
AcDbEntity
  8
COTES
100
AcDbDimension
280
0
  2
*D3
  3
EZDXF
 10
0.0
 20
2550.0
 30
0.0
 11
50.0
 21
2570.475
 31
0.0
 70
32
 71
5
  1
<>
100
AcDbAlignedDimension
 13
0.0
 23
2400.0
 33
0.0
 14
100.0
 24
2400.0
 34
0.0
 50
0.0
100
AcDbRotatedDimension
1001
ACAD
1000
DSTYLE
1002
{
1070
140
1040
40.0
1070
41
1040
30.0
1070
42
1040
10.0
1070
271
1070
0
1070
144
1040
1.0
1070
278
1070
44
1002
}
  0
DIMENSION
  5
77A
330
17
100
AcDbEntity
  8
COTES
100
AcDbDimension
280
0
  2
*D4
  3
EZDXF
 10
2900.0
 20
2550.0
 30
0.0
 11
2950.0
 21
2570.475
 31
0.0
 70
32
 71
5
  1
<>
100
AcDbAlignedDimension
 13
2900.0
 23
2400.0
 33
0.0
 14
3000.0
 24
2400.0
 34
0.0
 50
0.0
100
AcDbRotatedDimension
1001
ACAD
1000
DSTYLE
1002
{
1070
140
1040
40.0
1070
41
1040
30.0
1070
42
1040
10.0
1070
271
1070
0
1070
144
1040
1.0
1070
278
1070
44
1002
}
  0
DIMENSION
  5
789
330
17
100
AcDbEntity
  8
COTES
100
AcDbDimension
280
0
  2
*D5
  3
EZDXF
 10
-150.0
 20
0.0
 30
0.0
 11
-170.475
 21
50.0
 31
0.0
 70
32
 71
5
  1
<>
100
AcDbAlignedDimension
 13
0.0
 23
0.0
 33
0.0
 14
0.0
 24
100.0
 34
0.0
 50
90.0
100
AcDbRotatedDimension
1001
ACAD
1000
DSTYLE
1002
{
1070
140
1040
40.0
1070
41
1040
30.0
1070
42
1040
10.0
1070
271
1070
0
1070
144
1040
1.0
1070
278
1070
44
1002
}
  0
DIMENSION
  5
798
330
17
100
AcDbEntity
  8
COTES
100
AcDbDimension
280
0
  2
*D6
  3
EZDXF
 10
-150.0
 20
2300.0
 30
0.0
 11
-170.475
 21
2350.0
 31
0.0
 70
32
 71
5
  1
<>
100
AcDbAlignedDimension
 13
0.0
 23
2300.0
 33
0.0
 14
0.0
 24
2400.0
 34
0.0
 50
90.0
100
AcDbRotatedDimension
1001
ACAD
1000
DSTYLE
1002
{
1070
140
1040
40.0
1070
41
1040
30.0
1070
42
1040
10.0
1070
271
1070
0
1070
144
1040
1.0
1070
278
1070
44
1002
}
  0
DIMENSION
  5
7A7
330
17
100
AcDbEntity
  8
COTES
100
AcDbDimension
280
0
  2
*D7
  3
EZDXF
 10
100.0
 20
2550.0
 30
0.0
 11
200.0
 21
2570.1
 31
0.0
 70
32
 71
5
  1
<>
100
AcDbAlignedDimension
 13
100.0
 23
2300.0
 33
0.0
 14
300.0
 24
2300.0
 34
0.0
 50
0.0
100
AcDbRotatedDimension
1001
ACAD
1000
DSTYLE
1002
{
1070
140
1040
40.0
1070
41
1040
30.0
1070
42
1040
10.0
1070
271
1070
0
1070
144
1040
1.0
1070
278
1070
44
1002
}
  0
DIMENSION
  5
7B6
330
17
100
AcDbEntity
  8
COTES
100
AcDbDimension
280
0
  2
*D8
  3
EZDXF
 10
15.147186257614296
 20
2215.1471862576145
 30
0.0
 11
79.62519760240886
 21
2179.625197602409
 31
0.0
 70
32
 71
5
  1
<>
100
AcDbAlignedDimension
 13
100.0
 23
2300.0
 33
0.0
 14
200.0
 24
2200.0
 34
0.0
 50
-45.0
100
AcDbRotatedDimension
1001
ACAD
1000
DSTYLE
1002
{
1070
140
1040
40.0
1070
41
1040
30.0
1070
42
1040
10.0
1070
271
1070
1
1070
144
1040
1.0
1070
278
1070
44
1002
}
  0
DIMENSION
  5
7C5
330
17
100
AcDbEntity
  8
COTES
100
AcDbDimension
280
0
  2
*D9
  3
EZDXF
 10
-150.0
 20
2300.0
 30
0.0
 11
-129.9
 21
2200.0
 31
0.0
 70
32
 71
5
  1
<>
100
AcDbAlignedDimension
 13
100.0
 23
2300.0
 33
0.0
 14
100.0
 24
2100.0
 34
0.0
 50
90.0
100
AcDbRotatedDimension
1001
ACAD
1000
DSTYLE
1002
{
1070
140
1040
40.0
1070
41
1040
30.0
1070
42
1040
10.0
1070
271
1070
0
1070
144
1040
1.0
1070
278
1070
44
1002
}
  0
TEXT
  5
7D4
330
17
100
AcDbEntity
  8
REPERES
100
AcDbText
 10
3060.0
 20
2300.0
 30
0.0
 40
30.0
  1
A
 11
3060.0
 21
2300.0
 31
0.0
100
AcDbText
 73
2
  0
TEXT
  5
7D5
330
17
100
AcDbEntity
  8
REPERES
100
AcDbText
 10
3060.0
 20
2200.0
 30
0.0
 40
30.0
  1
B
 11
3060.0
 21
2200.0
 31
0.0
100
AcDbText
 73
2
  0
TEXT
  5
7D6
330
17
100
AcDbEntity
  8
REPERES
100
AcDbText
 10
3060.0
 20
2100.0
 30
0.0
 40
30.0
  1
C
 11
3060.0
 21
2100.0
 31
0.0
100
AcDbText
 73
2
  0
TEXT
  5
7D7
330
17
100
AcDbEntity
  8
REPERES
100
AcDbText
 10
3060.0
 20
2000.0
 30
0.0
 40
30.0
  1
D
 11
3060.0
 21
2000.0
 31
0.0
100
AcDbText
 73
2
  0
TEXT
  5
7D8
330
17
100
AcDbEntity
  8
REPERES
100
AcDbText
 10
3060.0
 20
1900.0
 30
0.0
 40
30.0
  1
E
 11
3060.0
 21
1900.0
 31
0.0
100
AcDbText
 73
2
  0
TEXT
  5
7D9
330
17
100
AcDbEntity
  8
REPERES
100
AcDbText
 10
3060.0
 20
1800.0
 30
0.0
 40
30.0
  1
F
 11
3060.0
 21
1800.0
 31
0.0
100
AcDbText
 73
2
  0
TEXT
  5
7DA
330
17
100
AcDbEntity
  8
REPERES
100
AcDbText
 10
3060.0
 20
1700.0
 30
0.0
 40
30.0
  1
G
 11
3060.0
 21
1700.0
 31
0.0
100
AcDbText
 73
2
  0
TEXT
  5
7DB
330
17
100
AcDbEntity
  8
REPERES
100
AcDbText
 10
3060.0
 20
1600.0
 30
0.0
 40
30.0
  1
H
 11
3060.0
 21
1600.0
 31
0.0
100
AcDbText
 73
2
  0
TEXT
  5
7DC
330
17
100
AcDbEntity
  8
REPERES
100
AcDbText
 10
3060.0
 20
1500.0
 30
0.0
 40
30.0
  1
I
 11
3060.0
 21
1500.0
 31
0.0
100
AcDbText
 73
2
  0
TEXT
  5
7DD
330
17
100
AcDbEntity
  8
REPERES
100
AcDbText
 10
3060.0
 20
1400.0
 30
0.0
 40
30.0
  1
J
 11
3060.0
 21
1400.0
 31
0.0
100
AcDbText
 73
2
  0
TEXT
  5
7DE
330
17
100
AcDbEntity
  8
REPERES
100
AcDbText
 10
3060.0
 20
1300.0
 30
0.0
 40
30.0
  1
K
 11
3060.0
 21
1300.0
 31
0.0
100
AcDbText
 73
2
  0
TEXT
  5
7DF
330
17
100
AcDbEntity
  8
REPERES
100
AcDbText
 10
3060.0
 20
1200.0
 30
0.0
 40
30.0
  1
L
 11
3060.0
 21
1200.0
 31
0.0
100
AcDbText
 73
2
  0
TEXT
  5
7E0
330
17
100
AcDbEntity
  8
REPERES
100
AcDbText
 10
3060.0
 20
1100.0
 30
0.0
 40
30.0
  1
M
 11
3060.0
 21
1100.0
 31
0.0
100
AcDbText
 73
2
  0
TEXT
  5
7E1
330
17
100
AcDbEntity
  8
REPERES
100
AcDbText
 10
3060.0
 20
1000.0
 30
0.0
 40
30.0
  1
N
 11
3060.0
 21
1000.0
 31
0.0
100
AcDbText
 73
2
  0
TEXT
  5
7E2
330
17
100
AcDbEntity
  8
REPERES
100
AcDbText
 10
3060.0
 20
900.0
 30
0.0
 40
30.0
  1
O
 11
3060.0
 21
900.0
 31
0.0
100
AcDbText
 73
2
  0
TEXT
  5
7E3
330
17
100
AcDbEntity
  8
REPERES
100
AcDbText
 10
3060.0
 20
800.0
 30
0.0
 40
30.0
  1
P
 11
3060.0
 21
800.0
 31
0.0
100
AcDbText
 73
2
  0
TEXT
  5
7E4
330
17
100
AcDbEntity
  8
REPERES
100
AcDbText
 10
3060.0
 20
700.0
 30
0.0
 40
30.0
  1
Q
 11
3060.0
 21
700.0
 31
0.0
100
AcDbText
 73
2
  0
TEXT
  5
7E5
330
17
100
AcDbEntity
  8
REPERES
100
AcDbText
 10
3060.0
 20
600.0
 30
0.0
 40
30.0
  1
R
 11
3060.0
 21
600.0
 31
0.0
100
AcDbText
 73
2
  0
TEXT
  5
7E6
330
17
100
AcDbEntity
  8
REPERES
100
AcDbText
 10
3060.0
 20
500.0
 30
0.0
 40
30.0
  1
S
 11
3060.0
 21
500.0
 31
0.0
100
AcDbText
 73
2
  0
TEXT
  5
7E7
330
17
100
AcDbEntity
  8
REPERES
100
AcDbText
 10
3060.0
 20
400.0
 30
0.0
 40
30.0
  1
T
 11
3060.0
 21
400.0
 31
0.0
100
AcDbText
 73
2
  0
TEXT
  5
7E8
330
17
100
AcDbEntity
  8
REPERES
100
AcDbText
 10
3060.0
 20
300.0
 30
0.0
 40
30.0
  1
U
 11
3060.0
 21
300.0
 31
0.0
100
AcDbText
 73
2
  0
TEXT
  5
7E9
330
17
100
AcDbEntity
  8
REPERES
100
AcDbText
 10
3060.0
 20
200.0
 30
0.0
 40
30.0
  1
V
 11
3060.0
 21
200.0
 31
0.0
100
AcDbText
 73
2
  0
TEXT
  5
7EA
330
17
100
AcDbEntity
  8
REPERES
100
AcDbText
 10
3060.0
 20
100.0
 30
0.0
 40
30.0
  1
W
 11
3060.0
 21
100.0
 31
0.0
100
AcDbText
 73
2
  0
MTEXT
  5
7EB
330
17
100
AcDbEntity
  8
CARTOUCHE
100
AcDbMText
 10
0.0
 20
-250.0
 30
0.0
 40
45.0
 41
3000.0
 71
1
  3
LUSTRE CASCADE - PLATEAU 3.00 x 2.40 m - 334 SUSPENSIONS (VUE DE DESSOUS)\PTrous en quinconce : 200 mm en rangée et en colonne, 141,4 mm en diagonale. Unités : mm.\POrigine (0,0) = coin bas-gauche. Repère = lettre de rangée + n° de gauche à droite.\P
  1
Sous chaque trou : longueur de fil en cm, du plateau au haut de la suspension (101 à 626 cm), hors réserve de fixation.
  0
ENDSEC
  0
SECTION
  2
OBJECTS
  0
DICTIONARY
  5
A
330
0
100
AcDbDictionary
281
1
  3
ACAD_COLOR
350
B
  3
ACAD_GROUP
350
C
  3
ACAD_LAYOUT
350
D
  3
ACAD_MATERIAL
350
E
  3
ACAD_MLEADERSTYLE
350
F
  3
ACAD_MLINESTYLE
350
10
  3
ACAD_PLOTSETTINGS
350
11
  3
ACAD_PLOTSTYLENAME
350
12
  3
ACAD_SCALELIST
350
14
  3
ACAD_TABLESTYLE
350
15
  3
ACAD_VISUALSTYLE
350
16
  3
EZDXF_META
350
2D
  0
DICTIONARY
  5
B
330
A
100
AcDbDictionary
281
1
  0
DICTIONARY
  5
C
330
A
100
AcDbDictionary
281
1
  0
DICTIONARY
  5
D
330
A
100
AcDbDictionary
281
1
  3
Model
350
1A
  3
Layout1
350
1E
  0
DICTIONARY
  5
E
330
A
100
AcDbDictionary
281
1
  3
ByBlock
350
1F
  3
ByLayer
350
20
  3
Global
350
21
  0
DICTIONARY
  5
F
330
A
100
AcDbDictionary
281
1
  3
Standard
350
2C
  0
DICTIONARY
  5
10
330
A
100
AcDbDictionary
281
1
  3
Standard
350
22
  0
DICTIONARY
  5
11
330
A
100
AcDbDictionary
281
1
  0
ACDBDICTIONARYWDFLT
  5
12
330
A
100
AcDbDictionary
281
1
  3
Normal
350
13
100
AcDbDictionaryWithDefault
340
13
  0
ACDBPLACEHOLDER
  5
13
330
12
  0
DICTIONARY
  5
14
330
A
100
AcDbDictionary
281
1
  0
DICTIONARY
  5
15
330
A
100
AcDbDictionary
281
1
  0
DICTIONARY
  5
16
330
A
100
AcDbDictionary
281
1
  3
2dWireframe
350
5A
  3
Basic
350
5B
  3
Brighten
350
5C
  3
ColorChange
350
5D
  3
Conceptual
350
5E
  3
Dim
350
5F
  3
EdgeColorOff
350
60
  3
Facepattern
350
61
  3
Flat
350
62
  3
FlatWithEdges
350
63
  3
Gouraud
350
64
  3
GouraudWithEdges
350
65
  3
Hidden
350
66
  3
JitterOff
350
67
  3
Linepattern
350
68
  3
Modeling
350
69
  3
OverhangOff
350
6A
  3
Realistic
350
6B
  3
Shaded
350
6C
  3
Shaded with edges
350
6D
  3
Shades of Gray
350
6E
  3
Sketchy
350
6F
  3
Thicken
350
70
  3
Wireframe
350
71
  3
X-Ray
350
72
  0
LAYOUT
  5
1A
330
D
100
AcDbPlotSettings
  1

  4
A3
  6

 40
7.5
 41
20.0
 42
7.5
 43
20.0
 44
420.0
 45
297.0
 46
0.0
 47
0.0
 48
0.0
 49
0.0
140
0.0
141
0.0
142
1.0
143
1.0
 70
1024
 72
1
 73
0
 74
5
  7

 75
16
 76
0
 77
2
 78
300
147
1.0
148
0.0
149
0.0
100
AcDbLayout
  1
Model
 70
1
 71
0
 10
0.0
 20
0.0
 11
420.0
 21
297.0
 12
0.0
 22
0.0
 32
0.0
 14
1e+20
 24
1e+20
 34
1e+20
 15
-1e+20
 25
-1e+20
 35
-1e+20
146
0.0
 13
0.0
 23
0.0
 33
0.0
 16
1.0
 26
0.0
 36
0.0
 17
0.0
 27
1.0
 37
0.0
 76
1
330
17
  0
LAYOUT
  5
1E
330
D
100
AcDbPlotSettings
  1

  4
A3
  6

 40
7.5
 41
20.0
 42
7.5
 43
20.0
 44
420.0
 45
297.0
 46
0.0
 47
0.0
 48
0.0
 49
0.0
140
0.0
141
0.0
142
1.0
143
1.0
 70
0
 72
1
 73
0
 74
5
  7

 75
16
 76
0
 77
2
 78
300
147
1.0
148
0.0
149
0.0
100
AcDbLayout
  1
Layout1
 70
1
 71
1
 10
0.0
 20
0.0
 11
420.0
 21
297.0
 12
0.0
 22
0.0
 32
0.0
 14
1e+20
 24
1e+20
 34
1e+20
 15
-1e+20
 25
-1e+20
 35
-1e+20
146
0.0
 13
0.0
 23
0.0
 33
0.0
 16
1.0
 26
0.0
 36
0.0
 17
0.0
 27
1.0
 37
0.0
 76
1
330
1B
  0
MATERIAL
  5
1F
102
{ACAD_REACTORS
330
E
102
}
330
E
100
AcDbMaterial
  1
ByBlock
  2

 70
0
 40
1.0
 71
1
 41
1.0
 91
-1023410177
 42
1.0
 72
1
  3

 73
1
 74
1
 75
1
 44
0.5
 73
0
 45
1.0
 46
1.0
 77
1
  4

 78
1
 79
1
170
1
 48
1.0
171
1
  6

172
1
173
1
174
1
140
1.0
141
1.0
175
1
  7

176
1
177
1
178
1
143
1.0
179
1
  8

270
1
271
1
272
1
145
1.0
146
1.0
273
1
  9

274
1
275
1
276
1
 42
1.0
 72
1
  3

 73
1
 74
1
 75
1
 94
63
  0
MATERIAL
  5
20
102
{ACAD_REACTORS
330
E
102
}
330
E
100
AcDbMaterial
  1
ByLayer
  2

 70
0
 40
1.0
 71
1
 41
1.0
 91
-1023410177
 42
1.0
 72
1
  3

 73
1
 74
1
 75
1
 44
0.5
 73
0
 45
1.0
 46
1.0
 77
1
  4

 78
1
 79
1
170
1
 48
1.0
171
1
  6

172
1
173
1
174
1
140
1.0
141
1.0
175
1
  7

176
1
177
1
178
1
143
1.0
179
1
  8

270
1
271
1
272
1
145
1.0
146
1.0
273
1
  9

274
1
275
1
276
1
 42
1.0
 72
1
  3

 73
1
 74
1
 75
1
 94
63
  0
MATERIAL
  5
21
102
{ACAD_REACTORS
330
E
102
}
330
E
100
AcDbMaterial
  1
Global
  2

 70
0
 40
1.0
 71
1
 41
1.0
 91
-1023410177
 42
1.0
 72
1
  3

 73
1
 74
1
 75
1
 44
0.5
 73
0
 45
1.0
 46
1.0
 77
1
  4

 78
1
 79
1
170
1
 48
1.0
171
1
  6

172
1
173
1
174
1
140
1.0
141
1.0
175
1
  7

176
1
177
1
178
1
143
1.0
179
1
  8

270
1
271
1
272
1
145
1.0
146
1.0
273
1
  9

274
1
275
1
276
1
 42
1.0
 72
1
  3

 73
1
 74
1
 75
1
 94
63
  0
MLINESTYLE
  5
22
102
{ACAD_REACTORS
330
10
102
}
330
10
100
AcDbMlineStyle
  2
Standard
 70
0
  3

 62
256
 51
90.0
 52
90.0
 71
2
 49
0.5
 62
256
  6
BYLAYER
 49
-0.5
 62
256
  6
BYLAYER
  0
MLEADERSTYLE
  5
2C
102
{ACAD_REACTORS
330
F
102
}
330
F
100
AcDbMLeaderStyle
179
2
170
2
171
1
172
0
 90
2
 40
0.0
 41
0.0
173
1
 91
-1056964608
 92
-2
290
1
 42
2.0
291
1
 43
8.0
  3
Standard
 44
4.0
300

342
29
174
1
175
1
176
0
178
1
 93
-1056964608
 45
4.0
292
0
297
0
 46
4.0
 94
-1056964608
 47
1.0
 49
1.0
140
1.0
294
1
141
0.0
177
0
142
1.0
295
0
296
0
143
3.75
271
0
272
9
273
9
  0
DICTIONARY
  5
2D
330
A
100
AcDbDictionary
280
1
281
1
  3
CREATED_BY_EZDXF
350
2E
  3
WRITTEN_BY_EZDXF
350
7EE
  0
DICTIONARYVAR
  5
2E
330
2D
100
DictionaryVariables
280
0
  1
1.4.4 @ 2026-10-06T17:39:38.931877+00:00
  0
VISUALSTYLE
  5
5A
102
{ACAD_REACTORS
330
16
102
}
330
16
100
AcDbVisualStyle
  2
2dWireframe
 70
4
177
3
291
0
 70
58
 90
2
176
1
 90
2
176
1
 90
0
176
1
 90
0
176
1
 40
0.6
176
1
 40
30.0
176
1
 62
7
420
16777215
176
1
 90
1
176
1
 90
4
176
1
 62
7
176
1
 62
257
176
1
 90
1
176
1
 90
1
176
1
 40
1.0
176
1
 90
8
176
1
 62
7
176
1
 40
1.0
176
1
 90
1
176
1
 90
6
176
1
 90
2
176
1
 62
7
176
1
 90
5
176
1
 90
0
176
1
 90
0
176
1
290
0
176
1
 90
1
176
1
 40
0.0
176
1
 90
0
176
1
290
1
176
1
290
1
176
1
290
0
176
1
290
0
176
1
290
0
176
1
290
0
176
1
290
0
176
1
290
0
176
1
290
0
176
1
 90
50
176
1
 40
0.0
176
1
 40
1.0
176
1
 90
0
176
1
 62
18
420
0
176
1
 90
50
176
1
 90
3
176
1
 62
5
420
255
176
1
290
0
176
1
 90
50
176
1
 90
50
176
1
 90
50
176
1
290
0
176
1
 90
50
176
1
 62
256
176
0
 40
1.0
176
0
 90
2
176
1
  1
strokes_ogs.tif
176
1
290
0
176
1
 40
1.0
176
1
 40
1.0
176
1
  0
VISUALSTYLE
  5
5B
102
{ACAD_REACTORS
330
16
102
}
330
16
100
AcDbVisualStyle
  2
Basic
 70
7
177
3
291
1
 70
58
 90
2
176
1
 90
2
176
1
 90
0
176
1
 90
1
176
1
 40
0.6
176
1
 40
30.0
176
1
 62
7
420
16777215
176
1
 90
1
176
1
 90
4
176
1
 62
7
176
1
 62
257
176
1
 90
1
176
1
 90
1
176
1
 40
1.0
176
1
 90
8
176
1
 62
7
176
1
 40
1.0
176
1
 90
1
176
1
 90
6
176
1
 90
2
176
1
 62
7
176
1
 90
5
176
1
 90
0
176
1
 90
0
176
1
290
0
176
1
 90
1
176
1
 40
0.0
176
1
 90
0
176
1
290
0
176
1
290
1
176
1
290
1
176
1
290
0
176
1
290
0
176
1
290
0
176
1
290
0
176
1
290
0
176
1
290
0
176
1
 90
50
176
1
 40
0.0
176
1
 40
1.0
176
1
 90
0
176
1
 62
18
420
0
176
1
 90
50
176
1
 90
3
176
1
 62
5
420
255
176
1
290
0
176
1
 90
50
176
1
 90
50
176
1
 90
50
176
1
290
0
176
1
 90
50
176
1
 62
256
176
0
 40
1.0
176
0
 90
2
176
1
  1
strokes_ogs.tif
176
1
290
0
176
1
 40
1.0
176
1
 40
1.0
176
1
  0
VISUALSTYLE
  5
5C
102
{ACAD_REACTORS
330
16
102
}
330
16
100
AcDbVisualStyle
  2
Brighten
 70
12
177
3
291
1
 70
58
 90
2
176
1
 90
2
176
1
 90
0
176
1
 90
2
176
1
 40
0.6
176
1
 40
30.0
176
1
 62
7
420
16777215
176
1
 90
1
176
1
 90
4
176
1
 62
7
176
1
 62
257
176
1
 90
1
176
1
 90
1
176
1
 40
1.0
176
1
 90
8
176
1
 62
7
176
1
 40
1.0
176
1
 90
1
176
1
 90
6
176
1
 90
2
176
1
 62
7
176
1
 90
5
176
1
 90
0
176
1
 90
0
176
1
290
0
176
1
 90
1
176
1
 40
0.0
176
1
 90
0
176
1
290
0
176
1
290
1
176
1
290
1
176
1
290
0
176
1
290
0
176
1
290
0
176
1
290
0
176
1
290
0
176
1
290
0
176
1
 90
50
176
1
 40
0.0
176
1
 40
1.0
176
1
 90
0
176
1
 62
18
420
0
176
1
 90
50
176
1
 90
3
176
1
 62
5
420
255
176
1
290
0
176
1
 90
50
176
1
 90
50
176
1
 90
50
176
1
290
0
176
1
 90
50
176
1
 62
256
176
0
 40
1.0
176
0
 90
2
176
1
  1
strokes_ogs.tif
176
1
290
0
176
1
 40
1.0
176
1
 40
1.0
176
1
  0
VISUALSTYLE
  5
5D
102
{ACAD_REACTORS
330
16
102
}
330
16
100
AcDbVisualStyle
  2
ColorChange
 70
16
177
3
291
1
 70
58
 90
2
176
1
 90
2
176
1
 90
0
176
1
 90
2
176
1
 40
0.6
176
1
 40
30.0
176
1
 62
7
420
16777215
176
1
 90
1
176
1
 90
4
176
1
 62
7
176
1
 62
257
176
1
 90
1
176
1
 90
1
176
1
 40
1.0
176
1
 90
8
176
1
 62
7
176
1
 40
1.0
176
1
 90
1
176
1
 90
6
176
1
 90
2
176
1
 62
7
176
1
 90
5
176
1
 90
0
176
1
 90
0
176
1
290
0
176
1
 90
1
176
1
 40
0.0
176
1
 90
0
176
1
290
0
176
1
290
1
176
1
290
1
176
1
290
0
176
1
290
0
176
1
290
0
176
1
290
0
176
1
290
0
176
1
290
0
176
1
 90
50
176
1
 40
0.0
176
1
 40
1.0
176
1
 90
0
176
1
 62
18
420
0
176
1
 90
50
176
1
 90
3
176
1
 62
5
420
255
176
1
290
0
176
1
 90
50
176
1
 90
50
176
1
 90
50
176
1
290
0
176
1
 90
50
176
1
 62
256
176
0
 40
1.0
176
0
 90
2
176
1
  1
strokes_ogs.tif
176
1
290
0
176
1
 40
1.0
176
1
 40
1.0
176
1
  0
VISUALSTYLE
  5
5E
102
{ACAD_REACTORS
330
16
102
}
330
16
100
AcDbVisualStyle
  2
Conceptual
 70
9
177
3
291
0
 70
58
 90
2
176
1
 90
2
176
1
 90
0
176
1
 90
3
176
1
 40
0.6
176
1
 40
30.0
176
1
 62
7
420
16777215
176
1
 90
1
176
1
 90
4
176
1
 62
7
176
1
 62
257
176
1
 90
1
176
1
 90
1
176
1
 40
1.0
176
1
 90
8
176
1
 62
7
176
1
 40
1.0
176
1
 90
1
176
1
 90
6
176
1
 90
2
176
1
 62
7
176
1
 90
5
176
1
 90
0
176
1
 90
0
176
1
290
0
176
1
 90
1
176
1
 40
0.0
176
1
 90
0
176
1
290
0
176
1
290
1
176
1
290
1
176
1
290
0
176
1
290
0
176
1
290
0
176
1
290
0
176
1
290
0
176
1
290
0
176
1
 90
50
176
1
 40
0.0
176
1
 40
1.0
176
1
 90
0
176
1
 62
18
420
0
176
1
 90
50
176
1
 90
3
176
1
 62
5
420
255
176
1
290
0
176
1
 90
50
176
1
 90
50
176
1
 90
50
176
1
290
0
176
1
 90
50
176
1
 62
256
176
0
 40
1.0
176
0
 90
2
176
1
  1
strokes_ogs.tif
176
1
290
0
176
1
 40
1.0
176
1
 40
1.0
176
1
  0
VISUALSTYLE
  5
5F
102
{ACAD_REACTORS
330
16
102
}
330
16
100
AcDbVisualStyle
  2
Dim
 70
11
177
3
291
1
 70
58
 90
2
176
1
 90
2
176
1
 90
0
176
1
 90
2
176
1
 40
0.6
176
1
 40
30.0
176
1
 62
7
420
16777215
176
1
 90
1
176
1
 90
4
176
1
 62
7
176
1
 62
257
176
1
 90
1
176
1
 90
1
176
1
 40
1.0
176
1
 90
8
176
1
 62
7
176
1
 40
1.0
176
1
 90
1
176
1
 90
6
176
1
 90
2
176
1
 62
7
176
1
 90
5
176
1
 90
0
176
1
 90
0
176
1
290
0
176
1
 90
1
176
1
 40
0.0
176
1
 90
0
176
1
290
0
176
1
290
1
176
1
290
1
176
1
290
0
176
1
290
0
176
1
290
0
176
1
290
0
176
1
290
0
176
1
290
0
176
1
 90
50
176
1
 40
0.0
176
1
 40
1.0
176
1
 90
0
176
1
 62
18
420
0
176
1
 90
50
176
1
 90
3
176
1
 62
5
420
255
176
1
290
0
176
1
 90
50
176
1
 90
50
176
1
 90
50
176
1
290
0
176
1
 90
50
176
1
 62
256
176
0
 40
1.0
176
0
 90
2
176
1
  1
strokes_ogs.tif
176
1
290
0
176
1
 40
1.0
176
1
 40
1.0
176
1
  0
VISUALSTYLE
  5
60
102
{ACAD_REACTORS
330
16
102
}
330
16
100
AcDbVisualStyle
  2
EdgeColorOff
 70
22
177
3
291
1
 70
58
 90
2
176
1
 90
2
176
1
 90
0
176
1
 90
2
176
1
 40
0.6
176
1
 40
30.0
176
1
 62
7
420
16777215
176
1
 90
1
176
1
 90
4
176
1
 62
7
176
1
 62
257
176
1
 90
1
176
1
 90
1
176
1
 40
1.0
176
1
 90
8
176
1
 62
7
176
1
 40
1.0
176
1
 90
1
176
1
 90
6
176
1
 90
2
176
1
 62
7
176
1
 90
5
176
1
 90
0
176
1
 90
0
176
1
290
0
176
1
 90
1
176
1
 40
0.0
176
1
 90
0
176
1
290
0
176
1
290
1
176
1
290
1
176
1
290
0
176
1
290
0
176
1
290
0
176
1
290
0
176
1
290
0
176
1
290
0
176
1
 90
50
176
1
 40
0.0
176
1
 40
1.0
176
1
 90
0
176
1
 62
18
420
0
176
1
 90
50
176
1
 90
3
176
1
 62
5
420
255
176
1
290
0
176
1
 90
50
176
1
 90
50
176
1
 90
50
176
1
290
0
176
1
 90
50
176
1
 62
256
176
0
 40
1.0
176
0
 90
2
176
1
  1
strokes_ogs.tif
176
1
290
0
176
1
 40
1.0
176
1
 40
1.0
176
1
  0
VISUALSTYLE
  5
61
102
{ACAD_REACTORS
330
16
102
}
330
16
100
AcDbVisualStyle
  2
Facepattern
 70
15
177
3
291
1
 70
58
 90
2
176
1
 90
2
176
1
 90
0
176
1
 90
2
176
1
 40
0.6
176
1
 40
30.0
176
1
 62
7
420
16777215
176
1
 90
1
176
1
 90
4
176
1
 62
7
176
1
 62
257
176
1
 90
1
176
1
 90
1
176
1
 40
1.0
176
1
 90
8
176
1
 62
7
176
1
 40
1.0
176
1
 90
1
176
1
 90
6
176
1
 90
2
176
1
 62
7
176
1
 90
5
176
1
 90
0
176
1
 90
0
176
1
290
0
176
1
 90
1
176
1
 40
0.0
176
1
 90
0
176
1
290
0
176
1
290
1
176
1
290
1
176
1
290
0
176
1
290
0
176
1
290
0
176
1
290
0
176
1
290
0
176
1
290
0
176
1
 90
50
176
1
 40
0.0
176
1
 40
1.0
176
1
 90
0
176
1
 62
18
420
0
176
1
 90
50
176
1
 90
3
176
1
 62
5
420
255
176
1
290
0
176
1
 90
50
176
1
 90
50
176
1
 90
50
176
1
290
0
176
1
 90
50
176
1
 62
256
176
0
 40
1.0
176
0
 90
2
176
1
  1
strokes_ogs.tif
176
1
290
0
176
1
 40
1.0
176
1
 40
1.0
176
1
  0
VISUALSTYLE
  5
62
102
{ACAD_REACTORS
330
16
102
}
330
16
100
AcDbVisualStyle
  2
Flat
 70
0
177
3
291
1
 70
58
 90
2
176
1
 90
2
176
1
 90
0
176
1
 90
2
176
1
 40
0.6
176
1
 40
30.0
176
1
 62
7
420
16777215
176
1
 90
1
176
1
 90
4
176
1
 62
7
176
1
 62
257
176
1
 90
1
176
1
 90
1
176
1
 40
1.0
176
1
 90
8
176
1
 62
7
176
1
 40
1.0
176
1
 90
1
176
1
 90
6
176
1
 90
2
176
1
 62
7
176
1
 90
5
176
1
 90
0
176
1
 90
0
176
1
290
0
176
1
 90
1
176
1
 40
0.0
176
1
 90
0
176
1
290
0
176
1
290
1
176
1
290
1
176
1
290
0
176
1
290
0
176
1
290
0
176
1
290
0
176
1
290
0
176
1
290
0
176
1
 90
50
176
1
 40
0.0
176
1
 40
1.0
176
1
 90
0
176
1
 62
18
420
0
176
1
 90
50
176
1
 90
3
176
1
 62
5
420
255
176
1
290
0
176
1
 90
50
176
1
 90
50
176
1
 90
50
176
1
290
0
176
1
 90
50
176
1
 62
256
176
0
 40
1.0
176
0
 90
2
176
1
  1
strokes_ogs.tif
176
1
290
0
176
1
 40
1.0
176
1
 40
1.0
176
1
  0
VISUALSTYLE
  5
63
102
{ACAD_REACTORS
330
16
102
}
330
16
100
AcDbVisualStyle
  2
FlatWithEdges
 70
1
177
3
291
1
 70
58
 90
2
176
1
 90
2
176
1
 90
0
176
1
 90
2
176
1
 40
0.6
176
1
 40
30.0
176
1
 62
7
420
16777215
176
1
 90
1
176
1
 90
4
176
1
 62
7
176
1
 62
257
176
1
 90
1
176
1
 90
1
176
1
 40
1.0
176
1
 90
8
176
1
 62
7
176
1
 40
1.0
176
1
 90
1
176
1
 90
6
176
1
 90
2
176
1
 62
7
176
1
 90
5
176
1
 90
0
176
1
 90
0
176
1
290
0
176
1
 90
1
176
1
 40
0.0
176
1
 90
0
176
1
290
0
176
1
290
1
176
1
290
1
176
1
290
0
176
1
290
0
176
1
290
0
176
1
290
0
176
1
290
0
176
1
290
0
176
1
 90
50
176
1
 40
0.0
176
1
 40
1.0
176
1
 90
0
176
1
 62
18
420
0
176
1
 90
50
176
1
 90
3
176
1
 62
5
420
255
176
1
290
0
176
1
 90
50
176
1
 90
50
176
1
 90
50
176
1
290
0
176
1
 90
50
176
1
 62
256
176
0
 40
1.0
176
0
 90
2
176
1
  1
strokes_ogs.tif
176
1
290
0
176
1
 40
1.0
176
1
 40
1.0
176
1
  0
VISUALSTYLE
  5
64
102
{ACAD_REACTORS
330
16
102
}
330
16
100
AcDbVisualStyle
  2
Gouraud
 70
2
177
3
291
1
 70
58
 90
2
176
1
 90
2
176
1
 90
0
176
1
 90
2
176
1
 40
0.6
176
1
 40
30.0
176
1
 62
7
420
16777215
176
1
 90
1
176
1
 90
4
176
1
 62
7
176
1
 62
257
176
1
 90
1
176
1
 90
1
176
1
 40
1.0
176
1
 90
8
176
1
 62
7
176
1
 40
1.0
176
1
 90
1
176
1
 90
6
176
1
 90
2
176
1
 62
7
176
1
 90
5
176
1
 90
0
176
1
 90
0
176
1
290
0
176
1
 90
1
176
1
 40
0.0
176
1
 90
0
176
1
290
0
176
1
290
1
176
1
290
1
176
1
290
0
176
1
290
0
176
1
290
0
176
1
290
0
176
1
290
0
176
1
290
0
176
1
 90
50
176
1
 40
0.0
176
1
 40
1.0
176
1
 90
0
176
1
 62
18
420
0
176
1
 90
50
176
1
 90
3
176
1
 62
5
420
255
176
1
290
0
176
1
 90
50
176
1
 90
50
176
1
 90
50
176
1
290
0
176
1
 90
50
176
1
 62
256
176
0
 40
1.0
176
0
 90
2
176
1
  1
strokes_ogs.tif
176
1
290
0
176
1
 40
1.0
176
1
 40
1.0
176
1
  0
VISUALSTYLE
  5
65
102
{ACAD_REACTORS
330
16
102
}
330
16
100
AcDbVisualStyle
  2
GouraudWithEdges
 70
3
177
3
291
1
 70
58
 90
2
176
1
 90
2
176
1
 90
0
176
1
 90
2
176
1
 40
0.6
176
1
 40
30.0
176
1
 62
7
420
16777215
176
1
 90
1
176
1
 90
4
176
1
 62
7
176
1
 62
257
176
1
 90
1
176
1
 90
1
176
1
 40
1.0
176
1
 90
8
176
1
 62
7
176
1
 40
1.0
176
1
 90
1
176
1
 90
6
176
1
 90
2
176
1
 62
7
176
1
 90
5
176
1
 90
0
176
1
 90
0
176
1
290
0
176
1
 90
1
176
1
 40
0.0
176
1
 90
0
176
1
290
0
176
1
290
1
176
1
290
1
176
1
290
0
176
1
290
0
176
1
290
0
176
1
290
0
176
1
290
0
176
1
290
0
176
1
 90
50
176
1
 40
0.0
176
1
 40
1.0
176
1
 90
0
176
1
 62
18
420
0
176
1
 90
50
176
1
 90
3
176
1
 62
5
420
255
176
1
290
0
176
1
 90
50
176
1
 90
50
176
1
 90
50
176
1
290
0
176
1
 90
50
176
1
 62
256
176
0
 40
1.0
176
0
 90
2
176
1
  1
strokes_ogs.tif
176
1
290
0
176
1
 40
1.0
176
1
 40
1.0
176
1
  0
VISUALSTYLE
  5
66
102
{ACAD_REACTORS
330
16
102
}
330
16
100
AcDbVisualStyle
  2
Hidden
 70
6
177
3
291
0
 70
58
 90
2
176
1
 90
2
176
1
 90
0
176
1
 90
1
176
1
 40
0.6
176
1
 40
30.0
176
1
 62
7
420
16777215
176
1
 90
1
176
1
 90
4
176
1
 62
7
176
1
 62
257
176
1
 90
1
176
1
 90
1
176
1
 40
1.0
176
1
 90
8
176
1
 62
7
176
1
 40
1.0
176
1
 90
1
176
1
 90
6
176
1
 90
2
176
1
 62
7
176
1
 90
5
176
1
 90
0
176
1
 90
0
176
1
290
0
176
1
 90
1
176
1
 40
0.0
176
1
 90
0
176
1
290
0
176
1
290
1
176
1
290
1
176
1
290
0
176
1
290
0
176
1
290
0
176
1
290
0
176
1
290
0
176
1
290
0
176
1
 90
50
176
1
 40
0.0
176
1
 40
1.0
176
1
 90
0
176
1
 62
18
420
0
176
1
 90
50
176
1
 90
3
176
1
 62
5
420
255
176
1
290
0
176
1
 90
50
176
1
 90
50
176
1
 90
50
176
1
290
0
176
1
 90
50
176
1
 62
256
176
0
 40
1.0
176
0
 90
2
176
1
  1
strokes_ogs.tif
176
1
290
0
176
1
 40
1.0
176
1
 40
1.0
176
1
  0
VISUALSTYLE
  5
67
102
{ACAD_REACTORS
330
16
102
}
330
16
100
AcDbVisualStyle
  2
JitterOff
 70
20
177
3
291
1
 70
58
 90
2
176
1
 90
2
176
1
 90
0
176
1
 90
2
176
1
 40
0.6
176
1
 40
30.0
176
1
 62
7
420
16777215
176
1
 90
1
176
1
 90
4
176
1
 62
7
176
1
 62
257
176
1
 90
1
176
1
 90
1
176
1
 40
1.0
176
1
 90
8
176
1
 62
7
176
1
 40
1.0
176
1
 90
1
176
1
 90
6
176
1
 90
2
176
1
 62
7
176
1
 90
5
176
1
 90
0
176
1
 90
0
176
1
290
0
176
1
 90
1
176
1
 40
0.0
176
1
 90
0
176
1
290
0
176
1
290
1
176
1
290
1
176
1
290
0
176
1
290
0
176
1
290
0
176
1
290
0
176
1
290
0
176
1
290
0
176
1
 90
50
176
1
 40
0.0
176
1
 40
1.0
176
1
 90
0
176
1
 62
18
420
0
176
1
 90
50
176
1
 90
3
176
1
 62
5
420
255
176
1
290
0
176
1
 90
50
176
1
 90
50
176
1
 90
50
176
1
290
0
176
1
 90
50
176
1
 62
256
176
0
 40
1.0
176
0
 90
2
176
1
  1
strokes_ogs.tif
176
1
290
0
176
1
 40
1.0
176
1
 40
1.0
176
1
  0
VISUALSTYLE
  5
68
102
{ACAD_REACTORS
330
16
102
}
330
16
100
AcDbVisualStyle
  2
Linepattern
 70
14
177
3
291
1
 70
58
 90
2
176
1
 90
2
176
1
 90
0
176
1
 90
2
176
1
 40
0.6
176
1
 40
30.0
176
1
 62
7
420
16777215
176
1
 90
1
176
1
 90
4
176
1
 62
7
176
1
 62
257
176
1
 90
1
176
1
 90
1
176
1
 40
1.0
176
1
 90
8
176
1
 62
7
176
1
 40
1.0
176
1
 90
1
176
1
 90
6
176
1
 90
2
176
1
 62
7
176
1
 90
5
176
1
 90
0
176
1
 90
0
176
1
290
0
176
1
 90
1
176
1
 40
0.0
176
1
 90
0
176
1
290
0
176
1
290
1
176
1
290
1
176
1
290
0
176
1
290
0
176
1
290
0
176
1
290
0
176
1
290
0
176
1
290
0
176
1
 90
50
176
1
 40
0.0
176
1
 40
1.0
176
1
 90
0
176
1
 62
18
420
0
176
1
 90
50
176
1
 90
3
176
1
 62
5
420
255
176
1
290
0
176
1
 90
50
176
1
 90
50
176
1
 90
50
176
1
290
0
176
1
 90
50
176
1
 62
256
176
0
 40
1.0
176
0
 90
2
176
1
  1
strokes_ogs.tif
176
1
290
0
176
1
 40
1.0
176
1
 40
1.0
176
1
  0
VISUALSTYLE
  5
69
102
{ACAD_REACTORS
330
16
102
}
330
16
100
AcDbVisualStyle
  2
Modeling
 70
10
177
3
291
0
 70
58
 90
2
176
1
 90
2
176
1
 90
0
176
1
 90
2
176
1
 40
0.6
176
1
 40
30.0
176
1
 62
7
420
16777215
176
1
 90
1
176
1
 90
4
176
1
 62
7
176
1
 62
257
176
1
 90
1
176
1
 90
1
176
1
 40
1.0
176
1
 90
8
176
1
 62
7
176
1
 40
1.0
176
1
 90
1
176
1
 90
6
176
1
 90
2
176
1
 62
7
176
1
 90
5
176
1
 90
0
176
1
 90
0
176
1
290
0
176
1
 90
1
176
1
 40
0.0
176
1
 90
0
176
1
290
0
176
1
290
1
176
1
290
1
176
1
290
0
176
1
290
0
176
1
290
0
176
1
290
0
176
1
290
0
176
1
290
0
176
1
 90
50
176
1
 40
0.0
176
1
 40
1.0
176
1
 90
0
176
1
 62
18
420
0
176
1
 90
50
176
1
 90
3
176
1
 62
5
420
255
176
1
290
0
176
1
 90
50
176
1
 90
50
176
1
 90
50
176
1
290
0
176
1
 90
50
176
1
 62
256
176
0
 40
1.0
176
0
 90
2
176
1
  1
strokes_ogs.tif
176
1
290
0
176
1
 40
1.0
176
1
 40
1.0
176
1
  0
VISUALSTYLE
  5
6A
102
{ACAD_REACTORS
330
16
102
}
330
16
100
AcDbVisualStyle
  2
OverhangOff
 70
21
177
3
291
1
 70
58
 90
2
176
1
 90
2
176
1
 90
0
176
1
 90
2
176
1
 40
0.6
176
1
 40
30.0
176
1
 62
7
420
16777215
176
1
 90
1
176
1
 90
4
176
1
 62
7
176
1
 62
257
176
1
 90
1
176
1
 90
1
176
1
 40
1.0
176
1
 90
8
176
1
 62
7
176
1
 40
1.0
176
1
 90
1
176
1
 90
6
176
1
 90
2
176
1
 62
7
176
1
 90
5
176
1
 90
0
176
1
 90
0
176
1
290
0
176
1
 90
1
176
1
 40
0.0
176
1
 90
0
176
1
290
0
176
1
290
1
176
1
290
1
176
1
290
0
176
1
290
0
176
1
290
0
176
1
290
0
176
1
290
0
176
1
290
0
176
1
 90
50
176
1
 40
0.0
176
1
 40
1.0
176
1
 90
0
176
1
 62
18
420
0
176
1
 90
50
176
1
 90
3
176
1
 62
5
420
255
176
1
290
0
176
1
 90
50
176
1
 90
50
176
1
 90
50
176
1
290
0
176
1
 90
50
176
1
 62
256
176
0
 40
1.0
176
0
 90
2
176
1
  1
strokes_ogs.tif
176
1
290
0
176
1
 40
1.0
176
1
 40
1.0
176
1
  0
VISUALSTYLE
  5
6B
102
{ACAD_REACTORS
330
16
102
}
330
16
100
AcDbVisualStyle
  2
Realistic
 70
8
177
3
291
0
 70
58
 90
2
176
1
 90
2
176
1
 90
0
176
1
 90
2
176
1
 40
0.6
176
1
 40
30.0
176
1
 62
7
420
16777215
176
1
 90
1
176
1
 90
4
176
1
 62
7
176
1
 62
257
176
1
 90
1
176
1
 90
1
176
1
 40
1.0
176
1
 90
8
176
1
 62
7
176
1
 40
1.0
176
1
 90
1
176
1
 90
6
176
1
 90
2
176
1
 62
7
176
1
 90
5
176
1
 90
0
176
1
 90
0
176
1
290
0
176
1
 90
1
176
1
 40
0.0
176
1
 90
0
176
1
290
0
176
1
290
1
176
1
290
1
176
1
290
0
176
1
290
0
176
1
290
0
176
1
290
0
176
1
290
0
176
1
290
0
176
1
 90
50
176
1
 40
0.0
176
1
 40
1.0
176
1
 90
0
176
1
 62
18
420
0
176
1
 90
50
176
1
 90
3
176
1
 62
5
420
255
176
1
290
0
176
1
 90
50
176
1
 90
50
176
1
 90
50
176
1
290
0
176
1
 90
50
176
1
 62
256
176
0
 40
1.0
176
0
 90
2
176
1
  1
strokes_ogs.tif
176
1
290
0
176
1
 40
1.0
176
1
 40
1.0
176
1
  0
VISUALSTYLE
  5
6C
102
{ACAD_REACTORS
330
16
102
}
330
16
100
AcDbVisualStyle
  2
Shaded
 70
27
177
3
291
0
 70
58
 90
2
176
1
 90
2
176
1
 90
0
176
1
 90
2
176
1
 40
0.6
176
1
 40
30.0
176
1
 62
7
420
16777215
176
1
 90
1
176
1
 90
4
176
1
 62
7
176
1
 62
257
176
1
 90
1
176
1
 90
1
176
1
 40
1.0
176
1
 90
8
176
1
 62
7
176
1
 40
1.0
176
1
 90
1
176
1
 90
6
176
1
 90
2
176
1
 62
7
176
1
 90
5
176
1
 90
0
176
1
 90
0
176
1
290
0
176
1
 90
1
176
1
 40
0.0
176
1
 90
0
176
1
290
0
176
1
290
1
176
1
290
1
176
1
290
0
176
1
290
0
176
1
290
0
176
1
290
0
176
1
290
0
176
1
290
0
176
1
 90
50
176
1
 40
0.0
176
1
 40
1.0
176
1
 90
0
176
1
 62
18
420
0
176
1
 90
50
176
1
 90
3
176
1
 62
5
420
255
176
1
290
0
176
1
 90
50
176
1
 90
50
176
1
 90
50
176
1
290
0
176
1
 90
50
176
1
 62
256
176
0
 40
1.0
176
0
 90
2
176
1
  1
strokes_ogs.tif
176
1
290
0
176
1
 40
1.0
176
1
 40
1.0
176
1
  0
VISUALSTYLE
  5
6D
102
{ACAD_REACTORS
330
16
102
}
330
16
100
AcDbVisualStyle
  2
Shaded with edges
 70
26
177
3
291
0
 70
58
 90
2
176
1
 90
2
176
1
 90
0
176
1
 90
2
176
1
 40
0.6
176
1
 40
30.0
176
1
 62
7
420
16777215
176
1
 90
1
176
1
 90
4
176
1
 62
7
176
1
 62
257
176
1
 90
1
176
1
 90
1
176
1
 40
1.0
176
1
 90
8
176
1
 62
7
176
1
 40
1.0
176
1
 90
1
176
1
 90
6
176
1
 90
2
176
1
 62
7
176
1
 90
5
176
1
 90
0
176
1
 90
0
176
1
290
0
176
1
 90
1
176
1
 40
0.0
176
1
 90
0
176
1
290
0
176
1
290
1
176
1
290
1
176
1
290
0
176
1
290
0
176
1
290
0
176
1
290
0
176
1
290
0
176
1
290
0
176
1
 90
50
176
1
 40
0.0
176
1
 40
1.0
176
1
 90
0
176
1
 62
18
420
0
176
1
 90
50
176
1
 90
3
176
1
 62
5
420
255
176
1
290
0
176
1
 90
50
176
1
 90
50
176
1
 90
50
176
1
290
0
176
1
 90
50
176
1
 62
256
176
0
 40
1.0
176
0
 90
2
176
1
  1
strokes_ogs.tif
176
1
290
0
176
1
 40
1.0
176
1
 40
1.0
176
1
  0
VISUALSTYLE
  5
6E
102
{ACAD_REACTORS
330
16
102
}
330
16
100
AcDbVisualStyle
  2
Shades of Gray
 70
23
177
3
291
0
 70
58
 90
2
176
1
 90
2
176
1
 90
0
176
1
 90
2
176
1
 40
0.6
176
1
 40
30.0
176
1
 62
7
420
16777215
176
1
 90
1
176
1
 90
4
176
1
 62
7
176
1
 62
257
176
1
 90
1
176
1
 90
1
176
1
 40
1.0
176
1
 90
8
176
1
 62
7
176
1
 40
1.0
176
1
 90
1
176
1
 90
6
176
1
 90
2
176
1
 62
7
176
1
 90
5
176
1
 90
0
176
1
 90
0
176
1
290
0
176
1
 90
1
176
1
 40
0.0
176
1
 90
0
176
1
290
0
176
1
290
1
176
1
290
1
176
1
290
0
176
1
290
0
176
1
290
0
176
1
290
0
176
1
290
0
176
1
290
0
176
1
 90
50
176
1
 40
0.0
176
1
 40
1.0
176
1
 90
0
176
1
 62
18
420
0
176
1
 90
50
176
1
 90
3
176
1
 62
5
420
255
176
1
290
0
176
1
 90
50
176
1
 90
50
176
1
 90
50
176
1
290
0
176
1
 90
50
176
1
 62
256
176
0
 40
1.0
176
0
 90
2
176
1
  1
strokes_ogs.tif
176
1
290
0
176
1
 40
1.0
176
1
 40
1.0
176
1
  0
VISUALSTYLE
  5
6F
102
{ACAD_REACTORS
330
16
102
}
330
16
100
AcDbVisualStyle
  2
Sketchy
 70
24
177
3
291
0
 70
58
 90
2
176
1
 90
2
176
1
 90
0
176
1
 90
1
176
1
 40
0.6
176
1
 40
30.0
176
1
 62
7
420
16777215
176
1
 90
1
176
1
 90
4
176
1
 62
7
176
1
 62
257
176
1
 90
1
176
1
 90
1
176
1
 40
1.0
176
1
 90
8
176
1
 62
7
176
1
 40
1.0
176
1
 90
1
176
1
 90
6
176
1
 90
2
176
1
 62
7
176
1
 90
5
176
1
 90
0
176
1
 90
0
176
1
290
0
176
1
 90
1
176
1
 40
0.0
176
1
 90
0
176
1
290
0
176
1
290
1
176
1
290
1
176
1
290
0
176
1
290
0
176
1
290
0
176
1
290
0
176
1
290
0
176
1
290
0
176
1
 90
50
176
1
 40
0.0
176
1
 40
1.0
176
1
 90
0
176
1
 62
18
420
0
176
1
 90
50
176
1
 90
3
176
1
 62
5
420
255
176
1
290
0
176
1
 90
50
176
1
 90
50
176
1
 90
50
176
1
290
0
176
1
 90
50
176
1
 62
256
176
0
 40
1.0
176
0
 90
2
176
1
  1
strokes_ogs.tif
176
1
290
0
176
1
 40
1.0
176
1
 40
1.0
176
1
  0
VISUALSTYLE
  5
70
102
{ACAD_REACTORS
330
16
102
}
330
16
100
AcDbVisualStyle
  2
Thicken
 70
13
177
3
291
1
 70
58
 90
2
176
1
 90
2
176
1
 90
0
176
1
 90
2
176
1
 40
0.6
176
1
 40
30.0
176
1
 62
7
420
16777215
176
1
 90
1
176
1
 90
4
176
1
 62
7
176
1
 62
257
176
1
 90
1
176
1
 90
1
176
1
 40
1.0
176
1
 90
8
176
1
 62
7
176
1
 40
1.0
176
1
 90
1
176
1
 90
6
176
1
 90
2
176
1
 62
7
176
1
 90
5
176
1
 90
0
176
1
 90
0
176
1
290
0
176
1
 90
1
176
1
 40
0.0
176
1
 90
0
176
1
290
0
176
1
290
1
176
1
290
1
176
1
290
0
176
1
290
0
176
1
290
0
176
1
290
0
176
1
290
0
176
1
290
0
176
1
 90
50
176
1
 40
0.0
176
1
 40
1.0
176
1
 90
0
176
1
 62
18
420
0
176
1
 90
50
176
1
 90
3
176
1
 62
5
420
255
176
1
290
0
176
1
 90
50
176
1
 90
50
176
1
 90
50
176
1
290
0
176
1
 90
50
176
1
 62
256
176
0
 40
1.0
176
0
 90
2
176
1
  1
strokes_ogs.tif
176
1
290
0
176
1
 40
1.0
176
1
 40
1.0
176
1
  0
VISUALSTYLE
  5
71
102
{ACAD_REACTORS
330
16
102
}
330
16
100
AcDbVisualStyle
  2
Wireframe
 70
5
177
3
291
0
 70
58
 90
2
176
1
 90
2
176
1
 90
0
176
1
 90
0
176
1
 40
0.6
176
1
 40
30.0
176
1
 62
7
420
16777215
176
1
 90
1
176
1
 90
4
176
1
 62
7
176
1
 62
257
176
1
 90
1
176
1
 90
1
176
1
 40
1.0
176
1
 90
8
176
1
 62
7
176
1
 40
1.0
176
1
 90
1
176
1
 90
6
176
1
 90
2
176
1
 62
7
176
1
 90
5
176
1
 90
0
176
1
 90
0
176
1
290
0
176
1
 90
1
176
1
 40
0.0
176
1
 90
0
176
1
290
0
176
1
290
1
176
1
290
1
176
1
290
0
176
1
290
0
176
1
290
0
176
1
290
0
176
1
290
0
176
1
290
0
176
1
 90
50
176
1
 40
0.0
176
1
 40
1.0
176
1
 90
0
176
1
 62
18
420
0
176
1
 90
50
176
1
 90
3
176
1
 62
5
420
255
176
1
290
0
176
1
 90
50
176
1
 90
50
176
1
 90
50
176
1
290
0
176
1
 90
50
176
1
 62
256
176
0
 40
1.0
176
0
 90
2
176
1
  1
strokes_ogs.tif
176
1
290
0
176
1
 40
1.0
176
1
 40
1.0
176
1
  0
VISUALSTYLE
  5
72
102
{ACAD_REACTORS
330
16
102
}
330
16
100
AcDbVisualStyle
  2
X-Ray
 70
25
177
3
291
0
 70
58
 90
2
176
1
 90
2
176
1
 90
0
176
1
 90
2
176
1
 40
0.5
176
1
 40
30.0
176
1
 62
7
420
16777215
176
1
 90
1
176
1
 90
4
176
1
 62
7
176
1
 62
257
176
1
 90
1
176
1
 90
1
176
1
 40
1.0
176
1
 90
8
176
1
 62
7
176
1
 40
1.0
176
1
 90
1
176
1
 90
6
176
1
 90
2
176
1
 62
7
176
1
 90
5
176
1
 90
0
176
1
 90
0
176
1
290
0
176
1
 90
1
176
1
 40
0.0
176
1
 90
0
176
1
290
0
176
1
290
1
176
1
290
1
176
1
290
0
176
1
290
0
176
1
290
0
176
1
290
0
176
1
290
0
176
1
290
0
176
1
 90
50
176
1
 40
0.0
176
1
 40
1.0
176
1
 90
0
176
1
 62
18
420
0
176
1
 90
50
176
1
 90
3
176
1
 62
5
420
255
176
1
290
0
176
1
 90
50
176
1
 90
50
176
1
 90
50
176
1
290
0
176
1
 90
50
176
1
 62
256
176
0
 40
1.0
176
0
 90
2
176
1
  1
strokes_ogs.tif
176
1
290
0
176
1
 40
1.0
176
1
 40
1.0
176
1
  0
DICTIONARYVAR
  5
7EE
330
2D
100
DictionaryVariables
280
0
  1
1.4.4 @ 2026-10-06T17:39:38.971409+00:00
  0
ENDSEC
  0
EOF
